{"SRW": {"rate-1": 0.02515409649416343, "rate-5": 0.01284363506649441, "rate-10": 0.009290808167087385, "rate-20": 0.007619374655229317}, "RPS": {"rate-1": 0.004156810651235714, "rate-5": 0.004530854662143352, "rate-10": 0.0039183260624065545, "rate-20": 0.0039262978515284255}, "ISRW": {"rate-1": 0.027773728643916997, "rate-5": 0.012455331528149819, "rate-10": 0.009238440547272965, "rate-20": 0.007143945655189815}, "FF": {"rate-1": 0.029668492123895805, "rate-5": 0.013203109954450702, "rate-10": 0.00905818794092223, "rate-20": 0.009573668980112571}, "TIES": {"rate-1": 0.026870114189509752, "rate-5": 0.012162255231785756, "rate-10": 0.009096220987412085, "rate-20": 0.007049969350655534}, "OUR": {"rate-1": 0.03548941158483415, "rate-5": 0.015910181888250188, "rate-10": 0.01118395109930914, "rate-20": 0.008156711921142062, "rate-100": 0.004146020220261524}}