{"SRW": {"rate-1": 0.3224228696858522, "rate-5": 0.30880670931743653, "rate-10": 0.30182998410169914, "rate-20": 0.299851602668029}, "RPS": {"rate-1": 0.2795810774082869, "rate-5": 0.2848645641814342, "rate-10": 0.2814920470958113, "rate-20": 0.2811606301883305}, "ISRW": {"rate-1": 0.32396141291565467, "rate-5": 0.3063262355151567, "rate-10": 0.3007129453897136, "rate-20": 0.29550246266867347}, "FF": {"rate-1": 0.3427920042616542, "rate-5": 0.30564874705034456, "rate-10": 0.2999815250182909, "rate-20": 0.3161321004014525}, "TIES": {"rate-1": 0.31672729089239027, "rate-5": 0.30475991097689886, "rate-10": 0.29842378198767744, "rate-20": 0.29481764964875895}, "OUR": {"rate-1": 0.348011136240511, "rate-5": 0.3255281548036016, "rate-10": 0.31554796548279757, "rate-20": 0.30613533955824157, "rate-100": 0.2821690539570174}}