{"SRW": {"rate-1": 144.90816082877137, "rate-5": 94.71097251729697, "rate-10": 71.10154080743189, "rate-20": 59.06008821705344}, "RPS": {"rate-1": 89.48334835947117, "rate-5": 116.21028699665656, "rate-10": 135.28091874296047, "rate-20": 147.92167025964918}, "ISRW": {"rate-1": 133.7801648440223, "rate-5": 54.96652837888483, "rate-10": 37.11251550164224, "rate-20": 45.18084040105592}, "FF": {"rate-1": 80.36596699870161, "rate-5": 45.368275771225036, "rate-10": 41.87548626301899, "rate-20": 57.07318522334965}, "TIES": {"rate-1": 88.75172604781571, "rate-5": 48.976740898070126, "rate-10": 40.424641517423794, "rate-20": 32.208977360410124}, "OUR": {"rate-1": 57.48346930460396, "rate-5": 39.19612465785626, "rate-10": 37.01582041293186, "rate-20": 27.154890028475567, "rate-100": 0.0}}