{"SRW": {"rate-1": 0.010041575218667293, "rate-5": 0.0031609624179655873, "rate-10": 0.0017901612025893036, "rate-20": 0.0010055544011227876}, "RPS": {"rate-1": 0.00014543519116548906, "rate-5": 0.0003082316980915219, "rate-10": 0.00012388634812856355, "rate-20": 0.0001283490205211676}, "ISRW": {"rate-1": 0.009594392294025238, "rate-5": 0.00316519467538047, "rate-10": 0.00177545420131827, "rate-20": 0.0010095494547544845}, "FF": {"rate-1": 0.009149718584918767, "rate-5": 0.003488469571800013, "rate-10": 0.0019348451294275884, "rate-20": 0.0009910440887387977}, "TIES": {"rate-1": 0.011676084501167892, "rate-5": 0.0034133949043459867, "rate-10": 0.0019409957959066958, "rate-20": 0.0010646853298537443}, "OUR": {"rate-1": 0.014678095154823429, "rate-5": 0.003972975739965446, "rate-10": 0.0021350692692140177, "rate-20": 0.0011276829171480913, "rate-100": 0.0002349058737435769}}