{"SRW": {"rate-1": 0.8935639496015717, "rate-5": 0.928054178827039, "rate-10": 0.9558077776610345, "rate-20": 0.9863116920817427}, "RPS": {"rate-1": 0.9639792045842814, "rate-5": 0.9939448935862482, "rate-10": 0.9973567619182491, "rate-20": 0.9986068138583939}, "ISRW": {"rate-1": 0.8886986494707017, "rate-5": 0.9044098336611184, "rate-10": 0.9842628532483543, "rate-20": 0.9469171382900569}, "FF": {"rate-1": 0.9332448813629869, "rate-5": 0.6060062514617528, "rate-10": 0.655861211773987, "rate-20": 0.9414802536300947}, "TIES": {"rate-1": 0.8504907888542204, "rate-5": 0.9382308684869942, "rate-10": 0.9272840412769405, "rate-20": 0.9725030311298581}, "OUR": {"rate-1": 0.9644939128480166, "rate-5": 0.9776095640551867, "rate-10": 0.9884243331508621, "rate-20": 0.9936992519988663, "rate-100": 1.0}}