{"0": 0.5306805756782779, "1": 0.5228162552995158, "2": 0.5168954697047679, "3": 0.5132245547525934, "4": 0.5245663164381538, "5": 0.5304842462549318, "6": 0.5297543523383562, "7": 0.5305397543834449, "8": 0.5301826340596013, "9": 0.5235400929981372, "10": 0.5301967781745115, "11": 0.5270821654722755, "12": 0.5306152277996684, "13": 0.5304842462549318, "14": 0.5299237379740649, "15": 0.5243266031327171, "16": 0.5306734167239036, "17": 0.5275254343070392, "18": 0.5301967781745115, "19": 0.5224495048563699, "20": 0.5163871205878868, "21": 0.5302266626977367, "22": 0.5301967781745115, "23": 0.5175194203655905, "24": 0.5203753669654867, "25": 0.5283208335737187, "26": 0.5262643357640808, "27": 0.5163871205878868, "28": 0.5163871205878868, "29": 0.5305378900511233, "30": 0.5283208335737187, "31": 0.5, "32": 0.5175194203655905, "33": 0.5287712379549449}