{"0": 0.48501780976619047, "1": 0.5009361776148763, "2": 0.5274430955886888, "3": 0.41452388625161846, "4": 0.5247524717377992, "5": 0.417112136951161, "6": 0.49963112801656145, "7": 0.5016331885847916, "8": 0.4854473076398096, "9": 0.4808918229359562, "10": 0.47903806947951855, "11": 0.511391343471588, "12": 0.46438561897747244, "13": 0.48358683794524554, "14": 0.4770796995937216, "15": 0.4919784756382382, "16": 0.4817676091450128, "17": 0.5013889975517386, "18": 0.49895281358641264, "19": 0.5223238799128636, "20": 0.2719539230041146, "21": 0.46759286516273857, "22": 0.47861605677601093, "23": 0.49681413899147003, "24": 0.46645866530932323, "25": 0.47146550121537373, "26": 0.430827083453526, "27": 0.40105070315108626, "28": 0.384068379113763, "29": 0.4832316552688039, "30": 0.4154522643293988, "31": 0.375, "32": 0.26045937304056793, "33": 0.46438561897747244}