{"0": 0.5302037075399854, "1": 0.5307348161090437, "2": 0.5286204500602936, "3": 0.49062112492975146, "4": 0.5299939781008483, "5": 0.523879446316115, "6": 0.528564400072991, "7": 0.5283208335737187, "8": 0.5281690836424321, "9": 0.5242382436928315, "10": 0.5305810809042313, "11": 0.530503969174618, "12": 0.5306152277996684, "13": 0.5283208335737187, "14": 0.5223968907562601, "15": 0.5305609756467609, "16": 0.5307376546491144, "17": 0.5289844332558742, "18": 0.5294377094329334, "19": 0.5299345934111349, "20": 0.2719539230041146, "21": 0.5133324740430417, "22": 0.5262466911497896, "23": 0.49681413899147003, "24": 0.5163871205878868, "25": 0.5262643357640808, "26": 0.5262643357640808, "27": 0.5238824662870492, "28": 0.4929498399741424, "29": 0.5211834490542115, "30": 0.5232122209664899, "31": 0.5, "32": 0.46438561897747244, "33": 0.5287712379549449}