{"0": 0.5283571316286401, "1": 0.5206787530497826, "2": 0.5207775817255893, "3": 0.5112188503407658, "4": 0.5299939781008483, "5": 0.5306712934366388, "6": 0.5291065208243116, "7": 0.5289124497946797, "8": 0.5307283799168728, "9": 0.5306218525998244, "10": 0.5305810809042313, "11": 0.5301410588221422, "12": 0.526033980727912, "13": 0.5257338068891719, "14": 0.530376461826427, "15": 0.5275998850671929, "16": 0.5293711017267543, "17": 0.5275254343070392, "18": 0.5291680906767726, "19": 0.5089319005050813, "20": 0.2719539230041146, "21": 0.5268162683578479, "22": 0.5303903988087071, "23": 0.5240660986624219, "24": 0.5283208335737187, "25": 0.453604420887072, "26": 0.5262643357640808, "27": 0.5238824662870492, "28": 0.5203753669654867, "29": 0.5307374170563832, "30": 0.5150173487813964, "31": 0.5, "32": 0.49681413899147003, "33": 0.46438561897747244}