{"0": 0.4704355972598683, "1": 0.4650057320606999, "2": 0.5060726981027723, "3": 0.36644772037155005, "4": 0.5033059735782377, "5": 0.3681790088187893, "6": 0.4564525296604786, "7": 0.4498913957389788, "8": 0.44317956153481963, "9": 0.4808918229359562, "10": 0.503454903583304, "11": 0.4608425991473173, "12": 0.3670672426864282, "13": 0.4702796884978791, "14": 0.44371158443605596, "15": 0.436844526642242, "16": 0.4544510568918762, "17": 0.47844924349107576, "18": 0.4024962579087417, "19": 0.4388803401838283, "20": 0.2719539230041146, "21": 0.4081314818019953, "22": 0.4276096979065617, "23": 0.48220555587606945, "24": 0.44382621913754317, "25": 0.47146550121537373, "26": 0.430827083453526, "27": 0.40105070315108626, "28": 0.32307784978845333, "29": 0.43021761884076476, "30": 0.21976421635191018, "31": 0.375, "32": 0.19963791539243, "33": 0.46438561897747244}