{"0": 0.43030744913378727, "1": 0.4023674883726107, "2": 0.4704355972598683, "3": 0.33309031528873, "4": 0.436239314569178, "5": 0.417112136951161, "6": 0.3795721583251247, "7": 0.4374747404874074, "8": 0.4237718407057942, "9": 0.4426195420846026, "10": 0.3799325799967802, "11": 0.4073805570216312, "12": 0.4941344853728565, "13": 0.417112136951161, "14": 0.3992423439553999, "15": 0.4157986808475443, "16": 0.38223813532477696, "17": 0.41883823030542816, "18": 0.4090936128416053, "19": 0.47861605677601093, "20": 0.40105070315108626, "21": 0.39555512591040976, "22": 0.31326449045128824, "23": 0.3522138890491458, "24": 0.33441980884513783, "25": 0.375, "26": 0.29874687506009634, "27": 0.40105070315108626, "28": 0.32307784978845333, "29": 0.41075146893605147, "30": 0.21976421635191018, "32": 0.4175886048867665, "33": 0.46438561897747244}