{"0": 0.3011679515426334, "1": 0.20603632912241437, "2": 0.2863004572270747, "3": 0.22357513228650447, "4": 0.225867748811759, "5": 0.16751658603888178, "6": 0.1968532682332679, "7": 0.2091579725132743, "8": 0.1985688505021321, "9": 0.19523263703690458, "10": 0.18078614300542664, "11": 0.23032446572225718, "12": 0.185754247590989, "13": 0.2660676548363843, "14": 0.2629754288126998, "15": 0.20612136458044888, "16": 0.22753801976372703, "17": 0.1528604278593471, "18": 0.1598127842060282, "19": 0.3063966918310446, "20": 0.2719539230041146, "21": 0.10657199078080497, "22": 0.15212939817659576, "23": 0.12204117991843723, "24": 0.17169124721634302, "25": 0.19104010419671483, "28": 0.2091579725132743, "29": 0.14722314571697365, "32": 0.12204117991843723}