{"0": 0.48308149415384355, "1": 0.4683024993575316, "2": 0.5099119445329611, "3": 0.3814197799414842, "4": 0.498426036283754, "5": 0.3681790088187893, "6": 0.4671335021257696, "7": 0.4807498221103749, "8": 0.4587025007675519, "9": 0.4426195420846026, "10": 0.3985343154163392, "11": 0.48703813214004754, "12": 0.5142203549607939, "13": 0.4875897473474405, "14": 0.46438561897747244, "15": 0.4618347236801041, "16": 0.449152611108341, "17": 0.49561069560204934, "18": 0.4694950808089988, "19": 0.5299345934111349, "20": 0.5163871205878868, "21": 0.430827083453526, "22": 0.4196066978543879, "23": 0.4175886048867665, "24": 0.4556795091007162, "25": 0.430827083453526, "26": 0.430827083453526, "27": 0.40105070315108626, "28": 0.36552253903469023, "29": 0.42270968964183603, "30": 0.4447777199392951, "32": 0.3522138890491458, "33": 0.46438561897747244}