{"0": 0.5307378434113666, "1": 0.524085082329732, "2": 0.5205977306292945, "3": 0.5168809195614443, "4": 0.5240912109840495, "5": 0.5291661706659114, "6": 0.5288029770099428, "7": 0.5306927690367161, "8": 0.5298199606136552, "9": 0.5290234941898454, "10": 0.5297935557803469, "11": 0.5255106936514026, "12": 0.42301699036395596, "13": 0.5306748240420562, "14": 0.5293436449655198, "15": 0.5270343906872882, "16": 0.5272567566352824, "17": 0.5237226420962736, "18": 0.5302586230305373, "19": 0.5089319005050813, "20": 0.4762269474292389, "21": 0.5294542875164555, "22": 0.5268783167393472, "23": 0.5283208335737187, "24": 0.5184688771102026, "25": 0.515868320955102, "26": 0.5283208335737187, "27": 0.5238824662870492, "28": 0.5203753669654867, "29": 0.5296938825401539, "30": 0.5301967781745115, "31": 0.375, "32": 0.48220555587606945, "33": 0.5287712379549449}