{"0": 0.22875793776326162, "1": 0.2016081799053356, "2": 0.2785478611438864, "3": 0.22357513228650447, "4": 0.21960183209295117, "5": 0.16751658603888178, "6": 0.18861159572732283, "7": 0.217805142517807, "8": 0.21722773072929905, "9": 0.19523263703690458, "10": 0.28464920908777636, "11": 0.19161629626233317, "12": 0.185754247590989, "13": 0.3165925053654003, "14": 0.23119592712776335, "15": 0.19523263703690458, "16": 0.21217896287387028, "17": 0.20270143721078623, "18": 0.21502272623526578, "19": 0.38329558113076395, "20": 0.2719539230041146, "21": 0.20522960218870862, "22": 0.11315797672528995, "23": 0.26045937304056793, "24": 0.17169124721634302, "25": 0.29874687506009634, "28": 0.07609901693784238, "29": 0.21929808802211465, "32": 0.12204117991843723}