{"0": 0.5033091436227904, "1": 0.5010973076102999, "2": 0.5284795680636942, "3": 0.41452388625161846, "4": 0.5135822244095378, "5": 0.48358683794524554, "6": 0.4988858246184293, "7": 0.5, "8": 0.4897190449961033, "9": 0.4984809426470261, "10": 0.48818705017383146, "11": 0.4968429976309026, "12": 0.5142203549607939, "13": 0.5015777160764539, "14": 0.48818705017383146, "15": 0.487253634254724, "16": 0.4734767049973432, "17": 0.49561069560204934, "18": 0.48649829942264966, "19": 0.5224495048563699, "20": 0.2719539230041146, "21": 0.4751896996337822, "22": 0.48354560672442237, "23": 0.46438561897747244, "24": 0.4556795091007162, "25": 0.5184688771102026, "26": 0.430827083453526, "27": 0.5163871205878868, "28": 0.44382621913754317, "29": 0.47604884020388083, "30": 0.4688004551512304, "31": 0.375, "32": 0.48220555587606945, "33": 0.46438561897747244}