{"0": 0.5111117338061276, "1": 0.521098349033515, "2": 0.5306260410393324, "3": 0.44221298257761493, "4": 0.5270135257811246, "5": 0.5189449761364302, "6": 0.5197211108303711, "7": 0.5152793820611374, "8": 0.5097039458555761, "9": 0.5180142509839053, "10": 0.5261365477844627, "11": 0.5267638611031255, "12": 0.5306152277996684, "13": 0.5189449761364302, "14": 0.5165469230865356, "15": 0.5233536340965222, "16": 0.5022121762995552, "17": 0.5245451474795431, "18": 0.5091137490009079, "19": 0.5296840257187958, "20": 0.2719539230041146, "21": 0.5093545250374166, "22": 0.49254874041215063, "23": 0.48220555587606945, "24": 0.4891053151949046, "25": 0.5184688771102026, "26": 0.29874687506009634, "27": 0.40105070315108626, "28": 0.5, "29": 0.5078060431105833, "30": 0.5150173487813964, "31": 0.5306390622295665, "32": 0.3103869418959711, "33": 0.46438561897747244}