{"0": 0.32858203011017006, "1": 0.3154107297157056, "2": 0.3985101526813247, "3": 0.2727608997468204, "4": 0.39754427128774505, "5": 0.22101819798653874, "6": 0.3120635902250807, "7": 0.31720760263139414, "8": 0.29902786352142585, "9": 0.33620104653561544, "10": 0.3594781404715311, "11": 0.33466383356114426, "12": 0.185754247590989, "13": 0.3858952610069509, "14": 0.3407148438973115, "15": 0.28088846476723645, "16": 0.31646819744606236, "17": 0.3144937835124816, "18": 0.26127347447107063, "19": 0.38329558113076395, "20": 0.2719539230041146, "21": 0.27813981497507173, "22": 0.26100826617463163, "23": 0.19963791539243, "24": 0.33441980884513783, "25": 0.29874687506009634, "26": 0.430827083453526, "28": 0.17169124721634302, "29": 0.29817590207213956, "30": 0.13552313381698072, "32": 0.19963791539243, "33": 0.46438561897747244}