{"0": 0.5003782978319629, "1": 0.4970915740756455, "2": 0.525059620992451, "3": 0.4370699937942035, "4": 0.5219215944649217, "5": 0.49497870729275095, "6": 0.5078040524345974, "7": 0.4850405747305752, "8": 0.4710879738956565, "9": 0.48846475497556524, "10": 0.47903806947951855, "11": 0.5173996445676297, "12": 0.29150849518197797, "13": 0.5074227059219477, "14": 0.48818705017383146, "15": 0.5043087252611291, "16": 0.49278807050095497, "17": 0.506584236872742, "18": 0.49456116395796884, "19": 0.5299345934111349, "20": 0.5305095811322292, "21": 0.4751896996337822, "22": 0.4811173866870134, "23": 0.49681413899147003, "24": 0.4762269474292389, "25": 0.5184688771102026, "26": 0.29874687506009634, "27": 0.5163871205878868, "28": 0.4850405747305752, "29": 0.4785105699245846, "30": 0.4154522643293988, "31": 0.5, "32": 0.26045937304056793, "33": 0.46438561897747244}