{"0": 0.3011679515426334, "1": 0.19529150862107872, "2": 0.2832258236021718, "3": 0.19539190036242648, "4": 0.249643803908996, "5": 0.2660676548363843, "6": 0.16234161769117306, "7": 0.217805142517807, "8": 0.1985688505021321, "9": 0.1402481375328137, "10": 0.18078614300542664, "11": 0.23629697796893256, "13": 0.23683996557249232, "14": 0.21387302931277868, "15": 0.17212162067891845, "16": 0.2938776376952265, "17": 0.23166250008012845, "18": 0.21502272623526578, "19": 0.38329558113076395, "20": 0.2719539230041146, "21": 0.143609027817842, "22": 0.12681112797653346, "23": 0.12204117991843723, "24": 0.22619959400016681, "25": 0.19104010419671483, "27": 0.40105070315108626, "28": 0.17169124721634302, "29": 0.14722314571697365, "30": 0.13552313381698072, "32": 0.12204117991843723}