{"0": 0.4810972377292797, "1": 0.4567145223745517, "2": 0.5086724470172873, "3": 0.36644772037155005, "4": 0.4872590736714179, "5": 0.22101819798653874, "6": 0.46251359122860375, "7": 0.4611992203147031, "8": 0.43813832676352055, "9": 0.47256186611605133, "10": 0.3985343154163392, "11": 0.4722154702669535, "12": 0.42301699036395596, "13": 0.46026633480658175, "14": 0.4559574616824443, "15": 0.47400436374757504, "16": 0.4992416065142042, "17": 0.48579625539771254, "18": 0.4585613825159456, "19": 0.5057215970441366, "20": 0.2719539230041146, "21": 0.3820875566803898, "22": 0.4388803401838283, "23": 0.4175886048867665, "24": 0.46645866530932323, "25": 0.47146550121537373, "26": 0.29874687506009634, "27": 0.40105070315108626, "28": 0.4556795091007162, "29": 0.42270968964183603, "30": 0.48818705017383146, "31": 0.375, "32": 0.3875854127478025, "33": 0.46438561897747244}