{"0": 0.5225490709754446, "1": 0.5307123492169055, "2": 0.5273719201650364, "3": 0.4841158046839834, "4": 0.5307056707318593, "5": 0.48358683794524554, "6": 0.5294965943761024, "7": 0.5294200826218878, "8": 0.5222111160118889, "9": 0.5283208335737187, "10": 0.5290690149068791, "11": 0.5301163427071431, "12": 0.5306152277996684, "13": 0.5304731350496258, "14": 0.5176383485735042, "15": 0.5302652789275998, "16": 0.5305237354053741, "17": 0.5305670431354539, "18": 0.5291680906767726, "19": 0.5296840257187958, "20": 0.2719539230041146, "21": 0.5, "22": 0.5248321248057658, "23": 0.5304366564727733, "24": 0.5141264454866238, "25": 0.5283208335737187, "26": 0.5, "27": 0.5238824662870492, "28": 0.5163871205878868, "29": 0.5211834490542115, "30": 0.503454903583304, "31": 0.5, "32": 0.44299610601416445, "33": 0.5287712379549449}