{"0": 0.3624386223980053, "1": 0.325284419915301, "2": 0.41472574173425714, "3": 0.26124430114988473, "4": 0.3601934513657079, "5": 0.22101819798653874, "6": 0.27461502355613954, "7": 0.31720760263139414, "8": 0.36909389063665554, "9": 0.3552885438436274, "10": 0.28464920908777636, "11": 0.3305314814829423, "12": 0.185754247590989, "13": 0.33858812011100853, "14": 0.3233633462258375, "15": 0.28897194713341073, "16": 0.2938776376952265, "17": 0.3244805708388104, "18": 0.3061720977801614, "19": 0.38329558113076395, "20": 0.2719539230041146, "21": 0.3522138890491458, "22": 0.2526602309509561, "23": 0.19963791539243, "24": 0.29874687506009634, "25": 0.375, "27": 0.5163871205878868, "28": 0.29874687506009634, "29": 0.31154821053195014, "30": 0.28464920908777636, "32": 0.19963791539243, "33": 0.46438561897747244}