{"0": 0.33876003296235924, "1": 0.32923968023198724, "2": 0.41299605361158614, "3": 0.32396469255440385, "4": 0.32839679445115677, "5": 0.3048321465724319, "6": 0.29542899620398605, "7": 0.30504689405322755, "8": 0.32161154513867807, "9": 0.33620104653561544, "10": 0.28464920908777636, "11": 0.38585787114745324, "12": 0.42301699036395596, "13": 0.3942042751900099, "14": 0.3233633462258375, "15": 0.2639701869868331, "16": 0.337219594564226, "17": 0.34332233910766585, "18": 0.3615439635532643, "19": 0.3063966918310446, "20": 0.2719539230041146, "21": 0.1761069445245729, "22": 0.2526602309509561, "23": 0.26045937304056793, "24": 0.3452563308574766, "25": 0.29874687506009634, "26": 0.29874687506009634, "28": 0.36552253903469023, "29": 0.29817590207213956, "30": 0.21976421635191018, "32": 0.3522138890491458, "33": 0.46438561897747244}