{"0": 0.4393916081252469, "1": 0.4094159100643776, "2": 0.46757134810278417, "3": 0.35037002415573687, "4": 0.44106120275848437, "5": 0.454897295541259, "6": 0.3874565937959749, "7": 0.3504939586742351, "8": 0.39732954679006083, "9": 0.4534712515898241, "10": 0.4154522643293988, "11": 0.44594209598936596, "12": 0.42301699036395596, "13": 0.430827083453526, "14": 0.4115375911576302, "15": 0.37569656029013526, "16": 0.39786208271219314, "17": 0.4124948521925896, "18": 0.3921344846778708, "19": 0.5223238799128636, "20": 0.40105070315108626, "21": 0.4198724003289185, "22": 0.3328205095574836, "23": 0.44299610601416445, "24": 0.3556155254605257, "25": 0.19104010419671483, "26": 0.430827083453526, "27": 0.5163871205878868, "28": 0.24228507904115462, "29": 0.31154821053195014, "30": 0.3799325799967802, "31": 0.375, "32": 0.3522138890491458, "33": 0.46438561897747244}