{"0": 0.5305011877957898, "1": 0.5307055979655985, "2": 0.5254571205805191, "3": 0.4841158046839834, "4": 0.5289293952970232, "5": 0.5274313129654439, "6": 0.5304025867286171, "7": 0.5307351724303386, "8": 0.5217714235278227, "9": 0.5265381340321009, "10": 0.5096766758686314, "11": 0.5306507118025205, "12": 0.5142203549607939, "13": 0.5304731350496258, "14": 0.5266316645422089, "15": 0.5296030317791076, "16": 0.5277799540549134, "17": 0.5289844332558742, "18": 0.527826371892212, "19": 0.5296840257187958, "20": 0.4762269474292389, "21": 0.5093545250374166, "22": 0.5213825150774539, "23": 0.5283208335737187, "24": 0.5090529445845765, "25": 0.5283208335737187, "26": 0.430827083453526, "27": 0.4613456697472024, "28": 0.5263167601977723, "29": 0.5181546415743992, "30": 0.5305810809042313, "31": 0.375, "32": 0.44299610601416445, "33": 0.46438561897747244}