{"0": 0.5193266078294615, "1": 0.5242359761708146, "2": 0.5305362546602099, "3": 0.46096694844964003, "4": 0.5287242788593013, "5": 0.523879446316115, "6": 0.52412268253164, "7": 0.5174501318969892, "8": 0.5117707964268964, "9": 0.506978491304561, "10": 0.5307078908757129, "11": 0.5249665914609938, "12": 0.526033980727912, "13": 0.523879446316115, "14": 0.5060520695419686, "15": 0.5296030317791076, "16": 0.5202767355921128, "17": 0.526660725682298, "18": 0.5067787862041326, "19": 0.5299345934111349, "20": 0.2719539230041146, "21": 0.5133324740430417, "22": 0.4985838623214631, "23": 0.49681413899147003, "24": 0.5141264454866238, "25": 0.5283208335737187, "26": 0.29874687506009634, "27": 0.5163871205878868, "28": 0.5163871205878868, "29": 0.5170444650296003, "30": 0.4447777199392951, "31": 0.375, "32": 0.26045937304056793, "33": 0.46438561897747244}