{"0": 0.5144767840408159, "1": 0.5235869563773242, "2": 0.5306454242493904, "3": 0.4317352345921391, "4": 0.5290020187911566, "5": 0.4702796884978791, "6": 0.5192999641555746, "7": 0.5174501318969892, "8": 0.5137201259670015, "9": 0.5242382436928315, "10": 0.5305810809042313, "11": 0.5239352335237646, "12": 0.5306152277996684, "13": 0.5125464814145027, "14": 0.5103632537123376, "15": 0.5258298257949402, "16": 0.5297752079623999, "17": 0.5112188503407658, "18": 0.5113161157577267, "19": 0.47861605677601093, "20": 0.5163871205878868, "21": 0.5049158541015204, "22": 0.5040319909021628, "23": 0.5283208335737187, "24": 0.4850405747305752, "25": 0.5283208335737187, "26": 0.29874687506009634, "27": 0.5163871205878868, "28": 0.4929498399741424, "29": 0.5107136498963831, "30": 0.503454903583304, "31": 0.375, "32": 0.3103869418959711, "33": 0.46438561897747244}