{"0": 0.42393078748065643, "1": 0.40156709124583706, "2": 0.4726687406959672, "3": 0.33309031528873, "4": 0.4207539879327149, "5": 0.3681790088187893, "6": 0.3835528290119482, "7": 0.4089972072922672, "8": 0.39732954679006083, "9": 0.430827083453526, "10": 0.3799325799967802, "11": 0.4365846011837798, "12": 0.3670672426864282, "13": 0.454897295541259, "14": 0.4371344467940305, "15": 0.4017481314611936, "16": 0.41228509771266936, "17": 0.44716938520678134, "18": 0.3885519117212976, "19": 0.4388803401838283, "20": 0.2719539230041146, "21": 0.3522138890491458, "22": 0.3328205095574836, "23": 0.3522138890491458, "24": 0.375, "25": 0.375, "26": 0.29874687506009634, "27": 0.5163871205878868, "28": 0.4166001209558296, "29": 0.4148329221027162, "30": 0.28464920908777636, "32": 0.19963791539243, "33": 0.46438561897747244}