{"0": {"num": 20, "community_belong": {"0": {"num": 20, "%": 0.05449591280653951}}}, "1": {"num": 153, "community_belong": {"1": {"num": 153, "%": 0.04509283819628647}}}, "2": {"num": 109, "community_belong": {"2": {"num": 109, "%": 0.07425068119891008}}}, "3": {"num": 11, "community_belong": {"3": {"num": 11, "%": 0.05263157894736842}}}, "4": {"num": 23, "community_belong": {"4": {"num": 23, "%": 0.051224944320712694}}}, "5": {"num": 2, "community_belong": {"5": {"num": 2, "%": 0.034482758620689655}}}, "6": {"num": 31, "community_belong": {"6": {"num": 31, "%": 0.040897097625329816}}}, "7": {"num": 17, "community_belong": {"7": {"num": 17, "%": 0.050595238095238096}}}, "8": {"num": 32, "community_belong": {"8": {"num": 32, "%": 0.050393700787401574}}}, "9": {"num": 8, "community_belong": {"9": {"num": 8, "%": 0.043010752688172046}}}, "10": {"num": 6, "community_belong": {"10": {"num": 6, "%": 0.07692307692307693}}}, "11": {"num": 19, "community_belong": {"11": {"num": 19, "%": 0.04185022026431718}}}, "12": {"num": 1, "community_belong": {"12": {"num": 1, "%": 0.04}}}, "13": {"num": 16, "community_belong": {"13": {"num": 16, "%": 0.09195402298850575}}}, "14": {"num": 18, "community_belong": {"14": {"num": 18, "%": 0.055384615384615386}}}, "15": {"num": 12, "community_belong": {"15": {"num": 12, "%": 0.043010752688172046}}}, "16": {"num": 9, "community_belong": {"16": {"num": 9, "%": 0.04864864864864865}}}, "17": {"num": 9, "community_belong": {"17": {"num": 9, "%": 0.045454545454545456}}}, "18": {"num": 20, "community_belong": {"18": {"num": 20, "%": 0.04962779156327544}}}, "19": {"num": 3, "community_belong": {"19": {"num": 3, "%": 0.13043478260869565}}}, "20": {"num": 1, "community_belong": {"20": {"num": 1, "%": 0.07142857142857142}}}, "21": {"num": 5, "community_belong": {"21": {"num": 5, "%": 0.046296296296296294}}}, "22": {"num": 6, "community_belong": {"22": {"num": 6, "%": 0.020066889632107024}}}, "23": {"num": 3, "community_belong": {"23": {"num": 3, "%": 0.06666666666666667}}}, "24": {"num": 6, "community_belong": {"24": {"num": 6, "%": 0.03571428571428571}}}, "25": {"num": 2, "community_belong": {"25": {"num": 2, "%": 0.08333333333333333}}}, "28": {"num": 1, "community_belong": {"28": {"num": 1, "%": 0.011904761904761904}}}, "29": {"num": 16, "community_belong": {"29": {"num": 16, "%": 0.051118210862619806}}}, "32": {"num": 1, "community_belong": {"32": {"num": 1, "%": 0.022222222222222223}}}}