{"0": {"num": 131, "community_belong": {"0": {"num": 131, "%": 0.3569482288828338}}}, "1": {"num": 1262, "community_belong": {"1": {"num": 1262, "%": 0.3719422340111995}}}, "2": {"num": 618, "community_belong": {"2": {"num": 618, "%": 0.4209809264305177}}}, "3": {"num": 47, "community_belong": {"3": {"num": 47, "%": 0.22488038277511962}}}, "4": {"num": 179, "community_belong": {"4": {"num": 179, "%": 0.3986636971046771}}}, "5": {"num": 19, "community_belong": {"5": {"num": 19, "%": 0.3275862068965517}}}, "6": {"num": 269, "community_belong": {"6": {"num": 269, "%": 0.3548812664907652}}}, "7": {"num": 124, "community_belong": {"7": {"num": 124, "%": 0.36904761904761907}}}, "8": {"num": 192, "community_belong": {"8": {"num": 192, "%": 0.30236220472440944}}}, "9": {"num": 60, "community_belong": {"9": {"num": 60, "%": 0.3225806451612903}}}, "10": {"num": 21, "community_belong": {"10": {"num": 21, "%": 0.2692307692307692}}}, "11": {"num": 164, "community_belong": {"11": {"num": 164, "%": 0.36123348017621143}}}, "12": {"num": 7, "community_belong": {"12": {"num": 7, "%": 0.28}}}, "13": {"num": 62, "community_belong": {"13": {"num": 62, "%": 0.3563218390804598}}}, "14": {"num": 105, "community_belong": {"14": {"num": 105, "%": 0.3230769230769231}}}, "15": {"num": 96, "community_belong": {"15": {"num": 96, "%": 0.34408602150537637}}}, "16": {"num": 61, "community_belong": {"16": {"num": 61, "%": 0.32972972972972975}}}, "17": {"num": 67, "community_belong": {"17": {"num": 67, "%": 0.3383838383838384}}}, "18": {"num": 133, "community_belong": {"18": {"num": 133, "%": 0.33002481389578164}}}, "19": {"num": 9, "community_belong": {"19": {"num": 9, "%": 0.391304347826087}}}, "20": {"num": 3, "community_belong": {"20": {"num": 3, "%": 0.21428571428571427}}}, "21": {"num": 29, "community_belong": {"21": {"num": 29, "%": 0.26851851851851855}}}, "22": {"num": 90, "community_belong": {"22": {"num": 90, "%": 0.3010033444816054}}}, "23": {"num": 15, "community_belong": {"23": {"num": 15, "%": 0.3333333333333333}}}, "24": {"num": 45, "community_belong": {"24": {"num": 45, "%": 0.26785714285714285}}}, "25": {"num": 8, "community_belong": {"25": {"num": 8, "%": 0.3333333333333333}}}, "26": {"num": 2, "community_belong": {"26": {"num": 2, "%": 0.16666666666666666}}}, "27": {"num": 4, "community_belong": {"27": {"num": 4, "%": 0.5714285714285714}}}, "28": {"num": 27, "community_belong": {"28": {"num": 27, "%": 0.32142857142857145}}}, "29": {"num": 91, "community_belong": {"29": {"num": 91, "%": 0.29073482428115016}}}, "30": {"num": 14, "community_belong": {"30": {"num": 14, "%": 0.358974358974359}}}, "31": {"num": 1, "community_belong": {"31": {"num": 1, "%": 0.125}}}, "32": {"num": 8, "community_belong": {"32": {"num": 8, "%": 0.17777777777777778}}}, "33": {"num": 1, "community_belong": {"33": {"num": 1, "%": 0.2}}}}