{"0": {"num": 38, "community_belong": {"0": {"num": 38, "%": 0.10354223433242507}}}, "1": {"num": 334, "community_belong": {"1": {"num": 334, "%": 0.09843796050692602}}}, "2": {"num": 223, "community_belong": {"2": {"num": 223, "%": 0.15190735694822888}}}, "3": {"num": 20, "community_belong": {"3": {"num": 20, "%": 0.09569377990430622}}}, "4": {"num": 44, "community_belong": {"4": {"num": 44, "%": 0.09799554565701558}}}, "5": {"num": 5, "community_belong": {"5": {"num": 5, "%": 0.08620689655172414}}}, "6": {"num": 62, "community_belong": {"6": {"num": 62, "%": 0.08179419525065963}}}, "7": {"num": 29, "community_belong": {"7": {"num": 29, "%": 0.08630952380952381}}}, "8": {"num": 60, "community_belong": {"8": {"num": 60, "%": 0.09448818897637795}}}, "9": {"num": 19, "community_belong": {"9": {"num": 19, "%": 0.10215053763440861}}}, "10": {"num": 6, "community_belong": {"10": {"num": 6, "%": 0.07692307692307693}}}, "11": {"num": 60, "community_belong": {"11": {"num": 60, "%": 0.13215859030837004}}}, "12": {"num": 4, "community_belong": {"12": {"num": 4, "%": 0.16}}}, "13": {"num": 24, "community_belong": {"13": {"num": 24, "%": 0.13793103448275862}}}, "14": {"num": 31, "community_belong": {"14": {"num": 31, "%": 0.09538461538461539}}}, "15": {"num": 19, "community_belong": {"15": {"num": 19, "%": 0.06810035842293907}}}, "16": {"num": 19, "community_belong": {"16": {"num": 19, "%": 0.10270270270270271}}}, "17": {"num": 21, "community_belong": {"17": {"num": 21, "%": 0.10606060606060606}}}, "18": {"num": 47, "community_belong": {"18": {"num": 47, "%": 0.11662531017369727}}}, "19": {"num": 2, "community_belong": {"19": {"num": 2, "%": 0.08695652173913043}}}, "20": {"num": 1, "community_belong": {"20": {"num": 1, "%": 0.07142857142857142}}}, "21": {"num": 4, "community_belong": {"21": {"num": 4, "%": 0.037037037037037035}}}, "22": {"num": 19, "community_belong": {"22": {"num": 19, "%": 0.06354515050167224}}}, "23": {"num": 3, "community_belong": {"23": {"num": 3, "%": 0.06666666666666667}}}, "24": {"num": 18, "community_belong": {"24": {"num": 18, "%": 0.10714285714285714}}}, "25": {"num": 2, "community_belong": {"25": {"num": 2, "%": 0.08333333333333333}}}, "26": {"num": 1, "community_belong": {"26": {"num": 1, "%": 0.08333333333333333}}}, "28": {"num": 10, "community_belong": {"28": {"num": 10, "%": 0.11904761904761904}}}, "29": {"num": 26, "community_belong": {"29": {"num": 26, "%": 0.08306709265175719}}}, "30": {"num": 2, "community_belong": {"30": {"num": 2, "%": 0.05128205128205128}}}, "32": {"num": 5, "community_belong": {"32": {"num": 5, "%": 0.1111111111111111}}}, "33": {"num": 1, "community_belong": {"33": {"num": 1, "%": 0.2}}}}