{"0": {"num": 129, "community_belong": {"0": {"num": 129, "%": 0.35149863760217986}}}, "1": {"num": 1244, "community_belong": {"1": {"num": 1244, "%": 0.36663719422340113}}}, "2": {"num": 589, "community_belong": {"2": {"num": 589, "%": 0.40122615803814715}}}, "3": {"num": 49, "community_belong": {"3": {"num": 49, "%": 0.23444976076555024}}}, "4": {"num": 174, "community_belong": {"4": {"num": 174, "%": 0.38752783964365256}}}, "5": {"num": 18, "community_belong": {"5": {"num": 18, "%": 0.3103448275862069}}}, "6": {"num": 254, "community_belong": {"6": {"num": 254, "%": 0.33509234828496043}}}, "7": {"num": 112, "community_belong": {"7": {"num": 112, "%": 0.3333333333333333}}}, "8": {"num": 211, "community_belong": {"8": {"num": 211, "%": 0.33228346456692914}}}, "9": {"num": 58, "community_belong": {"9": {"num": 58, "%": 0.3118279569892473}}}, "10": {"num": 28, "community_belong": {"10": {"num": 28, "%": 0.358974358974359}}}, "11": {"num": 172, "community_belong": {"11": {"num": 172, "%": 0.3788546255506608}}}, "12": {"num": 9, "community_belong": {"12": {"num": 9, "%": 0.36}}}, "13": {"num": 58, "community_belong": {"13": {"num": 58, "%": 0.3333333333333333}}}, "14": {"num": 99, "community_belong": {"14": {"num": 99, "%": 0.3046153846153846}}}, "15": {"num": 100, "community_belong": {"15": {"num": 100, "%": 0.35842293906810035}}}, "16": {"num": 68, "community_belong": {"16": {"num": 68, "%": 0.3675675675675676}}}, "17": {"num": 67, "community_belong": {"17": {"num": 67, "%": 0.3383838383838384}}}, "18": {"num": 138, "community_belong": {"18": {"num": 138, "%": 0.3424317617866005}}}, "19": {"num": 8, "community_belong": {"19": {"num": 8, "%": 0.34782608695652173}}}, "20": {"num": 1, "community_belong": {"20": {"num": 1, "%": 0.07142857142857142}}}, "21": {"num": 30, "community_belong": {"21": {"num": 30, "%": 0.2777777777777778}}}, "22": {"num": 96, "community_belong": {"22": {"num": 96, "%": 0.3210702341137124}}}, "23": {"num": 11, "community_belong": {"23": {"num": 11, "%": 0.24444444444444444}}}, "24": {"num": 48, "community_belong": {"24": {"num": 48, "%": 0.2857142857142857}}}, "25": {"num": 10, "community_belong": {"25": {"num": 10, "%": 0.4166666666666667}}}, "26": {"num": 5, "community_belong": {"26": {"num": 5, "%": 0.4166666666666667}}}, "27": {"num": 3, "community_belong": {"27": {"num": 3, "%": 0.42857142857142855}}}, "28": {"num": 20, "community_belong": {"28": {"num": 20, "%": 0.23809523809523808}}}, "29": {"num": 94, "community_belong": {"29": {"num": 94, "%": 0.3003194888178914}}}, "30": {"num": 12, "community_belong": {"30": {"num": 12, "%": 0.3076923076923077}}}, "31": {"num": 2, "community_belong": {"31": {"num": 2, "%": 0.25}}}, "32": {"num": 9, "community_belong": {"32": {"num": 9, "%": 0.2}}}, "33": {"num": 2, "community_belong": {"33": {"num": 2, "%": 0.4}}}}