{"0": {"num": 94, "community_belong": {"0": {"num": 94, "%": 0.2561307901907357}}}, "1": {"num": 855, "community_belong": {"1": {"num": 855, "%": 0.2519893899204244}}}, "2": {"num": 491, "community_belong": {"2": {"num": 491, "%": 0.33446866485013627}}}, "3": {"num": 32, "community_belong": {"3": {"num": 32, "%": 0.15311004784688995}}}, "4": {"num": 125, "community_belong": {"4": {"num": 125, "%": 0.27839643652561247}}}, "5": {"num": 13, "community_belong": {"5": {"num": 13, "%": 0.22413793103448276}}}, "6": {"num": 188, "community_belong": {"6": {"num": 188, "%": 0.24802110817941952}}}, "7": {"num": 84, "community_belong": {"7": {"num": 84, "%": 0.25}}}, "8": {"num": 148, "community_belong": {"8": {"num": 148, "%": 0.23307086614173228}}}, "9": {"num": 46, "community_belong": {"9": {"num": 46, "%": 0.24731182795698925}}}, "10": {"num": 18, "community_belong": {"10": {"num": 18, "%": 0.23076923076923078}}}, "11": {"num": 111, "community_belong": {"11": {"num": 111, "%": 0.2444933920704846}}}, "12": {"num": 7, "community_belong": {"12": {"num": 7, "%": 0.28}}}, "13": {"num": 44, "community_belong": {"13": {"num": 44, "%": 0.25287356321839083}}}, "14": {"num": 75, "community_belong": {"14": {"num": 75, "%": 0.23076923076923078}}}, "15": {"num": 64, "community_belong": {"15": {"num": 64, "%": 0.22939068100358423}}}, "16": {"num": 39, "community_belong": {"16": {"num": 39, "%": 0.21081081081081082}}}, "17": {"num": 48, "community_belong": {"17": {"num": 48, "%": 0.24242424242424243}}}, "18": {"num": 92, "community_belong": {"18": {"num": 92, "%": 0.228287841191067}}}, "19": {"num": 10, "community_belong": {"19": {"num": 10, "%": 0.43478260869565216}}}, "20": {"num": 1, "community_belong": {"20": {"num": 1, "%": 0.07142857142857142}}}, "21": {"num": 23, "community_belong": {"21": {"num": 23, "%": 0.21296296296296297}}}, "22": {"num": 67, "community_belong": {"22": {"num": 67, "%": 0.22408026755852842}}}, "23": {"num": 9, "community_belong": {"23": {"num": 9, "%": 0.2}}}, "24": {"num": 32, "community_belong": {"24": {"num": 32, "%": 0.19047619047619047}}}, "25": {"num": 7, "community_belong": {"25": {"num": 7, "%": 0.2916666666666667}}}, "26": {"num": 2, "community_belong": {"26": {"num": 2, "%": 0.16666666666666666}}}, "27": {"num": 2, "community_belong": {"27": {"num": 2, "%": 0.2857142857142857}}}, "28": {"num": 15, "community_belong": {"28": {"num": 15, "%": 0.17857142857142858}}}, "29": {"num": 67, "community_belong": {"29": {"num": 67, "%": 0.21405750798722045}}}, "30": {"num": 8, "community_belong": {"30": {"num": 8, "%": 0.20512820512820512}}}, "31": {"num": 1, "community_belong": {"31": {"num": 1, "%": 0.125}}}, "32": {"num": 10, "community_belong": {"32": {"num": 10, "%": 0.2222222222222222}}}, "33": {"num": 1, "community_belong": {"33": {"num": 1, "%": 0.2}}}}