{"0": {"num": 148, "community_belong": {"0": {"num": 148, "%": 0.4032697547683924}}}, "1": {"num": 1499, "community_belong": {"1": {"num": 1499, "%": 0.4417919245505452}}}, "2": {"num": 648, "community_belong": {"2": {"num": 648, "%": 0.44141689373297005}}}, "3": {"num": 57, "community_belong": {"3": {"num": 57, "%": 0.2727272727272727}}}, "4": {"num": 174, "community_belong": {"4": {"num": 174, "%": 0.38752783964365256}}}, "5": {"num": 21, "community_belong": {"5": {"num": 21, "%": 0.3620689655172414}}}, "6": {"num": 301, "community_belong": {"6": {"num": 301, "%": 0.3970976253298153}}}, "7": {"num": 134, "community_belong": {"7": {"num": 134, "%": 0.39880952380952384}}}, "8": {"num": 235, "community_belong": {"8": {"num": 235, "%": 0.3700787401574803}}}, "9": {"num": 67, "community_belong": {"9": {"num": 67, "%": 0.3602150537634409}}}, "10": {"num": 28, "community_belong": {"10": {"num": 28, "%": 0.358974358974359}}}, "11": {"num": 175, "community_belong": {"11": {"num": 175, "%": 0.3854625550660793}}}, "12": {"num": 8, "community_belong": {"12": {"num": 8, "%": 0.32}}}, "13": {"num": 73, "community_belong": {"13": {"num": 73, "%": 0.41954022988505746}}}, "14": {"num": 124, "community_belong": {"14": {"num": 124, "%": 0.38153846153846155}}}, "15": {"num": 114, "community_belong": {"15": {"num": 114, "%": 0.40860215053763443}}}, "16": {"num": 73, "community_belong": {"16": {"num": 73, "%": 0.3945945945945946}}}, "17": {"num": 81, "community_belong": {"17": {"num": 81, "%": 0.4090909090909091}}}, "18": {"num": 137, "community_belong": {"18": {"num": 137, "%": 0.3399503722084367}}}, "19": {"num": 11, "community_belong": {"19": {"num": 11, "%": 0.4782608695652174}}}, "20": {"num": 1, "community_belong": {"20": {"num": 1, "%": 0.07142857142857142}}}, "21": {"num": 35, "community_belong": {"21": {"num": 35, "%": 0.32407407407407407}}}, "22": {"num": 114, "community_belong": {"22": {"num": 114, "%": 0.38127090301003347}}}, "23": {"num": 14, "community_belong": {"23": {"num": 14, "%": 0.3111111111111111}}}, "24": {"num": 56, "community_belong": {"24": {"num": 56, "%": 0.3333333333333333}}}, "25": {"num": 14, "community_belong": {"25": {"num": 14, "%": 0.5833333333333334}}}, "26": {"num": 5, "community_belong": {"26": {"num": 5, "%": 0.4166666666666667}}}, "27": {"num": 3, "community_belong": {"27": {"num": 3, "%": 0.42857142857142855}}}, "28": {"num": 25, "community_belong": {"28": {"num": 25, "%": 0.2976190476190476}}}, "29": {"num": 115, "community_belong": {"29": {"num": 115, "%": 0.36741214057507987}}}, "30": {"num": 11, "community_belong": {"30": {"num": 11, "%": 0.28205128205128205}}}, "31": {"num": 4, "community_belong": {"31": {"num": 4, "%": 0.5}}}, "32": {"num": 11, "community_belong": {"32": {"num": 11, "%": 0.24444444444444444}}}, "33": {"num": 1, "community_belong": {"33": {"num": 1, "%": 0.2}}}}