{"0": {"num": 31, "community_belong": {"0": {"num": 31, "%": 0.08446866485013624}}}, "1": {"num": 158, "community_belong": {"1": {"num": 158, "%": 0.046566460359563806}}}, "2": {"num": 114, "community_belong": {"2": {"num": 114, "%": 0.0776566757493188}}}, "3": {"num": 11, "community_belong": {"3": {"num": 11, "%": 0.05263157894736842}}}, "4": {"num": 24, "community_belong": {"4": {"num": 24, "%": 0.053452115812917596}}}, "5": {"num": 2, "community_belong": {"5": {"num": 2, "%": 0.034482758620689655}}}, "6": {"num": 33, "community_belong": {"6": {"num": 33, "%": 0.04353562005277045}}}, "7": {"num": 16, "community_belong": {"7": {"num": 16, "%": 0.047619047619047616}}}, "8": {"num": 28, "community_belong": {"8": {"num": 28, "%": 0.04409448818897638}}}, "9": {"num": 8, "community_belong": {"9": {"num": 8, "%": 0.043010752688172046}}}, "10": {"num": 3, "community_belong": {"10": {"num": 3, "%": 0.038461538461538464}}}, "11": {"num": 25, "community_belong": {"11": {"num": 25, "%": 0.05506607929515418}}}, "12": {"num": 1, "community_belong": {"12": {"num": 1, "%": 0.04}}}, "13": {"num": 12, "community_belong": {"13": {"num": 12, "%": 0.06896551724137931}}}, "14": {"num": 22, "community_belong": {"14": {"num": 22, "%": 0.06769230769230769}}}, "15": {"num": 13, "community_belong": {"15": {"num": 13, "%": 0.04659498207885305}}}, "16": {"num": 10, "community_belong": {"16": {"num": 10, "%": 0.05405405405405406}}}, "17": {"num": 6, "community_belong": {"17": {"num": 6, "%": 0.030303030303030304}}}, "18": {"num": 13, "community_belong": {"18": {"num": 13, "%": 0.03225806451612903}}}, "19": {"num": 2, "community_belong": {"19": {"num": 2, "%": 0.08695652173913043}}}, "20": {"num": 1, "community_belong": {"20": {"num": 1, "%": 0.07142857142857142}}}, "21": {"num": 2, "community_belong": {"21": {"num": 2, "%": 0.018518518518518517}}}, "22": {"num": 9, "community_belong": {"22": {"num": 9, "%": 0.030100334448160536}}}, "23": {"num": 1, "community_belong": {"23": {"num": 1, "%": 0.022222222222222223}}}, "24": {"num": 6, "community_belong": {"24": {"num": 6, "%": 0.03571428571428571}}}, "25": {"num": 1, "community_belong": {"25": {"num": 1, "%": 0.041666666666666664}}}, "28": {"num": 4, "community_belong": {"28": {"num": 4, "%": 0.047619047619047616}}}, "29": {"num": 9, "community_belong": {"29": {"num": 9, "%": 0.02875399361022364}}}, "32": {"num": 1, "community_belong": {"32": {"num": 1, "%": 0.022222222222222223}}}}