{"0": {"num": 135, "community_belong": {"0": {"num": 135, "%": 0.3678474114441417}}}, "1": {"num": 1451, "community_belong": {"1": {"num": 1451, "%": 0.4276451517830828}}}, "2": {"num": 649, "community_belong": {"2": {"num": 649, "%": 0.4420980926430518}}}, "3": {"num": 60, "community_belong": {"3": {"num": 60, "%": 0.28708133971291866}}}, "4": {"num": 192, "community_belong": {"4": {"num": 192, "%": 0.42761692650334077}}}, "5": {"num": 23, "community_belong": {"5": {"num": 23, "%": 0.39655172413793105}}}, "6": {"num": 303, "community_belong": {"6": {"num": 303, "%": 0.3997361477572559}}}, "7": {"num": 122, "community_belong": {"7": {"num": 122, "%": 0.3630952380952381}}}, "8": {"num": 220, "community_belong": {"8": {"num": 220, "%": 0.3464566929133858}}}, "9": {"num": 63, "community_belong": {"9": {"num": 63, "%": 0.3387096774193548}}}, "10": {"num": 27, "community_belong": {"10": {"num": 27, "%": 0.34615384615384615}}}, "11": {"num": 191, "community_belong": {"11": {"num": 191, "%": 0.42070484581497797}}}, "12": {"num": 4, "community_belong": {"12": {"num": 4, "%": 0.16}}}, "13": {"num": 65, "community_belong": {"13": {"num": 65, "%": 0.3735632183908046}}}, "14": {"num": 111, "community_belong": {"14": {"num": 111, "%": 0.3415384615384615}}}, "15": {"num": 115, "community_belong": {"15": {"num": 115, "%": 0.4121863799283154}}}, "16": {"num": 76, "community_belong": {"16": {"num": 76, "%": 0.41081081081081083}}}, "17": {"num": 85, "community_belong": {"17": {"num": 85, "%": 0.4292929292929293}}}, "18": {"num": 142, "community_belong": {"18": {"num": 142, "%": 0.3523573200992556}}}, "19": {"num": 11, "community_belong": {"19": {"num": 11, "%": 0.4782608695652174}}}, "20": {"num": 3, "community_belong": {"20": {"num": 3, "%": 0.21428571428571427}}}, "21": {"num": 37, "community_belong": {"21": {"num": 37, "%": 0.3425925925925926}}}, "22": {"num": 97, "community_belong": {"22": {"num": 97, "%": 0.32441471571906355}}}, "23": {"num": 15, "community_belong": {"23": {"num": 15, "%": 0.3333333333333333}}}, "24": {"num": 49, "community_belong": {"24": {"num": 49, "%": 0.2916666666666667}}}, "25": {"num": 11, "community_belong": {"25": {"num": 11, "%": 0.4583333333333333}}}, "26": {"num": 4, "community_belong": {"26": {"num": 4, "%": 0.3333333333333333}}}, "27": {"num": 3, "community_belong": {"27": {"num": 3, "%": 0.42857142857142855}}}, "28": {"num": 25, "community_belong": {"28": {"num": 25, "%": 0.2976190476190476}}}, "29": {"num": 108, "community_belong": {"29": {"num": 108, "%": 0.3450479233226837}}}, "30": {"num": 15, "community_belong": {"30": {"num": 15, "%": 0.38461538461538464}}}, "31": {"num": 1, "community_belong": {"31": {"num": 1, "%": 0.125}}}, "32": {"num": 10, "community_belong": {"32": {"num": 10, "%": 0.2222222222222222}}}, "33": {"num": 2, "community_belong": {"33": {"num": 2, "%": 0.4}}}}