{"0": {"num": 61, "community_belong": {"0": {"num": 61, "%": 0.16621253405994552}}}, "1": {"num": 488, "community_belong": {"1": {"num": 488, "%": 0.14382552313586797}}}, "2": {"num": 304, "community_belong": {"2": {"num": 304, "%": 0.20708446866485014}}}, "3": {"num": 21, "community_belong": {"3": {"num": 21, "%": 0.10047846889952153}}}, "4": {"num": 77, "community_belong": {"4": {"num": 77, "%": 0.1714922048997773}}}, "5": {"num": 9, "community_belong": {"5": {"num": 9, "%": 0.15517241379310345}}}, "6": {"num": 97, "community_belong": {"6": {"num": 97, "%": 0.1279683377308707}}}, "7": {"num": 58, "community_belong": {"7": {"num": 58, "%": 0.17261904761904762}}}, "8": {"num": 102, "community_belong": {"8": {"num": 102, "%": 0.16062992125984252}}}, "9": {"num": 33, "community_belong": {"9": {"num": 33, "%": 0.1774193548387097}}}, "10": {"num": 10, "community_belong": {"10": {"num": 10, "%": 0.1282051282051282}}}, "11": {"num": 67, "community_belong": {"11": {"num": 67, "%": 0.14757709251101322}}}, "12": {"num": 6, "community_belong": {"12": {"num": 6, "%": 0.24}}}, "13": {"num": 27, "community_belong": {"13": {"num": 27, "%": 0.15517241379310345}}}, "14": {"num": 46, "community_belong": {"14": {"num": 46, "%": 0.14153846153846153}}}, "15": {"num": 43, "community_belong": {"15": {"num": 43, "%": 0.15412186379928317}}}, "16": {"num": 24, "community_belong": {"16": {"num": 24, "%": 0.12972972972972974}}}, "17": {"num": 31, "community_belong": {"17": {"num": 31, "%": 0.15656565656565657}}}, "18": {"num": 60, "community_belong": {"18": {"num": 60, "%": 0.1488833746898263}}}, "19": {"num": 5, "community_belong": {"19": {"num": 5, "%": 0.21739130434782608}}}, "20": {"num": 2, "community_belong": {"20": {"num": 2, "%": 0.14285714285714285}}}, "21": {"num": 15, "community_belong": {"21": {"num": 15, "%": 0.1388888888888889}}}, "22": {"num": 27, "community_belong": {"22": {"num": 27, "%": 0.0903010033444816}}}, "23": {"num": 5, "community_belong": {"23": {"num": 5, "%": 0.1111111111111111}}}, "24": {"num": 17, "community_belong": {"24": {"num": 17, "%": 0.10119047619047619}}}, "25": {"num": 3, "community_belong": {"25": {"num": 3, "%": 0.125}}}, "26": {"num": 1, "community_belong": {"26": {"num": 1, "%": 0.08333333333333333}}}, "27": {"num": 1, "community_belong": {"27": {"num": 1, "%": 0.14285714285714285}}}, "28": {"num": 8, "community_belong": {"28": {"num": 8, "%": 0.09523809523809523}}}, "29": {"num": 47, "community_belong": {"29": {"num": 47, "%": 0.1501597444089457}}}, "30": {"num": 2, "community_belong": {"30": {"num": 2, "%": 0.05128205128205128}}}, "32": {"num": 7, "community_belong": {"32": {"num": 7, "%": 0.15555555555555556}}}, "33": {"num": 1, "community_belong": {"33": {"num": 1, "%": 0.2}}}}