{"0": {"num": 64, "community_belong": {"0": {"num": 64, "%": 0.17438692098092642}}}, "1": {"num": 506, "community_belong": {"1": {"num": 506, "%": 0.14913056292366636}}}, "2": {"num": 299, "community_belong": {"2": {"num": 299, "%": 0.20367847411444143}}}, "3": {"num": 23, "community_belong": {"3": {"num": 23, "%": 0.11004784688995216}}}, "4": {"num": 79, "community_belong": {"4": {"num": 79, "%": 0.1759465478841871}}}, "5": {"num": 11, "community_belong": {"5": {"num": 11, "%": 0.1896551724137931}}}, "6": {"num": 101, "community_belong": {"6": {"num": 101, "%": 0.13324538258575197}}}, "7": {"num": 37, "community_belong": {"7": {"num": 37, "%": 0.11011904761904762}}}, "8": {"num": 89, "community_belong": {"8": {"num": 89, "%": 0.14015748031496064}}}, "9": {"num": 35, "community_belong": {"9": {"num": 35, "%": 0.1881720430107527}}}, "10": {"num": 12, "community_belong": {"10": {"num": 12, "%": 0.15384615384615385}}}, "11": {"num": 82, "community_belong": {"11": {"num": 82, "%": 0.18061674008810572}}}, "12": {"num": 4, "community_belong": {"12": {"num": 4, "%": 0.16}}}, "13": {"num": 29, "community_belong": {"13": {"num": 29, "%": 0.16666666666666666}}}, "14": {"num": 49, "community_belong": {"14": {"num": 49, "%": 0.15076923076923077}}}, "15": {"num": 35, "community_belong": {"15": {"num": 35, "%": 0.12544802867383512}}}, "16": {"num": 26, "community_belong": {"16": {"num": 26, "%": 0.14054054054054055}}}, "17": {"num": 30, "community_belong": {"17": {"num": 30, "%": 0.15151515151515152}}}, "18": {"num": 55, "community_belong": {"18": {"num": 55, "%": 0.13647642679900746}}}, "19": {"num": 7, "community_belong": {"19": {"num": 7, "%": 0.30434782608695654}}}, "20": {"num": 2, "community_belong": {"20": {"num": 2, "%": 0.14285714285714285}}}, "21": {"num": 17, "community_belong": {"21": {"num": 17, "%": 0.1574074074074074}}}, "22": {"num": 30, "community_belong": {"22": {"num": 30, "%": 0.10033444816053512}}}, "23": {"num": 8, "community_belong": {"23": {"num": 8, "%": 0.17777777777777778}}}, "24": {"num": 19, "community_belong": {"24": {"num": 19, "%": 0.1130952380952381}}}, "25": {"num": 1, "community_belong": {"25": {"num": 1, "%": 0.041666666666666664}}}, "26": {"num": 2, "community_belong": {"26": {"num": 2, "%": 0.16666666666666666}}}, "27": {"num": 2, "community_belong": {"27": {"num": 2, "%": 0.2857142857142857}}}, "28": {"num": 5, "community_belong": {"28": {"num": 5, "%": 0.05952380952380952}}}, "29": {"num": 28, "community_belong": {"29": {"num": 28, "%": 0.08945686900958466}}}, "30": {"num": 5, "community_belong": {"30": {"num": 5, "%": 0.1282051282051282}}}, "31": {"num": 1, "community_belong": {"31": {"num": 1, "%": 0.125}}}, "32": {"num": 5, "community_belong": {"32": {"num": 5, "%": 0.1111111111111111}}}, "33": {"num": 1, "community_belong": {"33": {"num": 1, "%": 0.2}}}}