{"0": {"num": 82, "community_belong": {"0": {"num": 82, "%": 0.22343324250681199}}}, "1": {"num": 694, "community_belong": {"1": {"num": 694, "%": 0.2045387562628942}}}, "2": {"num": 396, "community_belong": {"2": {"num": 396, "%": 0.26975476839237056}}}, "3": {"num": 27, "community_belong": {"3": {"num": 27, "%": 0.1291866028708134}}}, "4": {"num": 111, "community_belong": {"4": {"num": 111, "%": 0.24721603563474387}}}, "5": {"num": 7, "community_belong": {"5": {"num": 7, "%": 0.1206896551724138}}}, "6": {"num": 154, "community_belong": {"6": {"num": 154, "%": 0.20316622691292877}}}, "7": {"num": 74, "community_belong": {"7": {"num": 74, "%": 0.22023809523809523}}}, "8": {"num": 123, "community_belong": {"8": {"num": 123, "%": 0.19370078740157481}}}, "9": {"num": 33, "community_belong": {"9": {"num": 33, "%": 0.1774193548387097}}}, "10": {"num": 11, "community_belong": {"10": {"num": 11, "%": 0.14102564102564102}}}, "11": {"num": 104, "community_belong": {"11": {"num": 104, "%": 0.2290748898678414}}}, "12": {"num": 7, "community_belong": {"12": {"num": 7, "%": 0.28}}}, "13": {"num": 40, "community_belong": {"13": {"num": 40, "%": 0.22988505747126436}}}, "14": {"num": 65, "community_belong": {"14": {"num": 65, "%": 0.2}}}, "15": {"num": 55, "community_belong": {"15": {"num": 55, "%": 0.1971326164874552}}}, "16": {"num": 34, "community_belong": {"16": {"num": 34, "%": 0.1837837837837838}}}, "17": {"num": 48, "community_belong": {"17": {"num": 48, "%": 0.24242424242424243}}}, "18": {"num": 83, "community_belong": {"18": {"num": 83, "%": 0.20595533498759305}}}, "19": {"num": 8, "community_belong": {"19": {"num": 8, "%": 0.34782608695652173}}}, "20": {"num": 4, "community_belong": {"20": {"num": 4, "%": 0.2857142857142857}}}, "21": {"num": 18, "community_belong": {"21": {"num": 18, "%": 0.16666666666666666}}}, "22": {"num": 47, "community_belong": {"22": {"num": 47, "%": 0.15719063545150502}}}, "23": {"num": 7, "community_belong": {"23": {"num": 7, "%": 0.15555555555555556}}}, "24": {"num": 32, "community_belong": {"24": {"num": 32, "%": 0.19047619047619047}}}, "25": {"num": 4, "community_belong": {"25": {"num": 4, "%": 0.16666666666666666}}}, "26": {"num": 2, "community_belong": {"26": {"num": 2, "%": 0.16666666666666666}}}, "27": {"num": 1, "community_belong": {"27": {"num": 1, "%": 0.14285714285714285}}}, "28": {"num": 10, "community_belong": {"28": {"num": 10, "%": 0.11904761904761904}}}, "29": {"num": 50, "community_belong": {"29": {"num": 50, "%": 0.1597444089456869}}}, "30": {"num": 7, "community_belong": {"30": {"num": 7, "%": 0.1794871794871795}}}, "32": {"num": 5, "community_belong": {"32": {"num": 5, "%": 0.1111111111111111}}}, "33": {"num": 1, "community_belong": {"33": {"num": 1, "%": 0.2}}}}