{"0": {"num": 36, "community_belong": {"0": {"num": 36, "%": 0.09809264305177112}}}, "1": {"num": 310, "community_belong": {"1": {"num": 310, "%": 0.09136457412319482}}}, "2": {"num": 207, "community_belong": {"2": {"num": 207, "%": 0.14100817438692098}}}, "3": {"num": 15, "community_belong": {"3": {"num": 15, "%": 0.07177033492822966}}}, "4": {"num": 63, "community_belong": {"4": {"num": 63, "%": 0.1403118040089087}}}, "5": {"num": 3, "community_belong": {"5": {"num": 3, "%": 0.05172413793103448}}}, "6": {"num": 68, "community_belong": {"6": {"num": 68, "%": 0.08970976253298153}}}, "7": {"num": 31, "community_belong": {"7": {"num": 31, "%": 0.09226190476190477}}}, "8": {"num": 53, "community_belong": {"8": {"num": 53, "%": 0.08346456692913386}}}, "9": {"num": 19, "community_belong": {"9": {"num": 19, "%": 0.10215053763440861}}}, "10": {"num": 9, "community_belong": {"10": {"num": 9, "%": 0.11538461538461539}}}, "11": {"num": 46, "community_belong": {"11": {"num": 46, "%": 0.1013215859030837}}}, "12": {"num": 1, "community_belong": {"12": {"num": 1, "%": 0.04}}}, "13": {"num": 23, "community_belong": {"13": {"num": 23, "%": 0.13218390804597702}}}, "14": {"num": 34, "community_belong": {"14": {"num": 34, "%": 0.10461538461538461}}}, "15": {"num": 21, "community_belong": {"15": {"num": 21, "%": 0.07526881720430108}}}, "16": {"num": 17, "community_belong": {"16": {"num": 17, "%": 0.0918918918918919}}}, "17": {"num": 18, "community_belong": {"17": {"num": 18, "%": 0.09090909090909091}}}, "18": {"num": 27, "community_belong": {"18": {"num": 27, "%": 0.06699751861042183}}}, "19": {"num": 3, "community_belong": {"19": {"num": 3, "%": 0.13043478260869565}}}, "20": {"num": 1, "community_belong": {"20": {"num": 1, "%": 0.07142857142857142}}}, "21": {"num": 8, "community_belong": {"21": {"num": 8, "%": 0.07407407407407407}}}, "22": {"num": 20, "community_belong": {"22": {"num": 20, "%": 0.06688963210702341}}}, "23": {"num": 2, "community_belong": {"23": {"num": 2, "%": 0.044444444444444446}}}, "24": {"num": 17, "community_belong": {"24": {"num": 17, "%": 0.10119047619047619}}}, "25": {"num": 2, "community_belong": {"25": {"num": 2, "%": 0.08333333333333333}}}, "26": {"num": 2, "community_belong": {"26": {"num": 2, "%": 0.16666666666666666}}}, "28": {"num": 3, "community_belong": {"28": {"num": 3, "%": 0.03571428571428571}}}, "29": {"num": 26, "community_belong": {"29": {"num": 26, "%": 0.08306709265175719}}}, "30": {"num": 1, "community_belong": {"30": {"num": 1, "%": 0.02564102564102564}}}, "32": {"num": 2, "community_belong": {"32": {"num": 2, "%": 0.044444444444444446}}}, "33": {"num": 1, "community_belong": {"33": {"num": 1, "%": 0.2}}}}