{"0": {"num": 92, "community_belong": {"0": {"num": 92, "%": 0.2506811989100817}}}, "1": {"num": 831, "community_belong": {"1": {"num": 831, "%": 0.24491600353669318}}}, "2": {"num": 463, "community_belong": {"2": {"num": 463, "%": 0.31539509536784743}}}, "3": {"num": 36, "community_belong": {"3": {"num": 36, "%": 0.1722488038277512}}}, "4": {"num": 136, "community_belong": {"4": {"num": 136, "%": 0.3028953229398664}}}, "5": {"num": 14, "community_belong": {"5": {"num": 14, "%": 0.2413793103448276}}}, "6": {"num": 201, "community_belong": {"6": {"num": 201, "%": 0.26517150395778366}}}, "7": {"num": 76, "community_belong": {"7": {"num": 76, "%": 0.2261904761904762}}}, "8": {"num": 132, "community_belong": {"8": {"num": 132, "%": 0.2078740157480315}}}, "9": {"num": 43, "community_belong": {"9": {"num": 43, "%": 0.23118279569892472}}}, "10": {"num": 17, "community_belong": {"10": {"num": 17, "%": 0.21794871794871795}}}, "11": {"num": 131, "community_belong": {"11": {"num": 131, "%": 0.28854625550660795}}}, "12": {"num": 2, "community_belong": {"12": {"num": 2, "%": 0.08}}}, "13": {"num": 46, "community_belong": {"13": {"num": 46, "%": 0.26436781609195403}}}, "14": {"num": 75, "community_belong": {"14": {"num": 75, "%": 0.23076923076923078}}}, "15": {"num": 72, "community_belong": {"15": {"num": 72, "%": 0.25806451612903225}}}, "16": {"num": 44, "community_belong": {"16": {"num": 44, "%": 0.23783783783783785}}}, "17": {"num": 52, "community_belong": {"17": {"num": 52, "%": 0.26262626262626265}}}, "18": {"num": 97, "community_belong": {"18": {"num": 97, "%": 0.24069478908188585}}}, "19": {"num": 8, "community_belong": {"19": {"num": 8, "%": 0.34782608695652173}}}, "20": {"num": 5, "community_belong": {"20": {"num": 5, "%": 0.35714285714285715}}}, "21": {"num": 23, "community_belong": {"21": {"num": 23, "%": 0.21296296296296297}}}, "22": {"num": 66, "community_belong": {"22": {"num": 66, "%": 0.22073578595317725}}}, "23": {"num": 11, "community_belong": {"23": {"num": 11, "%": 0.24444444444444444}}}, "24": {"num": 36, "community_belong": {"24": {"num": 36, "%": 0.21428571428571427}}}, "25": {"num": 7, "community_belong": {"25": {"num": 7, "%": 0.2916666666666667}}}, "26": {"num": 1, "community_belong": {"26": {"num": 1, "%": 0.08333333333333333}}}, "27": {"num": 2, "community_belong": {"27": {"num": 2, "%": 0.2857142857142857}}}, "28": {"num": 19, "community_belong": {"28": {"num": 19, "%": 0.2261904761904762}}}, "29": {"num": 68, "community_belong": {"29": {"num": 68, "%": 0.21725239616613418}}}, "30": {"num": 6, "community_belong": {"30": {"num": 6, "%": 0.15384615384615385}}}, "31": {"num": 2, "community_belong": {"31": {"num": 2, "%": 0.25}}}, "32": {"num": 3, "community_belong": {"32": {"num": 3, "%": 0.06666666666666667}}}, "33": {"num": 1, "community_belong": {"33": {"num": 1, "%": 0.2}}}}