{"0": {"num": 81, "community_belong": {"0": {"num": 81, "%": 0.22070844686648503}}}, "1": {"num": 650, "community_belong": {"1": {"num": 650, "%": 0.19157088122605365}}}, "2": {"num": 392, "community_belong": {"2": {"num": 392, "%": 0.2670299727520436}}}, "3": {"num": 25, "community_belong": {"3": {"num": 25, "%": 0.11961722488038277}}}, "4": {"num": 103, "community_belong": {"4": {"num": 103, "%": 0.22939866369710468}}}, "5": {"num": 3, "community_belong": {"5": {"num": 3, "%": 0.05172413793103448}}}, "6": {"num": 150, "community_belong": {"6": {"num": 150, "%": 0.19788918205804748}}}, "7": {"num": 66, "community_belong": {"7": {"num": 66, "%": 0.19642857142857142}}}, "8": {"num": 110, "community_belong": {"8": {"num": 110, "%": 0.1732283464566929}}}, "9": {"num": 39, "community_belong": {"9": {"num": 39, "%": 0.20967741935483872}}}, "10": {"num": 11, "community_belong": {"10": {"num": 11, "%": 0.14102564102564102}}}, "11": {"num": 95, "community_belong": {"11": {"num": 95, "%": 0.2092511013215859}}}, "12": {"num": 4, "community_belong": {"12": {"num": 4, "%": 0.16}}}, "13": {"num": 34, "community_belong": {"13": {"num": 34, "%": 0.19540229885057472}}}, "14": {"num": 62, "community_belong": {"14": {"num": 62, "%": 0.19076923076923077}}}, "15": {"num": 59, "community_belong": {"15": {"num": 59, "%": 0.2114695340501792}}}, "16": {"num": 46, "community_belong": {"16": {"num": 46, "%": 0.24864864864864866}}}, "17": {"num": 45, "community_belong": {"17": {"num": 45, "%": 0.22727272727272727}}}, "18": {"num": 78, "community_belong": {"18": {"num": 78, "%": 0.1935483870967742}}}, "19": {"num": 6, "community_belong": {"19": {"num": 6, "%": 0.2608695652173913}}}, "20": {"num": 1, "community_belong": {"20": {"num": 1, "%": 0.07142857142857142}}}, "21": {"num": 14, "community_belong": {"21": {"num": 14, "%": 0.12962962962962962}}}, "22": {"num": 52, "community_belong": {"22": {"num": 52, "%": 0.17391304347826086}}}, "23": {"num": 7, "community_belong": {"23": {"num": 7, "%": 0.15555555555555556}}}, "24": {"num": 34, "community_belong": {"24": {"num": 34, "%": 0.20238095238095238}}}, "25": {"num": 5, "community_belong": {"25": {"num": 5, "%": 0.20833333333333334}}}, "26": {"num": 1, "community_belong": {"26": {"num": 1, "%": 0.08333333333333333}}}, "27": {"num": 1, "community_belong": {"27": {"num": 1, "%": 0.14285714285714285}}}, "28": {"num": 16, "community_belong": {"28": {"num": 16, "%": 0.19047619047619047}}}, "29": {"num": 50, "community_belong": {"29": {"num": 50, "%": 0.1597444089456869}}}, "30": {"num": 9, "community_belong": {"30": {"num": 9, "%": 0.23076923076923078}}}, "31": {"num": 1, "community_belong": {"31": {"num": 1, "%": 0.125}}}, "32": {"num": 6, "community_belong": {"32": {"num": 6, "%": 0.13333333333333333}}}, "33": {"num": 1, "community_belong": {"33": {"num": 1, "%": 0.2}}}}