{"0": {"num": 103, "community_belong": {"0": {"num": 103, "%": 0.28065395095367845}}}, "1": {"num": 1049, "community_belong": {"1": {"num": 1049, "%": 0.30916592985558505}}}, "2": {"num": 530, "community_belong": {"2": {"num": 530, "%": 0.36103542234332425}}}, "3": {"num": 35, "community_belong": {"3": {"num": 35, "%": 0.1674641148325359}}}, "4": {"num": 152, "community_belong": {"4": {"num": 152, "%": 0.33853006681514475}}}, "5": {"num": 12, "community_belong": {"5": {"num": 12, "%": 0.20689655172413793}}}, "6": {"num": 223, "community_belong": {"6": {"num": 223, "%": 0.2941952506596306}}}, "7": {"num": 97, "community_belong": {"7": {"num": 97, "%": 0.28869047619047616}}}, "8": {"num": 177, "community_belong": {"8": {"num": 177, "%": 0.27874015748031494}}}, "9": {"num": 58, "community_belong": {"9": {"num": 58, "%": 0.3118279569892473}}}, "10": {"num": 28, "community_belong": {"10": {"num": 28, "%": 0.358974358974359}}}, "11": {"num": 141, "community_belong": {"11": {"num": 141, "%": 0.31057268722466963}}}, "12": {"num": 9, "community_belong": {"12": {"num": 9, "%": 0.36}}}, "13": {"num": 48, "community_belong": {"13": {"num": 48, "%": 0.27586206896551724}}}, "14": {"num": 88, "community_belong": {"14": {"num": 88, "%": 0.27076923076923076}}}, "15": {"num": 89, "community_belong": {"15": {"num": 89, "%": 0.31899641577060933}}}, "16": {"num": 64, "community_belong": {"16": {"num": 64, "%": 0.34594594594594597}}}, "17": {"num": 54, "community_belong": {"17": {"num": 54, "%": 0.2727272727272727}}}, "18": {"num": 110, "community_belong": {"18": {"num": 110, "%": 0.2729528535980149}}}, "19": {"num": 5, "community_belong": {"19": {"num": 5, "%": 0.21739130434782608}}}, "20": {"num": 4, "community_belong": {"20": {"num": 4, "%": 0.2857142857142857}}}, "21": {"num": 28, "community_belong": {"21": {"num": 28, "%": 0.25925925925925924}}}, "22": {"num": 77, "community_belong": {"22": {"num": 77, "%": 0.25752508361204013}}}, "23": {"num": 15, "community_belong": {"23": {"num": 15, "%": 0.3333333333333333}}}, "24": {"num": 38, "community_belong": {"24": {"num": 38, "%": 0.2261904761904762}}}, "25": {"num": 8, "community_belong": {"25": {"num": 8, "%": 0.3333333333333333}}}, "26": {"num": 1, "community_belong": {"26": {"num": 1, "%": 0.08333333333333333}}}, "27": {"num": 2, "community_belong": {"27": {"num": 2, "%": 0.2857142857142857}}}, "28": {"num": 20, "community_belong": {"28": {"num": 20, "%": 0.23809523809523808}}}, "29": {"num": 85, "community_belong": {"29": {"num": 85, "%": 0.2715654952076677}}}, "30": {"num": 10, "community_belong": {"30": {"num": 10, "%": 0.2564102564102564}}}, "31": {"num": 1, "community_belong": {"31": {"num": 1, "%": 0.125}}}, "32": {"num": 4, "community_belong": {"32": {"num": 4, "%": 0.08888888888888889}}}, "33": {"num": 1, "community_belong": {"33": {"num": 1, "%": 0.2}}}}