{"0": {"num": 76, "community_belong": {"0": {"num": 76, "%": 0.20708446866485014}}}, "1": {"num": 681, "community_belong": {"1": {"num": 681, "%": 0.20070733863837312}}}, "2": {"num": 384, "community_belong": {"2": {"num": 384, "%": 0.2615803814713896}}}, "3": {"num": 25, "community_belong": {"3": {"num": 25, "%": 0.11961722488038277}}}, "4": {"num": 115, "community_belong": {"4": {"num": 115, "%": 0.2561247216035635}}}, "5": {"num": 7, "community_belong": {"5": {"num": 7, "%": 0.1206896551724138}}}, "6": {"num": 145, "community_belong": {"6": {"num": 145, "%": 0.19129287598944592}}}, "7": {"num": 62, "community_belong": {"7": {"num": 62, "%": 0.18452380952380953}}}, "8": {"num": 113, "community_belong": {"8": {"num": 113, "%": 0.17795275590551182}}}, "9": {"num": 41, "community_belong": {"9": {"num": 41, "%": 0.22043010752688172}}}, "10": {"num": 20, "community_belong": {"10": {"num": 20, "%": 0.2564102564102564}}}, "11": {"num": 89, "community_belong": {"11": {"num": 89, "%": 0.1960352422907489}}}, "12": {"num": 3, "community_belong": {"12": {"num": 3, "%": 0.12}}}, "13": {"num": 36, "community_belong": {"13": {"num": 36, "%": 0.20689655172413793}}}, "14": {"num": 58, "community_belong": {"14": {"num": 58, "%": 0.17846153846153845}}}, "15": {"num": 48, "community_belong": {"15": {"num": 48, "%": 0.17204301075268819}}}, "16": {"num": 35, "community_belong": {"16": {"num": 35, "%": 0.1891891891891892}}}, "17": {"num": 43, "community_belong": {"17": {"num": 43, "%": 0.21717171717171718}}}, "18": {"num": 58, "community_belong": {"18": {"num": 58, "%": 0.14392059553349876}}}, "19": {"num": 4, "community_belong": {"19": {"num": 4, "%": 0.17391304347826086}}}, "20": {"num": 1, "community_belong": {"20": {"num": 1, "%": 0.07142857142857142}}}, "21": {"num": 16, "community_belong": {"21": {"num": 16, "%": 0.14814814814814814}}}, "22": {"num": 49, "community_belong": {"22": {"num": 49, "%": 0.16387959866220736}}}, "23": {"num": 10, "community_belong": {"23": {"num": 10, "%": 0.2222222222222222}}}, "24": {"num": 30, "community_belong": {"24": {"num": 30, "%": 0.17857142857142858}}}, "25": {"num": 5, "community_belong": {"25": {"num": 5, "%": 0.20833333333333334}}}, "26": {"num": 2, "community_belong": {"26": {"num": 2, "%": 0.16666666666666666}}}, "27": {"num": 1, "community_belong": {"27": {"num": 1, "%": 0.14285714285714285}}}, "28": {"num": 8, "community_belong": {"28": {"num": 8, "%": 0.09523809523809523}}}, "29": {"num": 52, "community_belong": {"29": {"num": 52, "%": 0.16613418530351437}}}, "30": {"num": 2, "community_belong": {"30": {"num": 2, "%": 0.05128205128205128}}}, "31": {"num": 1, "community_belong": {"31": {"num": 1, "%": 0.125}}}, "32": {"num": 2, "community_belong": {"32": {"num": 2, "%": 0.044444444444444446}}}, "33": {"num": 1, "community_belong": {"33": {"num": 1, "%": 0.2}}}}