{"0": {"num": 43, "community_belong": {"0": {"num": 43, "%": 0.11716621253405994}}}, "1": {"num": 327, "community_belong": {"1": {"num": 327, "%": 0.09637488947833775}}}, "2": {"num": 225, "community_belong": {"2": {"num": 225, "%": 0.15326975476839236}}}, "3": {"num": 14, "community_belong": {"3": {"num": 14, "%": 0.06698564593301436}}}, "4": {"num": 52, "community_belong": {"4": {"num": 52, "%": 0.11581291759465479}}}, "5": {"num": 3, "community_belong": {"5": {"num": 3, "%": 0.05172413793103448}}}, "6": {"num": 55, "community_belong": {"6": {"num": 55, "%": 0.07255936675461741}}}, "7": {"num": 31, "community_belong": {"7": {"num": 31, "%": 0.09226190476190477}}}, "8": {"num": 77, "community_belong": {"8": {"num": 77, "%": 0.12125984251968504}}}, "9": {"num": 21, "community_belong": {"9": {"num": 21, "%": 0.11290322580645161}}}, "10": {"num": 6, "community_belong": {"10": {"num": 6, "%": 0.07692307692307693}}}, "11": {"num": 45, "community_belong": {"11": {"num": 45, "%": 0.09911894273127753}}}, "12": {"num": 1, "community_belong": {"12": {"num": 1, "%": 0.04}}}, "13": {"num": 18, "community_belong": {"13": {"num": 18, "%": 0.10344827586206896}}}, "14": {"num": 31, "community_belong": {"14": {"num": 31, "%": 0.09538461538461539}}}, "15": {"num": 22, "community_belong": {"15": {"num": 22, "%": 0.07885304659498207}}}, "16": {"num": 15, "community_belong": {"16": {"num": 15, "%": 0.08108108108108109}}}, "17": {"num": 19, "community_belong": {"17": {"num": 19, "%": 0.09595959595959595}}}, "18": {"num": 35, "community_belong": {"18": {"num": 35, "%": 0.08684863523573201}}}, "19": {"num": 3, "community_belong": {"19": {"num": 3, "%": 0.13043478260869565}}}, "20": {"num": 1, "community_belong": {"20": {"num": 1, "%": 0.07142857142857142}}}, "21": {"num": 12, "community_belong": {"21": {"num": 12, "%": 0.1111111111111111}}}, "22": {"num": 19, "community_belong": {"22": {"num": 19, "%": 0.06354515050167224}}}, "23": {"num": 2, "community_belong": {"23": {"num": 2, "%": 0.044444444444444446}}}, "24": {"num": 14, "community_belong": {"24": {"num": 14, "%": 0.08333333333333333}}}, "25": {"num": 3, "community_belong": {"25": {"num": 3, "%": 0.125}}}, "27": {"num": 2, "community_belong": {"27": {"num": 2, "%": 0.2857142857142857}}}, "28": {"num": 7, "community_belong": {"28": {"num": 7, "%": 0.08333333333333333}}}, "29": {"num": 28, "community_belong": {"29": {"num": 28, "%": 0.08945686900958466}}}, "30": {"num": 3, "community_belong": {"30": {"num": 3, "%": 0.07692307692307693}}}, "32": {"num": 2, "community_belong": {"32": {"num": 2, "%": 0.044444444444444446}}}, "33": {"num": 1, "community_belong": {"33": {"num": 1, "%": 0.2}}}}