{"0": {"num": 59, "community_belong": {"0": {"num": 59, "%": 0.16076294277929154}}}, "1": {"num": 486, "community_belong": {"1": {"num": 486, "%": 0.14323607427055704}}}, "2": {"num": 308, "community_belong": {"2": {"num": 308, "%": 0.2098092643051771}}}, "3": {"num": 21, "community_belong": {"3": {"num": 21, "%": 0.10047846889952153}}}, "4": {"num": 71, "community_belong": {"4": {"num": 71, "%": 0.15812917594654788}}}, "5": {"num": 7, "community_belong": {"5": {"num": 7, "%": 0.1206896551724138}}}, "6": {"num": 99, "community_belong": {"6": {"num": 99, "%": 0.13060686015831136}}}, "7": {"num": 50, "community_belong": {"7": {"num": 50, "%": 0.1488095238095238}}}, "8": {"num": 89, "community_belong": {"8": {"num": 89, "%": 0.14015748031496064}}}, "9": {"num": 31, "community_belong": {"9": {"num": 31, "%": 0.16666666666666666}}}, "10": {"num": 10, "community_belong": {"10": {"num": 10, "%": 0.1282051282051282}}}, "11": {"num": 78, "community_belong": {"11": {"num": 78, "%": 0.17180616740088106}}}, "12": {"num": 3, "community_belong": {"12": {"num": 3, "%": 0.12}}}, "13": {"num": 33, "community_belong": {"13": {"num": 33, "%": 0.1896551724137931}}}, "14": {"num": 56, "community_belong": {"14": {"num": 56, "%": 0.1723076923076923}}}, "15": {"num": 40, "community_belong": {"15": {"num": 40, "%": 0.14336917562724014}}}, "16": {"num": 28, "community_belong": {"16": {"num": 28, "%": 0.15135135135135136}}}, "17": {"num": 36, "community_belong": {"17": {"num": 36, "%": 0.18181818181818182}}}, "18": {"num": 54, "community_belong": {"18": {"num": 54, "%": 0.13399503722084366}}}, "19": {"num": 4, "community_belong": {"19": {"num": 4, "%": 0.17391304347826086}}}, "20": {"num": 1, "community_belong": {"20": {"num": 1, "%": 0.07142857142857142}}}, "21": {"num": 12, "community_belong": {"21": {"num": 12, "%": 0.1111111111111111}}}, "22": {"num": 30, "community_belong": {"22": {"num": 30, "%": 0.10033444816053512}}}, "23": {"num": 5, "community_belong": {"23": {"num": 5, "%": 0.1111111111111111}}}, "24": {"num": 21, "community_belong": {"24": {"num": 21, "%": 0.125}}}, "25": {"num": 3, "community_belong": {"25": {"num": 3, "%": 0.125}}}, "26": {"num": 1, "community_belong": {"26": {"num": 1, "%": 0.08333333333333333}}}, "27": {"num": 2, "community_belong": {"27": {"num": 2, "%": 0.2857142857142857}}}, "28": {"num": 13, "community_belong": {"28": {"num": 13, "%": 0.15476190476190477}}}, "29": {"num": 48, "community_belong": {"29": {"num": 48, "%": 0.15335463258785942}}}, "30": {"num": 3, "community_belong": {"30": {"num": 3, "%": 0.07692307692307693}}}, "32": {"num": 2, "community_belong": {"32": {"num": 2, "%": 0.044444444444444446}}}, "33": {"num": 1, "community_belong": {"33": {"num": 1, "%": 0.2}}}}