{"0": {"num": 31, "community_belong": {"0": {"num": 31, "%": 0.08446866485013624}}}, "1": {"num": 146, "community_belong": {"1": {"num": 146, "%": 0.0430297671676982}}}, "2": {"num": 112, "community_belong": {"2": {"num": 112, "%": 0.07629427792915532}}}, "3": {"num": 9, "community_belong": {"3": {"num": 9, "%": 0.0430622009569378}}}, "4": {"num": 28, "community_belong": {"4": {"num": 28, "%": 0.062360801781737196}}}, "5": {"num": 4, "community_belong": {"5": {"num": 4, "%": 0.06896551724137931}}}, "6": {"num": 25, "community_belong": {"6": {"num": 25, "%": 0.032981530343007916}}}, "7": {"num": 17, "community_belong": {"7": {"num": 17, "%": 0.050595238095238096}}}, "8": {"num": 28, "community_belong": {"8": {"num": 28, "%": 0.04409448818897638}}}, "9": {"num": 5, "community_belong": {"9": {"num": 5, "%": 0.026881720430107527}}}, "10": {"num": 3, "community_belong": {"10": {"num": 3, "%": 0.038461538461538464}}}, "11": {"num": 26, "community_belong": {"11": {"num": 26, "%": 0.05726872246696035}}}, "13": {"num": 10, "community_belong": {"13": {"num": 10, "%": 0.05747126436781609}}}, "14": {"num": 16, "community_belong": {"14": {"num": 16, "%": 0.04923076923076923}}}, "15": {"num": 10, "community_belong": {"15": {"num": 10, "%": 0.035842293906810034}}}, "16": {"num": 15, "community_belong": {"16": {"num": 15, "%": 0.08108108108108109}}}, "17": {"num": 11, "community_belong": {"17": {"num": 11, "%": 0.05555555555555555}}}, "18": {"num": 20, "community_belong": {"18": {"num": 20, "%": 0.04962779156327544}}}, "19": {"num": 3, "community_belong": {"19": {"num": 3, "%": 0.13043478260869565}}}, "20": {"num": 1, "community_belong": {"20": {"num": 1, "%": 0.07142857142857142}}}, "21": {"num": 3, "community_belong": {"21": {"num": 3, "%": 0.027777777777777776}}}, "22": {"num": 7, "community_belong": {"22": {"num": 7, "%": 0.023411371237458192}}}, "23": {"num": 1, "community_belong": {"23": {"num": 1, "%": 0.022222222222222223}}}, "24": {"num": 9, "community_belong": {"24": {"num": 9, "%": 0.05357142857142857}}}, "25": {"num": 1, "community_belong": {"25": {"num": 1, "%": 0.041666666666666664}}}, "27": {"num": 1, "community_belong": {"27": {"num": 1, "%": 0.14285714285714285}}}, "28": {"num": 3, "community_belong": {"28": {"num": 3, "%": 0.03571428571428571}}}, "29": {"num": 9, "community_belong": {"29": {"num": 9, "%": 0.02875399361022364}}}, "30": {"num": 1, "community_belong": {"30": {"num": 1, "%": 0.02564102564102564}}}, "32": {"num": 1, "community_belong": {"32": {"num": 1, "%": 0.022222222222222223}}}}