{"0": {"num": 112, "community_belong": {"0": {"num": 112, "%": 0.30517711171662126}}}, "1": {"num": 1236, "community_belong": {"1": {"num": 1236, "%": 0.36427939876215737}}}, "2": {"num": 602, "community_belong": {"2": {"num": 602, "%": 0.4100817438692098}}}, "3": {"num": 47, "community_belong": {"3": {"num": 47, "%": 0.22488038277511962}}}, "4": {"num": 167, "community_belong": {"4": {"num": 167, "%": 0.37193763919821826}}}, "5": {"num": 13, "community_belong": {"5": {"num": 13, "%": 0.22413793103448276}}}, "6": {"num": 260, "community_belong": {"6": {"num": 260, "%": 0.34300791556728233}}}, "7": {"num": 115, "community_belong": {"7": {"num": 115, "%": 0.34226190476190477}}}, "8": {"num": 193, "community_belong": {"8": {"num": 193, "%": 0.30393700787401573}}}, "9": {"num": 62, "community_belong": {"9": {"num": 62, "%": 0.3333333333333333}}}, "10": {"num": 31, "community_belong": {"10": {"num": 31, "%": 0.3974358974358974}}}, "11": {"num": 159, "community_belong": {"11": {"num": 159, "%": 0.3502202643171806}}}, "12": {"num": 9, "community_belong": {"12": {"num": 9, "%": 0.36}}}, "13": {"num": 62, "community_belong": {"13": {"num": 62, "%": 0.3563218390804598}}}, "14": {"num": 94, "community_belong": {"14": {"num": 94, "%": 0.28923076923076924}}}, "15": {"num": 107, "community_belong": {"15": {"num": 107, "%": 0.3835125448028674}}}, "16": {"num": 70, "community_belong": {"16": {"num": 70, "%": 0.3783783783783784}}}, "17": {"num": 71, "community_belong": {"17": {"num": 71, "%": 0.35858585858585856}}}, "18": {"num": 137, "community_belong": {"18": {"num": 137, "%": 0.3399503722084367}}}, "19": {"num": 9, "community_belong": {"19": {"num": 9, "%": 0.391304347826087}}}, "20": {"num": 1, "community_belong": {"20": {"num": 1, "%": 0.07142857142857142}}}, "21": {"num": 27, "community_belong": {"21": {"num": 27, "%": 0.25}}}, "22": {"num": 94, "community_belong": {"22": {"num": 94, "%": 0.31438127090301005}}}, "23": {"num": 16, "community_belong": {"23": {"num": 16, "%": 0.35555555555555557}}}, "24": {"num": 47, "community_belong": {"24": {"num": 47, "%": 0.27976190476190477}}}, "25": {"num": 8, "community_belong": {"25": {"num": 8, "%": 0.3333333333333333}}}, "26": {"num": 3, "community_belong": {"26": {"num": 3, "%": 0.25}}}, "27": {"num": 3, "community_belong": {"27": {"num": 3, "%": 0.42857142857142855}}}, "28": {"num": 24, "community_belong": {"28": {"num": 24, "%": 0.2857142857142857}}}, "29": {"num": 94, "community_belong": {"29": {"num": 94, "%": 0.3003194888178914}}}, "30": {"num": 10, "community_belong": {"30": {"num": 10, "%": 0.2564102564102564}}}, "31": {"num": 2, "community_belong": {"31": {"num": 2, "%": 0.25}}}, "32": {"num": 8, "community_belong": {"32": {"num": 8, "%": 0.17777777777777778}}}, "33": {"num": 2, "community_belong": {"33": {"num": 2, "%": 0.4}}}}