{"0": {"num": 108, "community_belong": {"0": {"num": 108, "%": 0.29427792915531337}}}, "1": {"num": 1058, "community_belong": {"1": {"num": 1058, "%": 0.31181844974948425}}}, "2": {"num": 555, "community_belong": {"2": {"num": 555, "%": 0.37806539509536785}}}, "3": {"num": 41, "community_belong": {"3": {"num": 41, "%": 0.19617224880382775}}}, "4": {"num": 151, "community_belong": {"4": {"num": 151, "%": 0.3363028953229399}}}, "5": {"num": 18, "community_belong": {"5": {"num": 18, "%": 0.3103448275862069}}}, "6": {"num": 236, "community_belong": {"6": {"num": 236, "%": 0.3113456464379947}}}, "7": {"num": 97, "community_belong": {"7": {"num": 97, "%": 0.28869047619047616}}}, "8": {"num": 174, "community_belong": {"8": {"num": 174, "%": 0.2740157480314961}}}, "9": {"num": 49, "community_belong": {"9": {"num": 49, "%": 0.26344086021505375}}}, "10": {"num": 29, "community_belong": {"10": {"num": 29, "%": 0.3717948717948718}}}, "11": {"num": 143, "community_belong": {"11": {"num": 143, "%": 0.31497797356828194}}}, "12": {"num": 8, "community_belong": {"12": {"num": 8, "%": 0.32}}}, "13": {"num": 54, "community_belong": {"13": {"num": 54, "%": 0.3103448275862069}}}, "14": {"num": 85, "community_belong": {"14": {"num": 85, "%": 0.26153846153846155}}}, "15": {"num": 96, "community_belong": {"15": {"num": 96, "%": 0.34408602150537637}}}, "16": {"num": 55, "community_belong": {"16": {"num": 55, "%": 0.2972972972972973}}}, "17": {"num": 64, "community_belong": {"17": {"num": 64, "%": 0.32323232323232326}}}, "18": {"num": 106, "community_belong": {"18": {"num": 106, "%": 0.2630272952853598}}}, "19": {"num": 8, "community_belong": {"19": {"num": 8, "%": 0.34782608695652173}}}, "20": {"num": 1, "community_belong": {"20": {"num": 1, "%": 0.07142857142857142}}}, "21": {"num": 30, "community_belong": {"21": {"num": 30, "%": 0.2777777777777778}}}, "22": {"num": 74, "community_belong": {"22": {"num": 74, "%": 0.24749163879598662}}}, "23": {"num": 11, "community_belong": {"23": {"num": 11, "%": 0.24444444444444444}}}, "24": {"num": 47, "community_belong": {"24": {"num": 47, "%": 0.27976190476190477}}}, "25": {"num": 8, "community_belong": {"25": {"num": 8, "%": 0.3333333333333333}}}, "26": {"num": 1, "community_belong": {"26": {"num": 1, "%": 0.08333333333333333}}}, "27": {"num": 2, "community_belong": {"27": {"num": 2, "%": 0.2857142857142857}}}, "28": {"num": 24, "community_belong": {"28": {"num": 24, "%": 0.2857142857142857}}}, "29": {"num": 90, "community_belong": {"29": {"num": 90, "%": 0.28753993610223644}}}, "30": {"num": 7, "community_belong": {"30": {"num": 7, "%": 0.1794871794871795}}}, "31": {"num": 1, "community_belong": {"31": {"num": 1, "%": 0.125}}}, "32": {"num": 3, "community_belong": {"32": {"num": 3, "%": 0.06666666666666667}}}, "33": {"num": 1, "community_belong": {"33": {"num": 1, "%": 0.2}}}}