{"0": {"num": 137, "community_belong": {"0": {"num": 137, "%": 0.37329700272479566}}}, "1": {"num": 1470, "community_belong": {"1": {"num": 1470, "%": 0.4332449160035367}}}, "2": {"num": 668, "community_belong": {"2": {"num": 668, "%": 0.4550408719346049}}}, "3": {"num": 58, "community_belong": {"3": {"num": 58, "%": 0.27751196172248804}}}, "4": {"num": 191, "community_belong": {"4": {"num": 191, "%": 0.42538975501113585}}}, "5": {"num": 22, "community_belong": {"5": {"num": 22, "%": 0.3793103448275862}}}, "6": {"num": 296, "community_belong": {"6": {"num": 296, "%": 0.39050131926121373}}}, "7": {"num": 127, "community_belong": {"7": {"num": 127, "%": 0.37797619047619047}}}, "8": {"num": 223, "community_belong": {"8": {"num": 223, "%": 0.35118110236220473}}}, "9": {"num": 80, "community_belong": {"9": {"num": 80, "%": 0.43010752688172044}}}, "10": {"num": 30, "community_belong": {"10": {"num": 30, "%": 0.38461538461538464}}}, "11": {"num": 187, "community_belong": {"11": {"num": 187, "%": 0.4118942731277533}}}, "12": {"num": 9, "community_belong": {"12": {"num": 9, "%": 0.36}}}, "13": {"num": 66, "community_belong": {"13": {"num": 66, "%": 0.3793103448275862}}}, "14": {"num": 113, "community_belong": {"14": {"num": 113, "%": 0.3476923076923077}}}, "15": {"num": 119, "community_belong": {"15": {"num": 119, "%": 0.4265232974910394}}}, "16": {"num": 67, "community_belong": {"16": {"num": 67, "%": 0.3621621621621622}}}, "17": {"num": 81, "community_belong": {"17": {"num": 81, "%": 0.4090909090909091}}}, "18": {"num": 155, "community_belong": {"18": {"num": 155, "%": 0.38461538461538464}}}, "19": {"num": 10, "community_belong": {"19": {"num": 10, "%": 0.43478260869565216}}}, "20": {"num": 4, "community_belong": {"20": {"num": 4, "%": 0.2857142857142857}}}, "21": {"num": 38, "community_belong": {"21": {"num": 38, "%": 0.35185185185185186}}}, "22": {"num": 115, "community_belong": {"22": {"num": 115, "%": 0.38461538461538464}}}, "23": {"num": 13, "community_belong": {"23": {"num": 13, "%": 0.28888888888888886}}}, "24": {"num": 50, "community_belong": {"24": {"num": 50, "%": 0.2976190476190476}}}, "25": {"num": 8, "community_belong": {"25": {"num": 8, "%": 0.3333333333333333}}}, "26": {"num": 5, "community_belong": {"26": {"num": 5, "%": 0.4166666666666667}}}, "27": {"num": 2, "community_belong": {"27": {"num": 2, "%": 0.2857142857142857}}}, "28": {"num": 24, "community_belong": {"28": {"num": 24, "%": 0.2857142857142857}}}, "29": {"num": 112, "community_belong": {"29": {"num": 112, "%": 0.35782747603833864}}}, "30": {"num": 13, "community_belong": {"30": {"num": 13, "%": 0.3333333333333333}}}, "31": {"num": 4, "community_belong": {"31": {"num": 4, "%": 0.5}}}, "32": {"num": 13, "community_belong": {"32": {"num": 13, "%": 0.28888888888888886}}}, "33": {"num": 2, "community_belong": {"33": {"num": 2, "%": 0.4}}}}