{"0": {"num": 83, "community_belong": {"0": {"num": 83, "%": 0.22615803814713897}}}, "1": {"num": 854, "community_belong": {"1": {"num": 854, "%": 0.2516946654877689}}}, "2": {"num": 481, "community_belong": {"2": {"num": 481, "%": 0.3276566757493188}}}, "3": {"num": 32, "community_belong": {"3": {"num": 32, "%": 0.15311004784688995}}}, "4": {"num": 141, "community_belong": {"4": {"num": 141, "%": 0.31403118040089084}}}, "5": {"num": 9, "community_belong": {"5": {"num": 9, "%": 0.15517241379310345}}}, "6": {"num": 189, "community_belong": {"6": {"num": 189, "%": 0.24934036939313983}}}, "7": {"num": 85, "community_belong": {"7": {"num": 85, "%": 0.25297619047619047}}}, "8": {"num": 144, "community_belong": {"8": {"num": 144, "%": 0.22677165354330708}}}, "9": {"num": 41, "community_belong": {"9": {"num": 41, "%": 0.22043010752688172}}}, "10": {"num": 17, "community_belong": {"10": {"num": 17, "%": 0.21794871794871795}}}, "11": {"num": 124, "community_belong": {"11": {"num": 124, "%": 0.27312775330396477}}}, "12": {"num": 5, "community_belong": {"12": {"num": 5, "%": 0.2}}}, "13": {"num": 39, "community_belong": {"13": {"num": 39, "%": 0.22413793103448276}}}, "14": {"num": 70, "community_belong": {"14": {"num": 70, "%": 0.2153846153846154}}}, "15": {"num": 66, "community_belong": {"15": {"num": 66, "%": 0.23655913978494625}}}, "16": {"num": 41, "community_belong": {"16": {"num": 41, "%": 0.22162162162162163}}}, "17": {"num": 50, "community_belong": {"17": {"num": 50, "%": 0.25252525252525254}}}, "18": {"num": 100, "community_belong": {"18": {"num": 100, "%": 0.24813895781637718}}}, "19": {"num": 7, "community_belong": {"19": {"num": 7, "%": 0.30434782608695654}}}, "20": {"num": 1, "community_belong": {"20": {"num": 1, "%": 0.07142857142857142}}}, "21": {"num": 22, "community_belong": {"21": {"num": 22, "%": 0.2037037037037037}}}, "22": {"num": 65, "community_belong": {"22": {"num": 65, "%": 0.21739130434782608}}}, "23": {"num": 11, "community_belong": {"23": {"num": 11, "%": 0.24444444444444444}}}, "24": {"num": 34, "community_belong": {"24": {"num": 34, "%": 0.20238095238095238}}}, "25": {"num": 5, "community_belong": {"25": {"num": 5, "%": 0.20833333333333334}}}, "26": {"num": 2, "community_belong": {"26": {"num": 2, "%": 0.16666666666666666}}}, "27": {"num": 1, "community_belong": {"27": {"num": 1, "%": 0.14285714285714285}}}, "28": {"num": 11, "community_belong": {"28": {"num": 11, "%": 0.13095238095238096}}}, "29": {"num": 70, "community_belong": {"29": {"num": 70, "%": 0.22364217252396165}}}, "30": {"num": 6, "community_belong": {"30": {"num": 6, "%": 0.15384615384615385}}}, "31": {"num": 1, "community_belong": {"31": {"num": 1, "%": 0.125}}}, "32": {"num": 3, "community_belong": {"32": {"num": 3, "%": 0.06666666666666667}}}, "33": {"num": 1, "community_belong": {"33": {"num": 1, "%": 0.2}}}}