{"0": {"num": 100, "community_belong": {"0": {"num": 100, "%": 0.2724795640326976}}}, "1": {"num": 1018, "community_belong": {"1": {"num": 1018, "%": 0.30002947244326555}}}, "2": {"num": 529, "community_belong": {"2": {"num": 529, "%": 0.3603542234332425}}}, "3": {"num": 37, "community_belong": {"3": {"num": 37, "%": 0.17703349282296652}}}, "4": {"num": 146, "community_belong": {"4": {"num": 146, "%": 0.32516703786191536}}}, "5": {"num": 17, "community_belong": {"5": {"num": 17, "%": 0.29310344827586204}}}, "6": {"num": 224, "community_belong": {"6": {"num": 224, "%": 0.2955145118733509}}}, "7": {"num": 95, "community_belong": {"7": {"num": 95, "%": 0.28273809523809523}}}, "8": {"num": 171, "community_belong": {"8": {"num": 171, "%": 0.2692913385826772}}}, "9": {"num": 54, "community_belong": {"9": {"num": 54, "%": 0.2903225806451613}}}, "10": {"num": 25, "community_belong": {"10": {"num": 25, "%": 0.32051282051282054}}}, "11": {"num": 147, "community_belong": {"11": {"num": 147, "%": 0.3237885462555066}}}, "12": {"num": 9, "community_belong": {"12": {"num": 9, "%": 0.36}}}, "13": {"num": 51, "community_belong": {"13": {"num": 51, "%": 0.29310344827586204}}}, "14": {"num": 93, "community_belong": {"14": {"num": 93, "%": 0.28615384615384615}}}, "15": {"num": 86, "community_belong": {"15": {"num": 86, "%": 0.30824372759856633}}}, "16": {"num": 47, "community_belong": {"16": {"num": 47, "%": 0.25405405405405407}}}, "17": {"num": 62, "community_belong": {"17": {"num": 62, "%": 0.31313131313131315}}}, "18": {"num": 108, "community_belong": {"18": {"num": 108, "%": 0.2679900744416873}}}, "19": {"num": 9, "community_belong": {"19": {"num": 9, "%": 0.391304347826087}}}, "20": {"num": 1, "community_belong": {"20": {"num": 1, "%": 0.07142857142857142}}}, "21": {"num": 29, "community_belong": {"21": {"num": 29, "%": 0.26851851851851855}}}, "22": {"num": 71, "community_belong": {"22": {"num": 71, "%": 0.23745819397993312}}}, "23": {"num": 10, "community_belong": {"23": {"num": 10, "%": 0.2222222222222222}}}, "24": {"num": 39, "community_belong": {"24": {"num": 39, "%": 0.23214285714285715}}}, "25": {"num": 7, "community_belong": {"25": {"num": 7, "%": 0.2916666666666667}}}, "26": {"num": 1, "community_belong": {"26": {"num": 1, "%": 0.08333333333333333}}}, "27": {"num": 1, "community_belong": {"27": {"num": 1, "%": 0.14285714285714285}}}, "28": {"num": 21, "community_belong": {"28": {"num": 21, "%": 0.25}}}, "29": {"num": 83, "community_belong": {"29": {"num": 83, "%": 0.26517571884984026}}}, "30": {"num": 11, "community_belong": {"30": {"num": 11, "%": 0.28205128205128205}}}, "31": {"num": 3, "community_belong": {"31": {"num": 3, "%": 0.375}}}, "32": {"num": 4, "community_belong": {"32": {"num": 4, "%": 0.08888888888888889}}}, "33": {"num": 1, "community_belong": {"33": {"num": 1, "%": 0.2}}}}