{"0": {"num": 711, "community_belong": {"0": {"num": 21, "%": 0.05722070844686648}, "1": {"num": 517, "%": 0.1523725316828765}, "2": {"num": 9, "%": 0.006130790190735695}, "3": {"num": 4, "%": 0.019138755980861243}, "4": {"num": 13, "%": 0.028953229398663696}, "5": {"num": 1, "%": 0.017241379310344827}, "6": {"num": 3, "%": 0.00395778364116095}, "7": {"num": 1, "%": 0.002976190476190476}, "8": {"num": 37, "%": 0.05826771653543307}, "10": {"num": 3, "%": 0.038461538461538464}, "11": {"num": 11, "%": 0.024229074889867842}, "13": {"num": 11, "%": 0.06321839080459771}, "14": {"num": 21, "%": 0.06461538461538462}, "16": {"num": 35, "%": 0.1891891891891892}, "17": {"num": 17, "%": 0.08585858585858586}, "18": {"num": 1, "%": 0.0024813895781637717}, "20": {"num": 1, "%": 0.07142857142857142}, "21": {"num": 1, "%": 0.009259259259259259}, "25": {"num": 2, "%": 0.08333333333333333}, "28": {"num": 1, "%": 0.011904761904761904}, "33": {"num": 1, "%": 0.2}}}, "1": {"num": 358, "community_belong": {"0": {"num": 9, "%": 0.02452316076294278}, "1": {"num": 20, "%": 0.0058944886531093425}, "2": {"num": 259, "%": 0.17643051771117166}, "3": {"num": 1, "%": 0.004784688995215311}, "4": {"num": 4, "%": 0.008908685968819599}, "6": {"num": 2, "%": 0.002638522427440633}, "8": {"num": 7, "%": 0.011023622047244094}, "9": {"num": 6, "%": 0.03225806451612903}, "10": {"num": 2, "%": 0.02564102564102564}, "12": {"num": 2, "%": 0.08}, "13": {"num": 3, "%": 0.017241379310344827}, "14": {"num": 1, "%": 0.003076923076923077}, "15": {"num": 27, "%": 0.0967741935483871}, "16": {"num": 2, "%": 0.010810810810810811}, "17": {"num": 3, "%": 0.015151515151515152}, "18": {"num": 3, "%": 0.007444168734491315}, "19": {"num": 1, "%": 0.043478260869565216}, "22": {"num": 1, "%": 0.0033444816053511705}, "23": {"num": 2, "%": 0.044444444444444446}, "29": {"num": 2, "%": 0.006389776357827476}, "31": {"num": 1, "%": 0.125}}}, "2": {"num": 90, "community_belong": {"0": {"num": 38, "%": 0.10354223433242507}, "1": {"num": 10, "%": 0.0029472443265546712}, "2": {"num": 3, "%": 0.0020435967302452314}, "3": {"num": 15, "%": 0.07177033492822966}, "10": {"num": 2, "%": 0.02564102564102564}, "11": {"num": 1, "%": 0.0022026431718061676}, "14": {"num": 4, "%": 0.012307692307692308}, "21": {"num": 11, "%": 0.10185185185185185}, "24": {"num": 6, "%": 0.03571428571428571}}}, "3": {"num": 178, "community_belong": {"1": {"num": 45, "%": 0.013262599469496022}, "2": {"num": 4, "%": 0.0027247956403269754}, "4": {"num": 23, "%": 0.051224944320712694}, "6": {"num": 10, "%": 0.013192612137203167}, "7": {"num": 1, "%": 0.002976190476190476}, "8": {"num": 49, "%": 0.07716535433070866}, "10": {"num": 1, "%": 0.01282051282051282}, "13": {"num": 12, "%": 0.06896551724137931}, "14": {"num": 1, "%": 0.003076923076923077}, "16": {"num": 7, "%": 0.03783783783783784}, "17": {"num": 19, "%": 0.09595959595959595}, "19": {"num": 3, "%": 0.13043478260869565}, "25": {"num": 3, "%": 0.125}}}, "4": {"num": 194, "community_belong": {"0": {"num": 4, "%": 0.010899182561307902}, "1": {"num": 4, "%": 0.0011788977306218685}, "2": {"num": 1, "%": 0.0006811989100817438}, "3": {"num": 2, "%": 0.009569377990430622}, "4": {"num": 49, "%": 0.1091314031180401}, "6": {"num": 91, "%": 0.12005277044854881}, "8": {"num": 4, "%": 0.006299212598425197}, "11": {"num": 4, "%": 0.00881057268722467}, "13": {"num": 7, "%": 0.040229885057471264}, "14": {"num": 27, "%": 0.08307692307692308}, "17": {"num": 1, "%": 0.005050505050505051}}}, "5": {"num": 153, "community_belong": {"0": {"num": 1, "%": 0.0027247956403269754}, "1": {"num": 17, "%": 0.0050103153551429415}, "2": {"num": 67, "%": 0.04564032697547684}, "4": {"num": 2, "%": 0.004454342984409799}, "7": {"num": 3, "%": 0.008928571428571428}, "9": {"num": 26, "%": 0.13978494623655913}, "11": {"num": 2, "%": 0.004405286343612335}, "15": {"num": 27, "%": 0.0967741935483871}, "21": {"num": 2, "%": 0.018518518518518517}, "29": {"num": 3, "%": 0.009584664536741214}, "32": {"num": 3, "%": 0.06666666666666667}}}, "6": {"num": 186, "community_belong": {"1": {"num": 7, "%": 0.00206307102858827}, "2": {"num": 5, "%": 0.0034059945504087193}, "4": {"num": 1, "%": 0.0022271714922048997}, "6": {"num": 25, "%": 0.032981530343007916}, "7": {"num": 54, "%": 0.16071428571428573}, "9": {"num": 3, "%": 0.016129032258064516}, "11": {"num": 62, "%": 0.13656387665198239}, "12": {"num": 1, "%": 0.04}, "18": {"num": 14, "%": 0.034739454094292806}, "28": {"num": 2, "%": 0.023809523809523808}, "29": {"num": 3, "%": 0.009584664536741214}, "30": {"num": 9, "%": 0.23076923076923078}}}, "7": {"num": 49, "community_belong": {"0": {"num": 1, "%": 0.0027247956403269754}, "22": {"num": 48, "%": 0.1605351170568562}}}, "8": {"num": 47, "community_belong": {"1": {"num": 1, "%": 0.0002947244326554671}, "2": {"num": 2, "%": 0.0013623978201634877}, "18": {"num": 34, "%": 0.08436724565756824}, "28": {"num": 10, "%": 0.11904761904761904}}}, "9": {"num": 31, "community_belong": {"29": {"num": 31, "%": 0.09904153354632587}}}, "10": {"num": 38, "community_belong": {"18": {"num": 12, "%": 0.02977667493796526}, "24": {"num": 25, "%": 0.1488095238095238}, "28": {"num": 1, "%": 0.011904761904761904}}}, "11": {"num": 2, "community_belong": {"18": {"num": 2, "%": 0.004962779156327543}}}}