{"0": {"num": 166, "community_belong": {"0": {"num": 2, "%": 0.005449591280653951}, "1": {"num": 114, "%": 0.03359858532272325}, "2": {"num": 2, "%": 0.0013623978201634877}, "3": {"num": 2, "%": 0.009569377990430622}, "4": {"num": 2, "%": 0.004454342984409799}, "5": {"num": 1, "%": 0.017241379310344827}, "7": {"num": 1, "%": 0.002976190476190476}, "8": {"num": 12, "%": 0.01889763779527559}, "10": {"num": 1, "%": 0.01282051282051282}, "11": {"num": 4, "%": 0.00881057268722467}, "13": {"num": 9, "%": 0.05172413793103448}, "14": {"num": 3, "%": 0.009230769230769232}, "16": {"num": 5, "%": 0.02702702702702703}, "17": {"num": 3, "%": 0.015151515151515152}, "19": {"num": 1, "%": 0.043478260869565216}, "22": {"num": 2, "%": 0.006688963210702341}, "25": {"num": 2, "%": 0.08333333333333333}}}, "1": {"num": 26, "community_belong": {"3": {"num": 5, "%": 0.023923444976076555}, "4": {"num": 1, "%": 0.0022271714922048997}, "6": {"num": 18, "%": 0.023746701846965697}, "7": {"num": 1, "%": 0.002976190476190476}, "9": {"num": 1, "%": 0.005376344086021506}}}, "2": {"num": 88, "community_belong": {"0": {"num": 11, "%": 0.02997275204359673}, "1": {"num": 18, "%": 0.005305039787798408}, "2": {"num": 14, "%": 0.009536784741144414}, "3": {"num": 3, "%": 0.014354066985645933}, "4": {"num": 4, "%": 0.008908685968819599}, "6": {"num": 1, "%": 0.0013192612137203166}, "8": {"num": 12, "%": 0.01889763779527559}, "9": {"num": 1, "%": 0.005376344086021506}, "10": {"num": 1, "%": 0.01282051282051282}, "11": {"num": 2, "%": 0.004405286343612335}, "13": {"num": 4, "%": 0.022988505747126436}, "14": {"num": 8, "%": 0.024615384615384615}, "16": {"num": 2, "%": 0.010810810810810811}, "17": {"num": 4, "%": 0.020202020202020204}, "19": {"num": 2, "%": 0.08695652173913043}, "22": {"num": 1, "%": 0.0033444816053511705}}}, "3": {"num": 107, "community_belong": {"1": {"num": 1, "%": 0.0002947244326554671}, "2": {"num": 76, "%": 0.051771117166212535}, "6": {"num": 1, "%": 0.0013192612137203166}, "7": {"num": 1, "%": 0.002976190476190476}, "9": {"num": 5, "%": 0.026881720430107527}, "11": {"num": 6, "%": 0.013215859030837005}, "14": {"num": 1, "%": 0.003076923076923077}, "15": {"num": 11, "%": 0.03942652329749104}, "18": {"num": 2, "%": 0.004962779156327543}, "23": {"num": 1, "%": 0.022222222222222223}, "24": {"num": 2, "%": 0.011904761904761904}}}, "4": {"num": 24, "community_belong": {"1": {"num": 8, "%": 0.002357795461243737}, "4": {"num": 10, "%": 0.022271714922048998}, "8": {"num": 3, "%": 0.004724409448818898}, "13": {"num": 1, "%": 0.005747126436781609}, "14": {"num": 1, "%": 0.003076923076923077}, "16": {"num": 1, "%": 0.005405405405405406}}}, "5": {"num": 4, "community_belong": {"0": {"num": 3, "%": 0.008174386920980926}, "23": {"num": 1, "%": 0.022222222222222223}}}, "6": {"num": 12, "community_belong": {"7": {"num": 12, "%": 0.03571428571428571}}}, "7": {"num": 12, "community_belong": {"18": {"num": 1, "%": 0.0024813895781637717}, "29": {"num": 11, "%": 0.03514376996805112}}}, "8": {"num": 3, "community_belong": {"21": {"num": 3, "%": 0.027777777777777776}}}, "9": {"num": 5, "community_belong": {"18": {"num": 5, "%": 0.01240694789081886}}}, "10": {"num": 3, "community_belong": {"18": {"num": 3, "%": 0.007444168734491315}}}}