{"0": {"num": 103, "community_belong": {"0": {"num": 1, "%": 0.0027247956403269754}, "1": {"num": 60, "%": 0.01768346595932803}, "2": {"num": 3, "%": 0.0020435967302452314}, "4": {"num": 2, "%": 0.004454342984409799}, "8": {"num": 11, "%": 0.01732283464566929}, "11": {"num": 2, "%": 0.004405286343612335}, "13": {"num": 10, "%": 0.05747126436781609}, "14": {"num": 4, "%": 0.012307692307692308}, "16": {"num": 6, "%": 0.032432432432432434}, "19": {"num": 3, "%": 0.13043478260869565}, "24": {"num": 1, "%": 0.005952380952380952}}}, "1": {"num": 210, "community_belong": {"0": {"num": 6, "%": 0.01634877384196185}, "1": {"num": 42, "%": 0.01237842617152962}, "2": {"num": 40, "%": 0.027247956403269755}, "3": {"num": 5, "%": 0.023923444976076555}, "4": {"num": 22, "%": 0.04899777282850779}, "5": {"num": 1, "%": 0.017241379310344827}, "6": {"num": 4, "%": 0.005277044854881266}, "7": {"num": 1, "%": 0.002976190476190476}, "8": {"num": 41, "%": 0.06456692913385827}, "10": {"num": 9, "%": 0.11538461538461539}, "13": {"num": 4, "%": 0.022988505747126436}, "14": {"num": 25, "%": 0.07692307692307693}, "17": {"num": 10, "%": 0.050505050505050504}}}, "2": {"num": 101, "community_belong": {"0": {"num": 1, "%": 0.0027247956403269754}, "3": {"num": 2, "%": 0.009569377990430622}, "4": {"num": 34, "%": 0.0757238307349666}, "6": {"num": 56, "%": 0.07387862796833773}, "7": {"num": 1, "%": 0.002976190476190476}, "9": {"num": 1, "%": 0.005376344086021506}, "10": {"num": 1, "%": 0.01282051282051282}, "13": {"num": 1, "%": 0.005747126436781609}, "14": {"num": 2, "%": 0.006153846153846154}, "17": {"num": 1, "%": 0.005050505050505051}, "22": {"num": 1, "%": 0.0033444816053511705}}}, "3": {"num": 449, "community_belong": {"0": {"num": 19, "%": 0.051771117166212535}, "1": {"num": 341, "%": 0.10050103153551429}, "2": {"num": 3, "%": 0.0020435967302452314}, "3": {"num": 5, "%": 0.023923444976076555}, "4": {"num": 10, "%": 0.022271714922048998}, "5": {"num": 3, "%": 0.05172413793103448}, "6": {"num": 5, "%": 0.006596306068601583}, "7": {"num": 2, "%": 0.005952380952380952}, "8": {"num": 17, "%": 0.026771653543307086}, "10": {"num": 1, "%": 0.01282051282051282}, "11": {"num": 4, "%": 0.00881057268722467}, "13": {"num": 10, "%": 0.05747126436781609}, "14": {"num": 6, "%": 0.018461538461538463}, "16": {"num": 8, "%": 0.043243243243243246}, "17": {"num": 7, "%": 0.03535353535353535}, "18": {"num": 1, "%": 0.0024813895781637717}, "19": {"num": 3, "%": 0.13043478260869565}, "20": {"num": 2, "%": 0.14285714285714285}, "22": {"num": 1, "%": 0.0033444816053511705}, "31": {"num": 1, "%": 0.125}}}, "4": {"num": 75, "community_belong": {"0": {"num": 28, "%": 0.07629427792915532}, "1": {"num": 6, "%": 0.0017683465959328027}, "2": {"num": 6, "%": 0.004087193460490463}, "3": {"num": 7, "%": 0.03349282296650718}, "4": {"num": 1, "%": 0.0022271714922048997}, "6": {"num": 1, "%": 0.0013192612137203166}, "7": {"num": 6, "%": 0.017857142857142856}, "8": {"num": 1, "%": 0.0015748031496062992}, "11": {"num": 1, "%": 0.0022026431718061676}, "13": {"num": 1, "%": 0.005747126436781609}, "14": {"num": 6, "%": 0.018461538461538463}, "17": {"num": 4, "%": 0.020202020202020204}, "19": {"num": 1, "%": 0.043478260869565216}, "23": {"num": 2, "%": 0.044444444444444446}, "24": {"num": 4, "%": 0.023809523809523808}}}, "5": {"num": 305, "community_belong": {"0": {"num": 1, "%": 0.0027247956403269754}, "1": {"num": 3, "%": 0.0008841732979664014}, "2": {"num": 200, "%": 0.1362397820163488}, "4": {"num": 2, "%": 0.004454342984409799}, "5": {"num": 1, "%": 0.017241379310344827}, "6": {"num": 2, "%": 0.002638522427440633}, "7": {"num": 3, "%": 0.008928571428571428}, "9": {"num": 29, "%": 0.15591397849462366}, "11": {"num": 11, "%": 0.024229074889867842}, "12": {"num": 2, "%": 0.08}, "13": {"num": 1, "%": 0.005747126436781609}, "15": {"num": 26, "%": 0.0931899641577061}, "18": {"num": 5, "%": 0.01240694789081886}, "21": {"num": 1, "%": 0.009259259259259259}, "23": {"num": 4, "%": 0.08888888888888889}, "24": {"num": 7, "%": 0.041666666666666664}, "26": {"num": 2, "%": 0.16666666666666666}, "27": {"num": 2, "%": 0.2857142857142857}, "29": {"num": 2, "%": 0.006389776357827476}, "30": {"num": 1, "%": 0.02564102564102564}}}, "6": {"num": 122, "community_belong": {"1": {"num": 2, "%": 0.0005894488653109342}, "2": {"num": 2, "%": 0.0013623978201634877}, "5": {"num": 1, "%": 0.017241379310344827}, "6": {"num": 8, "%": 0.010554089709762533}, "7": {"num": 13, "%": 0.03869047619047619}, "9": {"num": 1, "%": 0.005376344086021506}, "11": {"num": 48, "%": 0.10572687224669604}, "13": {"num": 1, "%": 0.005747126436781609}, "18": {"num": 33, "%": 0.08188585607940446}, "24": {"num": 4, "%": 0.023809523809523808}, "28": {"num": 2, "%": 0.023809523809523808}, "30": {"num": 3, "%": 0.07692307692307693}, "32": {"num": 4, "%": 0.08888888888888889}}}, "7": {"num": 53, "community_belong": {"1": {"num": 32, "%": 0.009431181844974948}, "2": {"num": 1, "%": 0.0006811989100817438}, "4": {"num": 1, "%": 0.0022271714922048997}, "5": {"num": 4, "%": 0.06896551724137931}, "8": {"num": 3, "%": 0.004724409448818898}, "11": {"num": 1, "%": 0.0022026431718061676}, "13": {"num": 1, "%": 0.005747126436781609}, "16": {"num": 10, "%": 0.05405405405405406}}}, "8": {"num": 21, "community_belong": {"22": {"num": 21, "%": 0.07023411371237458}}}, "9": {"num": 9, "community_belong": {"21": {"num": 9, "%": 0.08333333333333333}}}, "10": {"num": 2, "community_belong": {"29": {"num": 2, "%": 0.006389776357827476}}}, "11": {"num": 3, "community_belong": {"29": {"num": 3, "%": 0.009584664536741214}}}}