{"0": {"num": 1020, "community_belong": {"0": {"num": 18, "%": 0.04904632152588556}, "1": {"num": 845, "%": 0.24904214559386972}, "2": {"num": 9, "%": 0.006130790190735695}, "3": {"num": 5, "%": 0.023923444976076555}, "4": {"num": 11, "%": 0.024498886414253896}, "6": {"num": 2, "%": 0.002638522427440633}, "7": {"num": 3, "%": 0.008928571428571428}, "8": {"num": 27, "%": 0.04251968503937008}, "10": {"num": 7, "%": 0.08974358974358974}, "11": {"num": 6, "%": 0.013215859030837005}, "13": {"num": 11, "%": 0.06321839080459771}, "14": {"num": 12, "%": 0.036923076923076927}, "16": {"num": 27, "%": 0.14594594594594595}, "17": {"num": 27, "%": 0.13636363636363635}, "18": {"num": 1, "%": 0.0024813895781637717}, "19": {"num": 2, "%": 0.08695652173913043}, "25": {"num": 4, "%": 0.16666666666666666}, "29": {"num": 1, "%": 0.003194888178913738}, "30": {"num": 1, "%": 0.02564102564102564}, "33": {"num": 1, "%": 0.2}}}, "1": {"num": 440, "community_belong": {"0": {"num": 64, "%": 0.17438692098092642}, "1": {"num": 102, "%": 0.030061892130857647}, "2": {"num": 40, "%": 0.027247956403269755}, "3": {"num": 33, "%": 0.15789473684210525}, "4": {"num": 50, "%": 0.111358574610245}, "6": {"num": 6, "%": 0.0079155672823219}, "8": {"num": 76, "%": 0.11968503937007874}, "10": {"num": 17, "%": 0.21794871794871795}, "11": {"num": 2, "%": 0.004405286343612335}, "13": {"num": 27, "%": 0.15517241379310345}, "14": {"num": 8, "%": 0.024615384615384615}, "16": {"num": 6, "%": 0.032432432432432434}, "17": {"num": 4, "%": 0.020202020202020204}, "19": {"num": 3, "%": 0.13043478260869565}, "25": {"num": 2, "%": 0.08333333333333333}}}, "2": {"num": 287, "community_belong": {"0": {"num": 3, "%": 0.008174386920980926}, "1": {"num": 14, "%": 0.00412614205717654}, "2": {"num": 1, "%": 0.0006811989100817438}, "4": {"num": 67, "%": 0.1492204899777283}, "6": {"num": 189, "%": 0.24934036939313983}, "8": {"num": 1, "%": 0.0015748031496062992}, "9": {"num": 1, "%": 0.005376344086021506}, "10": {"num": 1, "%": 0.01282051282051282}, "11": {"num": 4, "%": 0.00881057268722467}, "18": {"num": 1, "%": 0.0024813895781637717}, "22": {"num": 1, "%": 0.0033444816053511705}, "25": {"num": 2, "%": 0.08333333333333333}, "29": {"num": 2, "%": 0.006389776357827476}}}, "3": {"num": 39, "community_belong": {"0": {"num": 1, "%": 0.0027247956403269754}, "1": {"num": 2, "%": 0.0005894488653109342}, "4": {"num": 1, "%": 0.0022271714922048997}, "5": {"num": 8, "%": 0.13793103448275862}, "8": {"num": 27, "%": 0.04251968503937008}}}, "4": {"num": 618, "community_belong": {"0": {"num": 4, "%": 0.010899182561307902}, "1": {"num": 2, "%": 0.0005894488653109342}, "2": {"num": 451, "%": 0.3072207084468665}, "4": {"num": 2, "%": 0.004454342984409799}, "6": {"num": 1, "%": 0.0013192612137203166}, "8": {"num": 4, "%": 0.006299212598425197}, "9": {"num": 37, "%": 0.1989247311827957}, "11": {"num": 2, "%": 0.004405286343612335}, "13": {"num": 1, "%": 0.005747126436781609}, "14": {"num": 1, "%": 0.003076923076923077}, "15": {"num": 87, "%": 0.3118279569892473}, "18": {"num": 5, "%": 0.01240694789081886}, "21": {"num": 3, "%": 0.027777777777777776}, "24": {"num": 10, "%": 0.05952380952380952}, "29": {"num": 3, "%": 0.009584664536741214}, "30": {"num": 5, "%": 0.1282051282051282}}}, "5": {"num": 282, "community_belong": {"1": {"num": 6, "%": 0.0017683465959328027}, "2": {"num": 3, "%": 0.0020435967302452314}, "4": {"num": 2, "%": 0.004454342984409799}, "5": {"num": 1, "%": 0.017241379310344827}, "6": {"num": 8, "%": 0.010554089709762533}, "7": {"num": 84, "%": 0.25}, "10": {"num": 1, "%": 0.01282051282051282}, "11": {"num": 114, "%": 0.2511013215859031}, "18": {"num": 39, "%": 0.0967741935483871}, "28": {"num": 23, "%": 0.27380952380952384}, "29": {"num": 1, "%": 0.003194888178913738}}}, "6": {"num": 128, "community_belong": {"1": {"num": 1, "%": 0.0002947244326554671}, "2": {"num": 6, "%": 0.004087193460490463}, "6": {"num": 3, "%": 0.00395778364116095}, "9": {"num": 4, "%": 0.021505376344086023}, "12": {"num": 8, "%": 0.32}, "15": {"num": 2, "%": 0.007168458781362007}, "18": {"num": 35, "%": 0.08684863523573201}, "29": {"num": 69, "%": 0.22044728434504793}}}, "7": {"num": 168, "community_belong": {"0": {"num": 1, "%": 0.0027247956403269754}, "1": {"num": 60, "%": 0.01768346595932803}, "4": {"num": 4, "%": 0.008908685968819599}, "8": {"num": 5, "%": 0.007874015748031496}, "11": {"num": 1, "%": 0.0022026431718061676}, "14": {"num": 54, "%": 0.16615384615384615}, "16": {"num": 19, "%": 0.10270270270270271}, "17": {"num": 23, "%": 0.11616161616161616}, "19": {"num": 1, "%": 0.043478260869565216}}}, "8": {"num": 36, "community_belong": {"2": {"num": 5, "%": 0.0034059945504087193}, "8": {"num": 17, "%": 0.026771653543307086}, "10": {"num": 1, "%": 0.01282051282051282}, "13": {"num": 13, "%": 0.07471264367816093}}}, "9": {"num": 69, "community_belong": {"0": {"num": 1, "%": 0.0027247956403269754}, "22": {"num": 68, "%": 0.22742474916387959}}}, "10": {"num": 12, "community_belong": {"18": {"num": 5, "%": 0.01240694789081886}, "23": {"num": 7, "%": 0.15555555555555556}}}, "11": {"num": 8, "community_belong": {"5": {"num": 8, "%": 0.13793103448275862}}}, "12": {"num": 36, "community_belong": {"2": {"num": 1, "%": 0.0006811989100817438}, "24": {"num": 35, "%": 0.20833333333333334}}}, "13": {"num": 26, "community_belong": {"21": {"num": 26, "%": 0.24074074074074073}}}, "14": {"num": 4, "community_belong": {"6": {"num": 4, "%": 0.005277044854881266}}}, "15": {"num": 2, "community_belong": {"27": {"num": 2, "%": 0.2857142857142857}}}}