{"0": {"num": 1299, "community_belong": {"0": {"num": 27, "%": 0.07356948228882834}, "1": {"num": 1095, "%": 0.32272325375773653}, "2": {"num": 12, "%": 0.008174386920980926}, "3": {"num": 5, "%": 0.023923444976076555}, "4": {"num": 18, "%": 0.0400890868596882}, "5": {"num": 2, "%": 0.034482758620689655}, "6": {"num": 2, "%": 0.002638522427440633}, "7": {"num": 4, "%": 0.011904761904761904}, "8": {"num": 13, "%": 0.02047244094488189}, "10": {"num": 3, "%": 0.038461538461538464}, "11": {"num": 1, "%": 0.0022026431718061676}, "13": {"num": 16, "%": 0.09195402298850575}, "14": {"num": 18, "%": 0.055384615384615386}, "16": {"num": 38, "%": 0.20540540540540542}, "17": {"num": 31, "%": 0.15656565656565657}, "19": {"num": 5, "%": 0.21739130434782608}, "25": {"num": 7, "%": 0.2916666666666667}, "28": {"num": 1, "%": 0.011904761904761904}, "29": {"num": 1, "%": 0.003194888178913738}}}, "1": {"num": 543, "community_belong": {"0": {"num": 46, "%": 0.12534059945504086}, "1": {"num": 91, "%": 0.02681992337164751}, "2": {"num": 51, "%": 0.03474114441416894}, "3": {"num": 9, "%": 0.0430622009569378}, "4": {"num": 56, "%": 0.12472160356347439}, "5": {"num": 2, "%": 0.034482758620689655}, "6": {"num": 6, "%": 0.0079155672823219}, "7": {"num": 2, "%": 0.005952380952380952}, "8": {"num": 110, "%": 0.1732283464566929}, "10": {"num": 13, "%": 0.16666666666666666}, "13": {"num": 27, "%": 0.15517241379310345}, "14": {"num": 72, "%": 0.22153846153846155}, "16": {"num": 20, "%": 0.10810810810810811}, "17": {"num": 27, "%": 0.13636363636363635}, "18": {"num": 2, "%": 0.004962779156327543}, "19": {"num": 3, "%": 0.13043478260869565}, "24": {"num": 5, "%": 0.02976190476190476}, "25": {"num": 1, "%": 0.041666666666666664}}}, "2": {"num": 303, "community_belong": {"4": {"num": 84, "%": 0.1870824053452116}, "6": {"num": 207, "%": 0.27308707124010556}, "8": {"num": 1, "%": 0.0015748031496062992}, "9": {"num": 1, "%": 0.005376344086021506}, "11": {"num": 5, "%": 0.011013215859030838}, "13": {"num": 2, "%": 0.011494252873563218}, "18": {"num": 2, "%": 0.004962779156327543}, "29": {"num": 1, "%": 0.003194888178913738}}}, "3": {"num": 128, "community_belong": {"0": {"num": 6, "%": 0.01634877384196185}, "1": {"num": 35, "%": 0.01031535514294135}, "2": {"num": 4, "%": 0.0027247956403269754}, "4": {"num": 5, "%": 0.011135857461024499}, "8": {"num": 1, "%": 0.0015748031496062992}, "9": {"num": 1, "%": 0.005376344086021506}, "11": {"num": 68, "%": 0.14977973568281938}, "13": {"num": 2, "%": 0.011494252873563218}, "17": {"num": 1, "%": 0.005050505050505051}, "23": {"num": 5, "%": 0.1111111111111111}}}, "4": {"num": 86, "community_belong": {"1": {"num": 1, "%": 0.0002947244326554671}, "2": {"num": 8, "%": 0.005449591280653951}, "4": {"num": 1, "%": 0.0022271714922048997}, "5": {"num": 10, "%": 0.1724137931034483}, "8": {"num": 53, "%": 0.08346456692913386}, "13": {"num": 12, "%": 0.06896551724137931}, "14": {"num": 1, "%": 0.003076923076923077}}}, "5": {"num": 227, "community_belong": {"1": {"num": 6, "%": 0.0017683465959328027}, "2": {"num": 1, "%": 0.0006811989100817438}, "4": {"num": 2, "%": 0.004454342984409799}, "6": {"num": 23, "%": 0.030343007915567283}, "7": {"num": 110, "%": 0.3273809523809524}, "11": {"num": 66, "%": 0.14537444933920704}, "13": {"num": 1, "%": 0.005747126436781609}, "28": {"num": 15, "%": 0.17857142857142858}, "29": {"num": 3, "%": 0.009584664536741214}}}, "6": {"num": 64, "community_belong": {"0": {"num": 10, "%": 0.027247956403269755}, "1": {"num": 1, "%": 0.0002947244326554671}, "2": {"num": 6, "%": 0.004087193460490463}, "5": {"num": 1, "%": 0.017241379310344827}, "11": {"num": 10, "%": 0.022026431718061675}, "18": {"num": 13, "%": 0.03225806451612903}, "21": {"num": 23, "%": 0.21296296296296297}}}, "7": {"num": 68, "community_belong": {"1": {"num": 2, "%": 0.0005894488653109342}, "2": {"num": 5, "%": 0.0034059945504087193}, "7": {"num": 3, "%": 0.008928571428571428}, "9": {"num": 38, "%": 0.20430107526881722}, "11": {"num": 1, "%": 0.0022026431718061676}, "15": {"num": 2, "%": 0.007168458781362007}, "18": {"num": 11, "%": 0.02729528535980149}, "28": {"num": 6, "%": 0.07142857142857142}}}, "8": {"num": 649, "community_belong": {"0": {"num": 1, "%": 0.0027247956403269754}, "2": {"num": 483, "%": 0.3290190735694823}, "4": {"num": 3, "%": 0.0066815144766146995}, "5": {"num": 1, "%": 0.017241379310344827}, "6": {"num": 1, "%": 0.0013192612137203166}, "8": {"num": 2, "%": 0.0031496062992125984}, "9": {"num": 14, "%": 0.07526881720430108}, "11": {"num": 1, "%": 0.0022026431718061676}, "14": {"num": 2, "%": 0.006153846153846154}, "15": {"num": 84, "%": 0.3010752688172043}, "18": {"num": 9, "%": 0.022332506203473945}, "21": {"num": 1, "%": 0.009259259259259259}, "24": {"num": 39, "%": 0.23214285714285715}, "26": {"num": 1, "%": 0.08333333333333333}, "29": {"num": 2, "%": 0.006389776357827476}, "32": {"num": 5, "%": 0.1111111111111111}}}, "9": {"num": 61, "community_belong": {"0": {"num": 31, "%": 0.08446866485013624}, "1": {"num": 2, "%": 0.0005894488653109342}, "3": {"num": 28, "%": 0.1339712918660287}}}, "10": {"num": 8, "community_belong": {"1": {"num": 1, "%": 0.0002947244326554671}, "14": {"num": 4, "%": 0.012307692307692308}, "20": {"num": 3, "%": 0.21428571428571427}}}, "11": {"num": 84, "community_belong": {"22": {"num": 84, "%": 0.2809364548494983}}}, "12": {"num": 4, "community_belong": {"27": {"num": 4, "%": 0.5714285714285714}}}, "13": {"num": 166, "community_belong": {"17": {"num": 1, "%": 0.005050505050505051}, "18": {"num": 73, "%": 0.18114143920595532}, "23": {"num": 6, "%": 0.13333333333333333}, "28": {"num": 1, "%": 0.011904761904761904}, "29": {"num": 71, "%": 0.2268370607028754}, "30": {"num": 14, "%": 0.358974358974359}}}, "14": {"num": 4, "community_belong": {"6": {"num": 4, "%": 0.005277044854881266}}}, "15": {"num": 3, "community_belong": {"9": {"num": 3, "%": 0.016129032258064516}}}, "16": {"num": 5, "community_belong": {"12": {"num": 5, "%": 0.2}}}}