{"0": {"num": 647, "community_belong": {"0": {"num": 12, "%": 0.0326975476839237}, "1": {"num": 510, "%": 0.15030946065428824}, "2": {"num": 8, "%": 0.005449591280653951}, "3": {"num": 3, "%": 0.014354066985645933}, "4": {"num": 10, "%": 0.022271714922048998}, "5": {"num": 4, "%": 0.06896551724137931}, "6": {"num": 1, "%": 0.0013192612137203166}, "7": {"num": 3, "%": 0.008928571428571428}, "8": {"num": 29, "%": 0.04566929133858268}, "10": {"num": 3, "%": 0.038461538461538464}, "11": {"num": 3, "%": 0.006607929515418502}, "13": {"num": 4, "%": 0.022988505747126436}, "14": {"num": 17, "%": 0.052307692307692305}, "16": {"num": 19, "%": 0.10270270270270271}, "17": {"num": 15, "%": 0.07575757575757576}, "21": {"num": 1, "%": 0.009259259259259259}, "25": {"num": 5, "%": 0.20833333333333334}}}, "1": {"num": 279, "community_belong": {"0": {"num": 10, "%": 0.027247956403269755}, "1": {"num": 75, "%": 0.022104332449160036}, "2": {"num": 34, "%": 0.02316076294277929}, "3": {"num": 5, "%": 0.023923444976076555}, "4": {"num": 37, "%": 0.08240534521158129}, "8": {"num": 19, "%": 0.029921259842519685}, "10": {"num": 2, "%": 0.02564102564102564}, "12": {"num": 1, "%": 0.04}, "13": {"num": 28, "%": 0.16091954022988506}, "14": {"num": 30, "%": 0.09230769230769231}, "16": {"num": 12, "%": 0.06486486486486487}, "17": {"num": 21, "%": 0.10606060606060606}, "19": {"num": 1, "%": 0.043478260869565216}, "22": {"num": 3, "%": 0.010033444816053512}, "31": {"num": 1, "%": 0.125}}}, "2": {"num": 404, "community_belong": {"0": {"num": 2, "%": 0.005449591280653951}, "1": {"num": 1, "%": 0.0002947244326554671}, "2": {"num": 294, "%": 0.20027247956403268}, "4": {"num": 3, "%": 0.0066815144766146995}, "6": {"num": 3, "%": 0.00395778364116095}, "8": {"num": 2, "%": 0.0031496062992125984}, "9": {"num": 5, "%": 0.026881720430107527}, "11": {"num": 12, "%": 0.02643171806167401}, "12": {"num": 1, "%": 0.04}, "14": {"num": 1, "%": 0.003076923076923077}, "15": {"num": 40, "%": 0.14336917562724014}, "18": {"num": 8, "%": 0.019851116625310174}, "23": {"num": 3, "%": 0.06666666666666667}, "24": {"num": 26, "%": 0.15476190476190477}, "26": {"num": 1, "%": 0.08333333333333333}, "28": {"num": 1, "%": 0.011904761904761904}, "29": {"num": 1, "%": 0.003194888178913738}}}, "3": {"num": 158, "community_belong": {"0": {"num": 2, "%": 0.005449591280653951}, "4": {"num": 48, "%": 0.10690423162583519}, "6": {"num": 105, "%": 0.13852242744063326}, "9": {"num": 3, "%": 0.016129032258064516}}}, "4": {"num": 136, "community_belong": {"1": {"num": 18, "%": 0.005305039787798408}, "2": {"num": 1, "%": 0.0006811989100817438}, "6": {"num": 10, "%": 0.013192612137203167}, "7": {"num": 44, "%": 0.13095238095238096}, "9": {"num": 1, "%": 0.005376344086021506}, "10": {"num": 1, "%": 0.01282051282051282}, "11": {"num": 46, "%": 0.1013215859030837}, "17": {"num": 2, "%": 0.010101010101010102}, "18": {"num": 5, "%": 0.01240694789081886}, "23": {"num": 4, "%": 0.08888888888888889}, "28": {"num": 4, "%": 0.047619047619047616}}}, "5": {"num": 69, "community_belong": {"0": {"num": 40, "%": 0.10899182561307902}, "1": {"num": 5, "%": 0.0014736221632773356}, "2": {"num": 3, "%": 0.0020435967302452314}, "4": {"num": 2, "%": 0.004454342984409799}, "6": {"num": 1, "%": 0.0013192612137203166}, "11": {"num": 3, "%": 0.006607929515418502}, "18": {"num": 2, "%": 0.004962779156327543}, "19": {"num": 1, "%": 0.043478260869565216}, "21": {"num": 12, "%": 0.1111111111111111}}}, "6": {"num": 31, "community_belong": {"1": {"num": 1, "%": 0.0002947244326554671}, "9": {"num": 28, "%": 0.15053763440860216}, "11": {"num": 2, "%": 0.004405286343612335}}}, "7": {"num": 132, "community_belong": {"0": {"num": 2, "%": 0.005449591280653951}, "1": {"num": 44, "%": 0.012967875036840553}, "2": {"num": 5, "%": 0.0034059945504087193}, "4": {"num": 3, "%": 0.0066815144766146995}, "6": {"num": 2, "%": 0.002638522427440633}, "7": {"num": 1, "%": 0.002976190476190476}, "8": {"num": 51, "%": 0.08031496062992126}, "10": {"num": 12, "%": 0.15384615384615385}, "11": {"num": 3, "%": 0.006607929515418502}, "13": {"num": 1, "%": 0.005747126436781609}, "14": {"num": 2, "%": 0.006153846153846154}, "16": {"num": 1, "%": 0.005405405405405406}, "17": {"num": 1, "%": 0.005050505050505051}, "18": {"num": 3, "%": 0.007444168734491315}, "22": {"num": 1, "%": 0.0033444816053511705}}}, "8": {"num": 15, "community_belong": {"3": {"num": 14, "%": 0.06698564593301436}, "4": {"num": 1, "%": 0.0022271714922048997}}}, "9": {"num": 26, "community_belong": {"6": {"num": 4, "%": 0.005277044854881266}, "7": {"num": 3, "%": 0.008928571428571428}, "8": {"num": 1, "%": 0.0015748031496062992}, "11": {"num": 4, "%": 0.00881057268722467}, "18": {"num": 13, "%": 0.03225806451612903}, "30": {"num": 1, "%": 0.02564102564102564}}}, "10": {"num": 42, "community_belong": {"22": {"num": 42, "%": 0.14046822742474915}}}, "11": {"num": 38, "community_belong": {"18": {"num": 4, "%": 0.009925558312655087}, "29": {"num": 34, "%": 0.10862619808306709}}}, "12": {"num": 2, "community_belong": {"1": {"num": 1, "%": 0.0002947244326554671}, "11": {"num": 1, "%": 0.0022026431718061676}}}}