{"0": {"num": 153, "community_belong": {"0": {"num": 5, "%": 0.013623978201634877}, "1": {"num": 101, "%": 0.02976716769820218}, "2": {"num": 2, "%": 0.0013623978201634877}, "3": {"num": 2, "%": 0.009569377990430622}, "4": {"num": 4, "%": 0.008908685968819599}, "5": {"num": 4, "%": 0.06896551724137931}, "6": {"num": 1, "%": 0.0013192612137203166}, "8": {"num": 4, "%": 0.006299212598425197}, "11": {"num": 4, "%": 0.00881057268722467}, "13": {"num": 2, "%": 0.011494252873563218}, "14": {"num": 4, "%": 0.012307692307692308}, "16": {"num": 9, "%": 0.04864864864864865}, "17": {"num": 7, "%": 0.03535353535353535}, "19": {"num": 2, "%": 0.08695652173913043}, "20": {"num": 1, "%": 0.07142857142857142}, "25": {"num": 1, "%": 0.041666666666666664}}}, "1": {"num": 35, "community_belong": {"0": {"num": 12, "%": 0.0326975476839237}, "1": {"num": 13, "%": 0.0038314176245210726}, "2": {"num": 1, "%": 0.0006811989100817438}, "3": {"num": 3, "%": 0.014354066985645933}, "4": {"num": 2, "%": 0.004454342984409799}, "8": {"num": 2, "%": 0.0031496062992125984}, "14": {"num": 1, "%": 0.003076923076923077}, "16": {"num": 1, "%": 0.005405405405405406}}}, "2": {"num": 92, "community_belong": {"0": {"num": 4, "%": 0.010899182561307902}, "1": {"num": 20, "%": 0.0058944886531093425}, "2": {"num": 16, "%": 0.010899182561307902}, "3": {"num": 2, "%": 0.009569377990430622}, "4": {"num": 10, "%": 0.022271714922048998}, "6": {"num": 1, "%": 0.0013192612137203166}, "7": {"num": 1, "%": 0.002976190476190476}, "8": {"num": 13, "%": 0.02047244094488189}, "10": {"num": 1, "%": 0.01282051282051282}, "11": {"num": 1, "%": 0.0022026431718061676}, "13": {"num": 6, "%": 0.034482758620689655}, "14": {"num": 8, "%": 0.024615384615384615}, "16": {"num": 3, "%": 0.016216216216216217}, "17": {"num": 2, "%": 0.010101010101010102}, "18": {"num": 1, "%": 0.0024813895781637717}, "22": {"num": 3, "%": 0.010033444816053512}}}, "3": {"num": 100, "community_belong": {"0": {"num": 2, "%": 0.005449591280653951}, "2": {"num": 83, "%": 0.05653950953678474}, "6": {"num": 4, "%": 0.005277044854881266}, "8": {"num": 1, "%": 0.0015748031496062992}, "9": {"num": 1, "%": 0.005376344086021506}, "15": {"num": 5, "%": 0.017921146953405017}, "21": {"num": 1, "%": 0.009259259259259259}, "24": {"num": 3, "%": 0.017857142857142856}}}, "4": {"num": 65, "community_belong": {"0": {"num": 2, "%": 0.005449591280653951}, "1": {"num": 1, "%": 0.0002947244326554671}, "4": {"num": 9, "%": 0.0200445434298441}, "6": {"num": 9, "%": 0.011873350923482849}, "7": {"num": 13, "%": 0.03869047619047619}, "9": {"num": 2, "%": 0.010752688172043012}, "10": {"num": 1, "%": 0.01282051282051282}, "11": {"num": 14, "%": 0.030837004405286344}, "18": {"num": 10, "%": 0.02481389578163772}, "22": {"num": 3, "%": 0.010033444816053512}, "29": {"num": 1, "%": 0.003194888178913738}}}, "5": {"num": 9, "community_belong": {"6": {"num": 3, "%": 0.00395778364116095}, "24": {"num": 5, "%": 0.02976190476190476}, "28": {"num": 1, "%": 0.011904761904761904}}}}