{"0": {"num": 175, "community_belong": {"0": {"num": 82, "%": 0.22343324250681199}, "1": {"num": 5, "%": 0.0014736221632773356}, "2": {"num": 7, "%": 0.004768392370572207}, "3": {"num": 42, "%": 0.20095693779904306}, "4": {"num": 1, "%": 0.0022271714922048997}, "6": {"num": 1, "%": 0.0013192612137203166}, "10": {"num": 5, "%": 0.0641025641025641}, "14": {"num": 9, "%": 0.027692307692307693}, "16": {"num": 17, "%": 0.0918918918918919}, "24": {"num": 6, "%": 0.03571428571428571}}}, "1": {"num": 1304, "community_belong": {"0": {"num": 13, "%": 0.035422343324250684}, "1": {"num": 1151, "%": 0.3392278219864427}, "2": {"num": 14, "%": 0.009536784741144414}, "3": {"num": 10, "%": 0.04784688995215311}, "4": {"num": 8, "%": 0.017817371937639197}, "6": {"num": 7, "%": 0.009234828496042216}, "7": {"num": 4, "%": 0.011904761904761904}, "8": {"num": 6, "%": 0.009448818897637795}, "10": {"num": 3, "%": 0.038461538461538464}, "11": {"num": 5, "%": 0.011013215859030838}, "13": {"num": 7, "%": 0.040229885057471264}, "14": {"num": 19, "%": 0.05846153846153846}, "16": {"num": 29, "%": 0.15675675675675677}, "17": {"num": 12, "%": 0.06060606060606061}, "18": {"num": 2, "%": 0.004962779156327543}, "19": {"num": 4, "%": 0.17391304347826086}, "20": {"num": 4, "%": 0.2857142857142857}, "25": {"num": 4, "%": 0.16666666666666666}, "28": {"num": 1, "%": 0.011904761904761904}, "33": {"num": 1, "%": 0.2}}}, "2": {"num": 553, "community_belong": {"0": {"num": 7, "%": 0.01907356948228883}, "1": {"num": 141, "%": 0.04155614500442087}, "2": {"num": 47, "%": 0.03201634877384196}, "3": {"num": 2, "%": 0.009569377990430622}, "4": {"num": 70, "%": 0.155902004454343}, "6": {"num": 3, "%": 0.00395778364116095}, "7": {"num": 2, "%": 0.005952380952380952}, "8": {"num": 110, "%": 0.1732283464566929}, "10": {"num": 14, "%": 0.1794871794871795}, "11": {"num": 2, "%": 0.004405286343612335}, "13": {"num": 35, "%": 0.20114942528735633}, "14": {"num": 73, "%": 0.2246153846153846}, "16": {"num": 2, "%": 0.010810810810810811}, "17": {"num": 37, "%": 0.18686868686868688}, "18": {"num": 2, "%": 0.004962779156327543}, "19": {"num": 4, "%": 0.17391304347826086}, "24": {"num": 1, "%": 0.005952380952380952}, "25": {"num": 1, "%": 0.041666666666666664}}}, "3": {"num": 358, "community_belong": {"0": {"num": 3, "%": 0.008174386920980926}, "4": {"num": 94, "%": 0.20935412026726058}, "6": {"num": 251, "%": 0.3311345646437995}, "9": {"num": 1, "%": 0.005376344086021506}, "10": {"num": 1, "%": 0.01282051282051282}, "11": {"num": 4, "%": 0.00881057268722467}, "13": {"num": 2, "%": 0.011494252873563218}, "29": {"num": 2, "%": 0.006389776357827476}}}, "4": {"num": 146, "community_belong": {"1": {"num": 47, "%": 0.013852048334806955}, "2": {"num": 6, "%": 0.004087193460490463}, "4": {"num": 4, "%": 0.008908685968819599}, "5": {"num": 10, "%": 0.1724137931034483}, "6": {"num": 1, "%": 0.0013192612137203166}, "8": {"num": 62, "%": 0.09763779527559055}, "11": {"num": 3, "%": 0.006607929515418502}, "13": {"num": 13, "%": 0.07471264367816093}}}, "5": {"num": 737, "community_belong": {"0": {"num": 3, "%": 0.008174386920980926}, "2": {"num": 547, "%": 0.3726158038147139}, "4": {"num": 2, "%": 0.004454342984409799}, "6": {"num": 3, "%": 0.00395778364116095}, "9": {"num": 5, "%": 0.026881720430107527}, "11": {"num": 3, "%": 0.006607929515418502}, "12": {"num": 4, "%": 0.16}, "14": {"num": 1, "%": 0.003076923076923077}, "15": {"num": 112, "%": 0.4014336917562724}, "18": {"num": 8, "%": 0.019851116625310174}, "21": {"num": 1, "%": 0.009259259259259259}, "23": {"num": 5, "%": 0.1111111111111111}, "24": {"num": 40, "%": 0.23809523809523808}, "26": {"num": 2, "%": 0.16666666666666666}, "27": {"num": 1, "%": 0.14285714285714285}}}, "6": {"num": 111, "community_belong": {"6": {"num": 2, "%": 0.002638522427440633}, "7": {"num": 109, "%": 0.3244047619047619}}}, "7": {"num": 83, "community_belong": {"2": {"num": 2, "%": 0.0013623978201634877}, "8": {"num": 1, "%": 0.0015748031496062992}, "9": {"num": 71, "%": 0.3817204301075269}, "18": {"num": 3, "%": 0.007444168734491315}, "28": {"num": 6, "%": 0.07142857142857142}}}, "8": {"num": 314, "community_belong": {"1": {"num": 9, "%": 0.002652519893899204}, "2": {"num": 5, "%": 0.0034059945504087193}, "4": {"num": 1, "%": 0.0022271714922048997}, "5": {"num": 1, "%": 0.017241379310344827}, "6": {"num": 11, "%": 0.014511873350923483}, "7": {"num": 8, "%": 0.023809523809523808}, "10": {"num": 1, "%": 0.01282051282051282}, "11": {"num": 158, "%": 0.34801762114537443}, "12": {"num": 4, "%": 0.16}, "18": {"num": 87, "%": 0.21588089330024815}, "23": {"num": 4, "%": 0.08888888888888889}, "28": {"num": 12, "%": 0.14285714285714285}, "30": {"num": 13, "%": 0.3333333333333333}}}, "9": {"num": 15, "community_belong": {"0": {"num": 1, "%": 0.0027247956403269754}, "2": {"num": 1, "%": 0.0006811989100817438}, "16": {"num": 13, "%": 0.07027027027027027}}}, "10": {"num": 41, "community_belong": {"0": {"num": 7, "%": 0.01907356948228883}, "1": {"num": 8, "%": 0.002357795461243737}, "2": {"num": 1, "%": 0.0006811989100817438}, "8": {"num": 1, "%": 0.0015748031496062992}, "13": {"num": 2, "%": 0.011494252873563218}, "17": {"num": 22, "%": 0.1111111111111111}}}, "11": {"num": 10, "community_belong": {"5": {"num": 10, "%": 0.1724137931034483}}}, "12": {"num": 122, "community_belong": {"0": {"num": 6, "%": 0.01634877384196185}, "1": {"num": 79, "%": 0.023283230179781903}, "2": {"num": 1, "%": 0.0006811989100817438}, "4": {"num": 3, "%": 0.0066815144766146995}, "8": {"num": 24, "%": 0.03779527559055118}, "13": {"num": 2, "%": 0.011494252873563218}, "14": {"num": 4, "%": 0.012307692307692308}, "16": {"num": 1, "%": 0.005405405405405406}, "17": {"num": 1, "%": 0.005050505050505051}, "19": {"num": 1, "%": 0.043478260869565216}}}, "13": {"num": 113, "community_belong": {"0": {"num": 1, "%": 0.0027247956403269754}, "22": {"num": 112, "%": 0.3745819397993311}}}, "14": {"num": 3, "community_belong": {"26": {"num": 3, "%": 0.25}}}, "15": {"num": 125, "community_belong": {"17": {"num": 1, "%": 0.005050505050505051}, "18": {"num": 31, "%": 0.07692307692307693}, "29": {"num": 93, "%": 0.2971246006389776}}}, "16": {"num": 33, "community_belong": {"21": {"num": 33, "%": 0.3055555555555556}}}, "17": {"num": 10, "community_belong": {"32": {"num": 10, "%": 0.2222222222222222}}}, "18": {"num": 4, "community_belong": {"31": {"num": 4, "%": 0.5}}}}