{"0": {"num": 1080, "community_belong": {"0": {"num": 25, "%": 0.0681198910081744}, "1": {"num": 864, "%": 0.2546419098143236}, "2": {"num": 12, "%": 0.008174386920980926}, "3": {"num": 2, "%": 0.009569377990430622}, "4": {"num": 13, "%": 0.028953229398663696}, "5": {"num": 2, "%": 0.034482758620689655}, "6": {"num": 2, "%": 0.002638522427440633}, "7": {"num": 2, "%": 0.005952380952380952}, "8": {"num": 70, "%": 0.11023622047244094}, "11": {"num": 4, "%": 0.00881057268722467}, "13": {"num": 11, "%": 0.06321839080459771}, "14": {"num": 17, "%": 0.052307692307692305}, "16": {"num": 34, "%": 0.1837837837837838}, "17": {"num": 14, "%": 0.0707070707070707}, "18": {"num": 1, "%": 0.0024813895781637717}, "19": {"num": 2, "%": 0.08695652173913043}, "25": {"num": 5, "%": 0.20833333333333334}}}, "1": {"num": 434, "community_belong": {"0": {"num": 13, "%": 0.035422343324250684}, "1": {"num": 118, "%": 0.034777483053345125}, "2": {"num": 47, "%": 0.03201634877384196}, "3": {"num": 2, "%": 0.009569377990430622}, "4": {"num": 41, "%": 0.09131403118040089}, "6": {"num": 4, "%": 0.005277044854881266}, "8": {"num": 82, "%": 0.12913385826771653}, "10": {"num": 19, "%": 0.24358974358974358}, "11": {"num": 2, "%": 0.004405286343612335}, "13": {"num": 21, "%": 0.1206896551724138}, "14": {"num": 49, "%": 0.15076923076923077}, "16": {"num": 2, "%": 0.010810810810810811}, "17": {"num": 30, "%": 0.15151515151515152}, "19": {"num": 1, "%": 0.043478260869565216}, "25": {"num": 3, "%": 0.125}}}, "2": {"num": 137, "community_belong": {"0": {"num": 49, "%": 0.1335149863760218}, "1": {"num": 5, "%": 0.0014736221632773356}, "3": {"num": 24, "%": 0.11483253588516747}, "4": {"num": 7, "%": 0.015590200445434299}, "5": {"num": 9, "%": 0.15517241379310345}, "6": {"num": 2, "%": 0.002638522427440633}, "9": {"num": 3, "%": 0.016129032258064516}, "10": {"num": 6, "%": 0.07692307692307693}, "11": {"num": 4, "%": 0.00881057268722467}, "14": {"num": 5, "%": 0.015384615384615385}, "21": {"num": 23, "%": 0.21296296296296297}}}, "3": {"num": 87, "community_belong": {"4": {"num": 73, "%": 0.16258351893095768}, "6": {"num": 8, "%": 0.010554089709762533}, "11": {"num": 1, "%": 0.0022026431718061676}, "13": {"num": 1, "%": 0.005747126436781609}, "14": {"num": 4, "%": 0.012307692307692308}}}, "4": {"num": 89, "community_belong": {"1": {"num": 25, "%": 0.0073681108163866785}, "2": {"num": 2, "%": 0.0013623978201634877}, "11": {"num": 44, "%": 0.09691629955947137}, "18": {"num": 5, "%": 0.01240694789081886}, "23": {"num": 13, "%": 0.28888888888888886}}}, "5": {"num": 578, "community_belong": {"0": {"num": 4, "%": 0.010899182561307902}, "2": {"num": 412, "%": 0.28065395095367845}, "4": {"num": 1, "%": 0.0022271714922048997}, "9": {"num": 12, "%": 0.06451612903225806}, "11": {"num": 4, "%": 0.00881057268722467}, "12": {"num": 9, "%": 0.36}, "14": {"num": 1, "%": 0.003076923076923077}, "15": {"num": 80, "%": 0.2867383512544803}, "18": {"num": 11, "%": 0.02729528535980149}, "21": {"num": 1, "%": 0.009259259259259259}, "23": {"num": 1, "%": 0.022222222222222223}, "24": {"num": 37, "%": 0.22023809523809523}, "27": {"num": 1, "%": 0.14285714285714285}, "28": {"num": 1, "%": 0.011904761904761904}, "29": {"num": 3, "%": 0.009584664536741214}}}, "6": {"num": 246, "community_belong": {"1": {"num": 10, "%": 0.0029472443265546712}, "2": {"num": 3, "%": 0.0020435967302452314}, "4": {"num": 2, "%": 0.004454342984409799}, "6": {"num": 2, "%": 0.002638522427440633}, "7": {"num": 90, "%": 0.26785714285714285}, "8": {"num": 1, "%": 0.0015748031496062992}, "9": {"num": 3, "%": 0.016129032258064516}, "11": {"num": 55, "%": 0.1211453744493392}, "15": {"num": 2, "%": 0.007168458781362007}, "18": {"num": 53, "%": 0.1315136476426799}, "28": {"num": 16, "%": 0.19047619047619047}, "30": {"num": 9, "%": 0.23076923076923078}}}, "7": {"num": 41, "community_belong": {"2": {"num": 3, "%": 0.0020435967302452314}, "8": {"num": 1, "%": 0.0015748031496062992}, "9": {"num": 37, "%": 0.1989247311827957}}}, "8": {"num": 29, "community_belong": {"0": {"num": 1, "%": 0.0027247956403269754}, "2": {"num": 2, "%": 0.0013623978201634877}, "16": {"num": 26, "%": 0.14054054054054055}}}, "9": {"num": 197, "community_belong": {"2": {"num": 3, "%": 0.0020435967302452314}, "4": {"num": 2, "%": 0.004454342984409799}, "6": {"num": 184, "%": 0.24274406332453827}, "9": {"num": 1, "%": 0.005376344086021506}, "11": {"num": 5, "%": 0.011013215859030838}, "18": {"num": 1, "%": 0.0024813895781637717}, "21": {"num": 1, "%": 0.009259259259259259}}}, "10": {"num": 76, "community_belong": {"0": {"num": 1, "%": 0.0027247956403269754}, "22": {"num": 75, "%": 0.2508361204013378}}}, "11": {"num": 10, "community_belong": {"1": {"num": 1, "%": 0.0002947244326554671}, "14": {"num": 5, "%": 0.015384615384615385}, "20": {"num": 4, "%": 0.2857142857142857}}}, "12": {"num": 20, "community_belong": {"8": {"num": 10, "%": 0.015748031496062992}, "13": {"num": 10, "%": 0.05747126436781609}}}, "13": {"num": 90, "community_belong": {"2": {"num": 5, "%": 0.0034059945504087193}, "18": {"num": 25, "%": 0.062034739454094295}, "29": {"num": 60, "%": 0.19169329073482427}}}}