{"0": {"num": 1012, "community_belong": {"0": {"num": 15, "%": 0.04087193460490463}, "1": {"num": 777, "%": 0.22900088417329797}, "2": {"num": 9, "%": 0.006130790190735695}, "3": {"num": 6, "%": 0.028708133971291867}, "4": {"num": 11, "%": 0.024498886414253896}, "5": {"num": 3, "%": 0.05172413793103448}, "6": {"num": 5, "%": 0.006596306068601583}, "7": {"num": 1, "%": 0.002976190476190476}, "8": {"num": 62, "%": 0.09763779527559055}, "10": {"num": 11, "%": 0.14102564102564102}, "11": {"num": 3, "%": 0.006607929515418502}, "13": {"num": 15, "%": 0.08620689655172414}, "14": {"num": 19, "%": 0.05846153846153846}, "16": {"num": 31, "%": 0.16756756756756758}, "17": {"num": 34, "%": 0.1717171717171717}, "18": {"num": 2, "%": 0.004962779156327543}, "19": {"num": 1, "%": 0.043478260869565216}, "21": {"num": 1, "%": 0.009259259259259259}, "25": {"num": 5, "%": 0.20833333333333334}, "33": {"num": 1, "%": 0.2}}}, "1": {"num": 438, "community_belong": {"0": {"num": 38, "%": 0.10354223433242507}, "1": {"num": 97, "%": 0.028588269967580314}, "2": {"num": 40, "%": 0.027247956403269755}, "3": {"num": 5, "%": 0.023923444976076555}, "4": {"num": 53, "%": 0.11804008908685969}, "6": {"num": 2, "%": 0.002638522427440633}, "7": {"num": 1, "%": 0.002976190476190476}, "8": {"num": 81, "%": 0.12755905511811025}, "10": {"num": 9, "%": 0.11538461538461539}, "11": {"num": 1, "%": 0.0022026431718061676}, "13": {"num": 21, "%": 0.1206896551724138}, "14": {"num": 57, "%": 0.1753846153846154}, "16": {"num": 1, "%": 0.005405405405405406}, "17": {"num": 20, "%": 0.10101010101010101}, "19": {"num": 6, "%": 0.2608695652173913}, "22": {"num": 1, "%": 0.0033444816053511705}, "25": {"num": 2, "%": 0.08333333333333333}, "31": {"num": 3, "%": 0.375}}}, "2": {"num": 47, "community_belong": {"0": {"num": 18, "%": 0.04904632152588556}, "3": {"num": 20, "%": 0.09569377990430622}, "4": {"num": 2, "%": 0.004454342984409799}, "5": {"num": 7, "%": 0.1206896551724138}}}, "3": {"num": 74, "community_belong": {"4": {"num": 68, "%": 0.1514476614699332}, "6": {"num": 3, "%": 0.00395778364116095}, "13": {"num": 1, "%": 0.005747126436781609}, "29": {"num": 2, "%": 0.006389776357827476}}}, "4": {"num": 250, "community_belong": {"1": {"num": 27, "%": 0.007957559681697613}, "2": {"num": 8, "%": 0.005449591280653951}, "4": {"num": 2, "%": 0.004454342984409799}, "5": {"num": 1, "%": 0.017241379310344827}, "6": {"num": 2, "%": 0.002638522427440633}, "7": {"num": 84, "%": 0.25}, "8": {"num": 1, "%": 0.0015748031496062992}, "9": {"num": 1, "%": 0.005376344086021506}, "11": {"num": 90, "%": 0.19823788546255505}, "18": {"num": 3, "%": 0.007444168734491315}, "28": {"num": 19, "%": 0.2261904761904762}, "30": {"num": 11, "%": 0.28205128205128205}, "32": {"num": 1, "%": 0.022222222222222223}}}, "5": {"num": 221, "community_belong": {"0": {"num": 1, "%": 0.0027247956403269754}, "2": {"num": 1, "%": 0.0006811989100817438}, "3": {"num": 2, "%": 0.009569377990430622}, "4": {"num": 2, "%": 0.004454342984409799}, "6": {"num": 191, "%": 0.2519788918205805}, "7": {"num": 1, "%": 0.002976190476190476}, "8": {"num": 1, "%": 0.0015748031496062992}, "9": {"num": 1, "%": 0.005376344086021506}, "11": {"num": 19, "%": 0.04185022026431718}, "13": {"num": 1, "%": 0.005747126436781609}, "22": {"num": 1, "%": 0.0033444816053511705}}}, "6": {"num": 636, "community_belong": {"0": {"num": 3, "%": 0.008174386920980926}, "1": {"num": 2, "%": 0.0005894488653109342}, "2": {"num": 425, "%": 0.2895095367847411}, "4": {"num": 1, "%": 0.0022271714922048997}, "6": {"num": 2, "%": 0.002638522427440633}, "8": {"num": 5, "%": 0.007874015748031496}, "9": {"num": 48, "%": 0.25806451612903225}, "11": {"num": 14, "%": 0.030837004405286344}, "12": {"num": 4, "%": 0.16}, "14": {"num": 1, "%": 0.003076923076923077}, "15": {"num": 79, "%": 0.2831541218637993}, "18": {"num": 10, "%": 0.02481389578163772}, "21": {"num": 2, "%": 0.018518518518518517}, "23": {"num": 5, "%": 0.1111111111111111}, "24": {"num": 33, "%": 0.19642857142857142}, "29": {"num": 2, "%": 0.006389776357827476}}}, "7": {"num": 91, "community_belong": {"0": {"num": 1, "%": 0.0027247956403269754}, "1": {"num": 64, "%": 0.018862363689949896}, "2": {"num": 1, "%": 0.0006811989100817438}, "4": {"num": 3, "%": 0.0066815144766146995}, "8": {"num": 4, "%": 0.006299212598425197}, "14": {"num": 2, "%": 0.006153846153846154}, "16": {"num": 13, "%": 0.07027027027027027}, "17": {"num": 2, "%": 0.010101010101010102}, "19": {"num": 1, "%": 0.043478260869565216}}}, "8": {"num": 35, "community_belong": {"0": {"num": 1, "%": 0.0027247956403269754}, "1": {"num": 24, "%": 0.007073386383731211}, "8": {"num": 1, "%": 0.0015748031496062992}, "13": {"num": 8, "%": 0.04597701149425287}, "17": {"num": 1, "%": 0.005050505050505051}}}, "9": {"num": 92, "community_belong": {"0": {"num": 6, "%": 0.01634877384196185}, "2": {"num": 2, "%": 0.0013623978201634877}, "5": {"num": 6, "%": 0.10344827586206896}, "11": {"num": 12, "%": 0.02643171806167401}, "18": {"num": 37, "%": 0.09181141439205956}, "21": {"num": 22, "%": 0.2037037037037037}, "24": {"num": 6, "%": 0.03571428571428571}, "29": {"num": 1, "%": 0.003194888178913738}}}, "10": {"num": 67, "community_belong": {"0": {"num": 1, "%": 0.0027247956403269754}, "22": {"num": 66, "%": 0.22073578595317725}}}, "11": {"num": 9, "community_belong": {"14": {"num": 9, "%": 0.027692307692307693}}}, "12": {"num": 105, "community_belong": {"17": {"num": 1, "%": 0.005050505050505051}, "18": {"num": 42, "%": 0.10421836228287841}, "29": {"num": 62, "%": 0.19808306709265175}}}, "13": {"num": 5, "community_belong": {"12": {"num": 5, "%": 0.2}}}}