{"0": {"num": 55, "community_belong": {"0": {"num": 2, "%": 0.005449591280653951}, "1": {"num": 25, "%": 0.0073681108163866785}, "2": {"num": 9, "%": 0.006130790190735695}, "3": {"num": 1, "%": 0.004784688995215311}, "8": {"num": 10, "%": 0.015748031496062992}, "11": {"num": 1, "%": 0.0022026431718061676}, "13": {"num": 1, "%": 0.005747126436781609}, "14": {"num": 1, "%": 0.003076923076923077}, "16": {"num": 4, "%": 0.021621621621621623}, "19": {"num": 1, "%": 0.043478260869565216}}}, "1": {"num": 194, "community_belong": {"0": {"num": 1, "%": 0.0027247956403269754}, "1": {"num": 1, "%": 0.0002947244326554671}, "2": {"num": 151, "%": 0.10286103542234333}, "9": {"num": 11, "%": 0.05913978494623656}, "11": {"num": 1, "%": 0.0022026431718061676}, "15": {"num": 17, "%": 0.06093189964157706}, "18": {"num": 4, "%": 0.009925558312655087}, "24": {"num": 5, "%": 0.02976190476190476}, "29": {"num": 3, "%": 0.009584664536741214}}}, "2": {"num": 86, "community_belong": {"2": {"num": 1, "%": 0.0006811989100817438}, "3": {"num": 2, "%": 0.009569377990430622}, "4": {"num": 21, "%": 0.0467706013363029}, "6": {"num": 33, "%": 0.04353562005277045}, "9": {"num": 4, "%": 0.021505376344086023}, "11": {"num": 6, "%": 0.013215859030837005}, "22": {"num": 17, "%": 0.056856187290969896}, "24": {"num": 1, "%": 0.005952380952380952}, "29": {"num": 1, "%": 0.003194888178913738}}}, "3": {"num": 326, "community_belong": {"0": {"num": 7, "%": 0.01907356948228883}, "1": {"num": 235, "%": 0.06926024167403477}, "2": {"num": 3, "%": 0.0020435967302452314}, "4": {"num": 5, "%": 0.011135857461024499}, "5": {"num": 2, "%": 0.034482758620689655}, "6": {"num": 2, "%": 0.002638522427440633}, "8": {"num": 22, "%": 0.03464566929133858}, "10": {"num": 4, "%": 0.05128205128205128}, "11": {"num": 3, "%": 0.006607929515418502}, "13": {"num": 11, "%": 0.06321839080459771}, "14": {"num": 8, "%": 0.024615384615384615}, "16": {"num": 8, "%": 0.043243243243243246}, "17": {"num": 6, "%": 0.030303030303030304}, "18": {"num": 2, "%": 0.004962779156327543}, "19": {"num": 2, "%": 0.08695652173913043}, "25": {"num": 1, "%": 0.041666666666666664}, "29": {"num": 5, "%": 0.01597444089456869}}}, "4": {"num": 152, "community_belong": {"0": {"num": 9, "%": 0.02452316076294278}, "1": {"num": 26, "%": 0.007662835249042145}, "2": {"num": 27, "%": 0.018392370572207085}, "3": {"num": 3, "%": 0.014354066985645933}, "4": {"num": 16, "%": 0.035634743875278395}, "6": {"num": 3, "%": 0.00395778364116095}, "7": {"num": 1, "%": 0.002976190476190476}, "8": {"num": 32, "%": 0.050393700787401574}, "11": {"num": 2, "%": 0.004405286343612335}, "13": {"num": 3, "%": 0.017241379310344827}, "14": {"num": 17, "%": 0.052307692307692305}, "16": {"num": 2, "%": 0.010810810810810811}, "17": {"num": 10, "%": 0.050505050505050504}, "25": {"num": 1, "%": 0.041666666666666664}}}, "5": {"num": 49, "community_belong": {"0": {"num": 17, "%": 0.04632152588555858}, "1": {"num": 2, "%": 0.0005894488653109342}, "2": {"num": 2, "%": 0.0013623978201634877}, "3": {"num": 5, "%": 0.023923444976076555}, "11": {"num": 2, "%": 0.004405286343612335}, "14": {"num": 1, "%": 0.003076923076923077}, "18": {"num": 4, "%": 0.009925558312655087}, "21": {"num": 12, "%": 0.1111111111111111}, "24": {"num": 4, "%": 0.023809523809523808}}}, "6": {"num": 31, "community_belong": {"1": {"num": 20, "%": 0.0058944886531093425}, "4": {"num": 2, "%": 0.004454342984409799}, "18": {"num": 9, "%": 0.022332506203473945}}}, "7": {"num": 57, "community_belong": {"2": {"num": 3, "%": 0.0020435967302452314}, "6": {"num": 1, "%": 0.0013192612137203166}, "7": {"num": 23, "%": 0.06845238095238096}, "11": {"num": 19, "%": 0.04185022026431718}, "18": {"num": 2, "%": 0.004962779156327543}, "24": {"num": 3, "%": 0.017857142857142856}, "28": {"num": 2, "%": 0.023809523809523808}, "29": {"num": 4, "%": 0.012779552715654952}}}, "8": {"num": 3, "community_belong": {"18": {"num": 3, "%": 0.007444168734491315}}}}