{"0": {"num": 829, "community_belong": {"0": {"num": 14, "%": 0.03814713896457766}, "1": {"num": 665, "%": 0.19599174771588565}, "2": {"num": 12, "%": 0.008174386920980926}, "3": {"num": 7, "%": 0.03349282296650718}, "4": {"num": 9, "%": 0.0200445434298441}, "5": {"num": 3, "%": 0.05172413793103448}, "6": {"num": 2, "%": 0.002638522427440633}, "7": {"num": 1, "%": 0.002976190476190476}, "8": {"num": 24, "%": 0.03779527559055118}, "10": {"num": 5, "%": 0.0641025641025641}, "11": {"num": 1, "%": 0.0022026431718061676}, "13": {"num": 11, "%": 0.06321839080459771}, "14": {"num": 26, "%": 0.08}, "16": {"num": 29, "%": 0.15675675675675677}, "17": {"num": 8, "%": 0.04040404040404041}, "19": {"num": 4, "%": 0.17391304347826086}, "20": {"num": 1, "%": 0.07142857142857142}, "21": {"num": 1, "%": 0.009259259259259259}, "25": {"num": 5, "%": 0.20833333333333334}, "33": {"num": 1, "%": 0.2}}}, "1": {"num": 377, "community_belong": {"0": {"num": 31, "%": 0.08446866485013624}, "1": {"num": 71, "%": 0.020925434718538166}, "2": {"num": 47, "%": 0.03201634877384196}, "3": {"num": 8, "%": 0.03827751196172249}, "4": {"num": 44, "%": 0.09799554565701558}, "5": {"num": 3, "%": 0.05172413793103448}, "6": {"num": 3, "%": 0.00395778364116095}, "8": {"num": 62, "%": 0.09763779527559055}, "10": {"num": 8, "%": 0.10256410256410256}, "11": {"num": 3, "%": 0.006607929515418502}, "13": {"num": 18, "%": 0.10344827586206896}, "14": {"num": 37, "%": 0.11384615384615385}, "16": {"num": 12, "%": 0.06486486486486487}, "17": {"num": 22, "%": 0.1111111111111111}, "18": {"num": 1, "%": 0.0024813895781637717}, "19": {"num": 3, "%": 0.13043478260869565}, "22": {"num": 1, "%": 0.0033444816053511705}, "25": {"num": 1, "%": 0.041666666666666664}, "31": {"num": 2, "%": 0.25}}}, "2": {"num": 70, "community_belong": {"0": {"num": 26, "%": 0.07084468664850137}, "1": {"num": 12, "%": 0.0035366931918656055}, "3": {"num": 18, "%": 0.0861244019138756}, "10": {"num": 1, "%": 0.01282051282051282}, "14": {"num": 1, "%": 0.003076923076923077}, "17": {"num": 12, "%": 0.06060606060606061}}}, "3": {"num": 232, "community_belong": {"4": {"num": 70, "%": 0.155902004454343}, "6": {"num": 152, "%": 0.20052770448548812}, "7": {"num": 1, "%": 0.002976190476190476}, "11": {"num": 8, "%": 0.01762114537444934}, "13": {"num": 1, "%": 0.005747126436781609}}}, "4": {"num": 77, "community_belong": {"1": {"num": 24, "%": 0.007073386383731211}, "2": {"num": 9, "%": 0.006130790190735695}, "6": {"num": 2, "%": 0.002638522427440633}, "8": {"num": 25, "%": 0.03937007874015748}, "11": {"num": 3, "%": 0.006607929515418502}, "13": {"num": 9, "%": 0.05172413793103448}, "22": {"num": 1, "%": 0.0033444816053511705}, "23": {"num": 4, "%": 0.08888888888888889}}}, "5": {"num": 489, "community_belong": {"0": {"num": 1, "%": 0.0027247956403269754}, "1": {"num": 3, "%": 0.0008841732979664014}, "2": {"num": 337, "%": 0.2295640326975477}, "4": {"num": 1, "%": 0.0022271714922048997}, "6": {"num": 1, "%": 0.0013192612137203166}, "8": {"num": 5, "%": 0.007874015748031496}, "9": {"num": 31, "%": 0.16666666666666666}, "11": {"num": 1, "%": 0.0022026431718061676}, "14": {"num": 3, "%": 0.009230769230769232}, "15": {"num": 62, "%": 0.2222222222222222}, "18": {"num": 6, "%": 0.01488833746898263}, "21": {"num": 1, "%": 0.009259259259259259}, "24": {"num": 30, "%": 0.17857142857142858}, "27": {"num": 2, "%": 0.2857142857142857}, "29": {"num": 4, "%": 0.012779552715654952}, "30": {"num": 1, "%": 0.02564102564102564}}}, "6": {"num": 241, "community_belong": {"1": {"num": 8, "%": 0.002357795461243737}, "2": {"num": 7, "%": 0.004768392370572207}, "4": {"num": 1, "%": 0.0022271714922048997}, "6": {"num": 8, "%": 0.010554089709762533}, "7": {"num": 66, "%": 0.19642857142857142}, "9": {"num": 5, "%": 0.026881720430107527}, "11": {"num": 107, "%": 0.2356828193832599}, "18": {"num": 13, "%": 0.03225806451612903}, "23": {"num": 5, "%": 0.1111111111111111}, "28": {"num": 16, "%": 0.19047619047619047}, "30": {"num": 5, "%": 0.1282051282051282}}}, "7": {"num": 33, "community_belong": {"1": {"num": 23, "%": 0.006778661951075744}, "4": {"num": 2, "%": 0.004454342984409799}, "14": {"num": 2, "%": 0.006153846153846154}, "16": {"num": 1, "%": 0.005405405405405406}, "17": {"num": 1, "%": 0.005050505050505051}, "20": {"num": 4, "%": 0.2857142857142857}}}, "8": {"num": 63, "community_belong": {"0": {"num": 1, "%": 0.0027247956403269754}, "22": {"num": 62, "%": 0.20735785953177258}}}, "9": {"num": 110, "community_belong": {"0": {"num": 1, "%": 0.0027247956403269754}, "18": {"num": 59, "%": 0.14640198511166252}, "28": {"num": 2, "%": 0.023809523809523808}, "29": {"num": 48, "%": 0.15335463258785942}}}, "10": {"num": 41, "community_belong": {"0": {"num": 8, "%": 0.021798365122615803}, "2": {"num": 3, "%": 0.0020435967302452314}, "5": {"num": 1, "%": 0.017241379310344827}, "9": {"num": 2, "%": 0.010752688172043012}, "18": {"num": 3, "%": 0.007444168734491315}, "21": {"num": 19, "%": 0.17592592592592593}, "24": {"num": 5, "%": 0.02976190476190476}}}, "11": {"num": 25, "community_belong": {"1": {"num": 1, "%": 0.0002947244326554671}, "2": {"num": 2, "%": 0.0013623978201634877}, "4": {"num": 1, "%": 0.0022271714922048997}, "6": {"num": 10, "%": 0.013192612137203167}, "8": {"num": 8, "%": 0.012598425196850394}, "13": {"num": 3, "%": 0.017241379310344827}}}}