{"0": {"num": 453, "community_belong": {"0": {"num": 80, "%": 0.21798365122615804}, "1": {"num": 113, "%": 0.03330386089006779}, "2": {"num": 43, "%": 0.029291553133514985}, "3": {"num": 8, "%": 0.03827751196172249}, "4": {"num": 16, "%": 0.035634743875278395}, "5": {"num": 1, "%": 0.017241379310344827}, "6": {"num": 5, "%": 0.006596306068601583}, "7": {"num": 2, "%": 0.005952380952380952}, "8": {"num": 111, "%": 0.17480314960629922}, "10": {"num": 19, "%": 0.24358974358974358}, "11": {"num": 6, "%": 0.013215859030837005}, "13": {"num": 37, "%": 0.21264367816091953}, "14": {"num": 8, "%": 0.024615384615384615}, "19": {"num": 2, "%": 0.08695652173913043}, "22": {"num": 2, "%": 0.006688963210702341}}}, "1": {"num": 1200, "community_belong": {"0": {"num": 14, "%": 0.03814713896457766}, "1": {"num": 1036, "%": 0.30533451223106395}, "2": {"num": 6, "%": 0.004087193460490463}, "3": {"num": 1, "%": 0.004784688995215311}, "4": {"num": 12, "%": 0.026726057906458798}, "6": {"num": 2, "%": 0.002638522427440633}, "7": {"num": 3, "%": 0.008928571428571428}, "8": {"num": 31, "%": 0.048818897637795275}, "10": {"num": 2, "%": 0.02564102564102564}, "11": {"num": 5, "%": 0.011013215859030838}, "13": {"num": 3, "%": 0.017241379310344827}, "14": {"num": 23, "%": 0.07076923076923076}, "16": {"num": 39, "%": 0.21081081081081082}, "17": {"num": 13, "%": 0.06565656565656566}, "18": {"num": 1, "%": 0.0024813895781637717}, "19": {"num": 4, "%": 0.17391304347826086}, "25": {"num": 2, "%": 0.08333333333333333}, "31": {"num": 1, "%": 0.125}, "33": {"num": 2, "%": 0.4}}}, "2": {"num": 663, "community_belong": {"0": {"num": 1, "%": 0.0027247956403269754}, "2": {"num": 474, "%": 0.3228882833787466}, "4": {"num": 1, "%": 0.0022271714922048997}, "6": {"num": 1, "%": 0.0013192612137203166}, "9": {"num": 40, "%": 0.21505376344086022}, "11": {"num": 2, "%": 0.004405286343612335}, "12": {"num": 1, "%": 0.04}, "13": {"num": 1, "%": 0.005747126436781609}, "14": {"num": 1, "%": 0.003076923076923077}, "15": {"num": 94, "%": 0.33691756272401435}, "18": {"num": 10, "%": 0.02481389578163772}, "21": {"num": 1, "%": 0.009259259259259259}, "23": {"num": 1, "%": 0.022222222222222223}, "24": {"num": 22, "%": 0.13095238095238096}, "26": {"num": 4, "%": 0.3333333333333333}, "27": {"num": 3, "%": 0.42857142857142855}, "29": {"num": 3, "%": 0.009584664536741214}, "30": {"num": 3, "%": 0.07692307692307693}}}, "3": {"num": 158, "community_belong": {"0": {"num": 3, "%": 0.008174386920980926}, "1": {"num": 6, "%": 0.0017683465959328027}, "2": {"num": 1, "%": 0.0006811989100817438}, "4": {"num": 114, "%": 0.25389755011135856}, "6": {"num": 3, "%": 0.00395778364116095}, "8": {"num": 1, "%": 0.0015748031496062992}, "11": {"num": 1, "%": 0.0022026431718061676}, "13": {"num": 1, "%": 0.005747126436781609}, "14": {"num": 1, "%": 0.003076923076923077}, "16": {"num": 18, "%": 0.0972972972972973}, "24": {"num": 1, "%": 0.005952380952380952}, "25": {"num": 7, "%": 0.2916666666666667}, "29": {"num": 1, "%": 0.003194888178913738}}}, "4": {"num": 123, "community_belong": {"1": {"num": 29, "%": 0.008547008547008548}, "2": {"num": 2, "%": 0.0013623978201634877}, "4": {"num": 5, "%": 0.011135857461024499}, "8": {"num": 1, "%": 0.0015748031496062992}, "11": {"num": 79, "%": 0.17400881057268722}, "16": {"num": 7, "%": 0.03783783783783784}}}, "5": {"num": 30, "community_belong": {"0": {"num": 1, "%": 0.0027247956403269754}, "1": {"num": 1, "%": 0.0002947244326554671}, "2": {"num": 1, "%": 0.0006811989100817438}, "5": {"num": 9, "%": 0.15517241379310345}, "8": {"num": 17, "%": 0.026771653543307086}, "13": {"num": 1, "%": 0.005747126436781609}}}, "6": {"num": 245, "community_belong": {"0": {"num": 1, "%": 0.0027247956403269754}, "2": {"num": 1, "%": 0.0006811989100817438}, "4": {"num": 4, "%": 0.008908685968819599}, "6": {"num": 213, "%": 0.28100263852242746}, "11": {"num": 7, "%": 0.015418502202643172}, "13": {"num": 1, "%": 0.005747126436781609}, "18": {"num": 4, "%": 0.009925558312655087}, "21": {"num": 1, "%": 0.009259259259259259}, "24": {"num": 13, "%": 0.07738095238095238}}}, "7": {"num": 342, "community_belong": {"0": {"num": 10, "%": 0.027247956403269755}, "1": {"num": 9, "%": 0.002652519893899204}, "2": {"num": 12, "%": 0.008174386920980926}, "4": {"num": 2, "%": 0.004454342984409799}, "6": {"num": 2, "%": 0.002638522427440633}, "7": {"num": 101, "%": 0.3005952380952381}, "9": {"num": 13, "%": 0.06989247311827956}, "10": {"num": 1, "%": 0.01282051282051282}, "11": {"num": 58, "%": 0.1277533039647577}, "15": {"num": 2, "%": 0.007168458781362007}, "18": {"num": 70, "%": 0.17369727047146402}, "21": {"num": 24, "%": 0.2222222222222222}, "23": {"num": 6, "%": 0.13333333333333333}, "24": {"num": 7, "%": 0.041666666666666664}, "28": {"num": 15, "%": 0.17857142857142858}, "29": {"num": 1, "%": 0.003194888178913738}, "30": {"num": 9, "%": 0.23076923076923078}}}, "8": {"num": 8, "community_belong": {"12": {"num": 8, "%": 0.32}}}, "9": {"num": 31, "community_belong": {"3": {"num": 31, "%": 0.14832535885167464}}}, "10": {"num": 185, "community_belong": {"0": {"num": 8, "%": 0.021798365122615803}, "1": {"num": 20, "%": 0.0058944886531093425}, "2": {"num": 1, "%": 0.0006811989100817438}, "4": {"num": 7, "%": 0.015590200445434299}, "8": {"num": 39, "%": 0.06141732283464567}, "10": {"num": 2, "%": 0.02564102564102564}, "13": {"num": 9, "%": 0.05172413793103448}, "14": {"num": 55, "%": 0.16923076923076924}, "17": {"num": 44, "%": 0.2222222222222222}}}, "11": {"num": 91, "community_belong": {"0": {"num": 1, "%": 0.0027247956403269754}, "22": {"num": 90, "%": 0.3010033444816054}}}, "12": {"num": 6, "community_belong": {"3": {"num": 6, "%": 0.028708133971291867}}}, "13": {"num": 116, "community_belong": {"17": {"num": 1, "%": 0.005050505050505051}, "18": {"num": 42, "%": 0.10421836228287841}, "29": {"num": 70, "%": 0.22364217252396165}, "32": {"num": 3, "%": 0.06666666666666667}}}, "14": {"num": 8, "community_belong": {"5": {"num": 8, "%": 0.13793103448275862}}}, "15": {"num": 4, "community_belong": {"32": {"num": 4, "%": 0.08888888888888889}}}}