{"0": {"num": 1133, "community_belong": {"0": {"num": 7, "%": 0.01907356948228883}, "1": {"num": 1008, "%": 0.29708222811671087}, "2": {"num": 7, "%": 0.004768392370572207}, "3": {"num": 8, "%": 0.03827751196172249}, "4": {"num": 10, "%": 0.022271714922048998}, "5": {"num": 2, "%": 0.034482758620689655}, "6": {"num": 2, "%": 0.002638522427440633}, "7": {"num": 5, "%": 0.01488095238095238}, "8": {"num": 13, "%": 0.02047244094488189}, "10": {"num": 1, "%": 0.01282051282051282}, "11": {"num": 4, "%": 0.00881057268722467}, "13": {"num": 6, "%": 0.034482758620689655}, "14": {"num": 17, "%": 0.052307692307692305}, "16": {"num": 13, "%": 0.07027027027027027}, "17": {"num": 14, "%": 0.0707070707070707}, "18": {"num": 1, "%": 0.0024813895781637717}, "19": {"num": 4, "%": 0.17391304347826086}, "25": {"num": 5, "%": 0.20833333333333334}, "28": {"num": 2, "%": 0.023809523809523808}, "29": {"num": 1, "%": 0.003194888178913738}, "31": {"num": 1, "%": 0.125}, "33": {"num": 2, "%": 0.4}}}, "1": {"num": 157, "community_belong": {"0": {"num": 68, "%": 0.18528610354223432}, "1": {"num": 8, "%": 0.002357795461243737}, "2": {"num": 11, "%": 0.007493188010899182}, "3": {"num": 34, "%": 0.16267942583732056}, "4": {"num": 15, "%": 0.0334075723830735}, "5": {"num": 5, "%": 0.08620689655172414}, "6": {"num": 1, "%": 0.0013192612137203166}, "11": {"num": 4, "%": 0.00881057268722467}, "16": {"num": 1, "%": 0.005405405405405406}, "19": {"num": 2, "%": 0.08695652173913043}, "21": {"num": 2, "%": 0.018518518518518517}, "23": {"num": 1, "%": 0.022222222222222223}, "24": {"num": 3, "%": 0.017857142857142856}, "29": {"num": 2, "%": 0.006389776357827476}}}, "2": {"num": 704, "community_belong": {"0": {"num": 1, "%": 0.0027247956403269754}, "1": {"num": 15, "%": 0.004420866489832007}, "2": {"num": 468, "%": 0.3188010899182561}, "4": {"num": 3, "%": 0.0066815144766146995}, "6": {"num": 4, "%": 0.005277044854881266}, "8": {"num": 3, "%": 0.004724409448818898}, "9": {"num": 11, "%": 0.05913978494623656}, "11": {"num": 20, "%": 0.04405286343612335}, "12": {"num": 9, "%": 0.36}, "14": {"num": 1, "%": 0.003076923076923077}, "15": {"num": 102, "%": 0.3655913978494624}, "18": {"num": 8, "%": 0.019851116625310174}, "21": {"num": 1, "%": 0.009259259259259259}, "22": {"num": 1, "%": 0.0033444816053511705}, "23": {"num": 2, "%": 0.044444444444444446}, "24": {"num": 41, "%": 0.24404761904761904}, "26": {"num": 2, "%": 0.16666666666666666}, "27": {"num": 3, "%": 0.42857142857142855}, "28": {"num": 2, "%": 0.023809523809523808}, "29": {"num": 3, "%": 0.009584664536741214}, "30": {"num": 1, "%": 0.02564102564102564}, "32": {"num": 3, "%": 0.06666666666666667}}}, "3": {"num": 432, "community_belong": {"0": {"num": 6, "%": 0.01634877384196185}, "1": {"num": 93, "%": 0.027409372236958444}, "2": {"num": 54, "%": 0.03678474114441417}, "4": {"num": 114, "%": 0.25389755011135856}, "6": {"num": 7, "%": 0.009234828496042216}, "7": {"num": 1, "%": 0.002976190476190476}, "8": {"num": 59, "%": 0.09291338582677165}, "11": {"num": 1, "%": 0.0022026431718061676}, "13": {"num": 21, "%": 0.1206896551724138}, "14": {"num": 64, "%": 0.19692307692307692}, "16": {"num": 8, "%": 0.043243243243243246}, "19": {"num": 2, "%": 0.08695652173913043}, "25": {"num": 2, "%": 0.08333333333333333}}}, "4": {"num": 187, "community_belong": {"0": {"num": 2, "%": 0.005449591280653951}, "1": {"num": 40, "%": 0.011788977306218685}, "2": {"num": 5, "%": 0.0034059945504087193}, "4": {"num": 2, "%": 0.004454342984409799}, "5": {"num": 2, "%": 0.034482758620689655}, "6": {"num": 2, "%": 0.002638522427440633}, "8": {"num": 100, "%": 0.15748031496062992}, "9": {"num": 1, "%": 0.005376344086021506}, "11": {"num": 1, "%": 0.0022026431718061676}, "13": {"num": 31, "%": 0.1781609195402299}, "17": {"num": 1, "%": 0.005050505050505051}}}, "5": {"num": 230, "community_belong": {"0": {"num": 2, "%": 0.005449591280653951}, "2": {"num": 1, "%": 0.0006811989100817438}, "4": {"num": 1, "%": 0.0022271714922048997}, "6": {"num": 209, "%": 0.2757255936675462}, "11": {"num": 13, "%": 0.028634361233480177}, "13": {"num": 1, "%": 0.005747126436781609}, "18": {"num": 2, "%": 0.004962779156327543}, "22": {"num": 1, "%": 0.0033444816053511705}}}, "6": {"num": 151, "community_belong": {"2": {"num": 7, "%": 0.004768392370572207}, "8": {"num": 1, "%": 0.0015748031496062992}, "9": {"num": 43, "%": 0.23118279569892472}, "11": {"num": 1, "%": 0.0022026431718061676}, "18": {"num": 93, "%": 0.23076923076923078}, "29": {"num": 2, "%": 0.006389776357827476}, "30": {"num": 4, "%": 0.10256410256410256}}}, "7": {"num": 144, "community_belong": {"0": {"num": 1, "%": 0.0027247956403269754}, "1": {"num": 5, "%": 0.0014736221632773356}, "4": {"num": 5, "%": 0.011135857461024499}, "5": {"num": 1, "%": 0.017241379310344827}, "6": {"num": 10, "%": 0.013192612137203167}, "11": {"num": 101, "%": 0.22246696035242292}, "13": {"num": 1, "%": 0.005747126436781609}, "14": {"num": 1, "%": 0.003076923076923077}, "18": {"num": 1, "%": 0.0024813895781637717}, "28": {"num": 10, "%": 0.11904761904761904}, "30": {"num": 4, "%": 0.10256410256410256}, "32": {"num": 4, "%": 0.08888888888888889}}}, "8": {"num": 155, "community_belong": {"0": {"num": 9, "%": 0.02452316076294278}, "1": {"num": 39, "%": 0.011494252873563218}, "2": {"num": 2, "%": 0.0013623978201634877}, "4": {"num": 4, "%": 0.008908685968819599}, "8": {"num": 1, "%": 0.0015748031496062992}, "10": {"num": 1, "%": 0.01282051282051282}, "13": {"num": 1, "%": 0.005747126436781609}, "16": {"num": 47, "%": 0.25405405405405407}, "17": {"num": 51, "%": 0.25757575757575757}}}, "9": {"num": 51, "community_belong": {"1": {"num": 5, "%": 0.0014736221632773356}, "10": {"num": 25, "%": 0.32051282051282054}, "18": {"num": 10, "%": 0.02481389578163772}, "23": {"num": 11, "%": 0.24444444444444444}}}, "10": {"num": 2, "community_belong": {"8": {"num": 2, "%": 0.0031496062992125984}}}, "11": {"num": 102, "community_belong": {"6": {"num": 2, "%": 0.002638522427440633}, "7": {"num": 100, "%": 0.2976190476190476}}}, "12": {"num": 90, "community_belong": {"0": {"num": 1, "%": 0.0027247956403269754}, "22": {"num": 89, "%": 0.2976588628762542}}}, "13": {"num": 82, "community_belong": {"2": {"num": 1, "%": 0.0006811989100817438}, "17": {"num": 1, "%": 0.005050505050505051}, "18": {"num": 9, "%": 0.022332506203473945}, "29": {"num": 71, "%": 0.2268370607028754}}}, "14": {"num": 20, "community_belong": {"2": {"num": 1, "%": 0.0006811989100817438}, "21": {"num": 19, "%": 0.17592592592592593}}}, "15": {"num": 4, "community_belong": {"28": {"num": 4, "%": 0.047619047619047616}}}}