{"0": {"num": 938, "community_belong": {"0": {"num": 14, "%": 0.03814713896457766}, "1": {"num": 718, "%": 0.2116121426466254}, "2": {"num": 14, "%": 0.009536784741144414}, "3": {"num": 3, "%": 0.014354066985645933}, "4": {"num": 12, "%": 0.026726057906458798}, "5": {"num": 3, "%": 0.05172413793103448}, "6": {"num": 2, "%": 0.002638522427440633}, "7": {"num": 2, "%": 0.005952380952380952}, "8": {"num": 81, "%": 0.12755905511811025}, "10": {"num": 13, "%": 0.16666666666666666}, "11": {"num": 4, "%": 0.00881057268722467}, "13": {"num": 16, "%": 0.09195402298850575}, "14": {"num": 17, "%": 0.052307692307692305}, "16": {"num": 31, "%": 0.16756756756756758}, "17": {"num": 5, "%": 0.025252525252525252}, "18": {"num": 1, "%": 0.0024813895781637717}, "19": {"num": 1, "%": 0.043478260869565216}, "33": {"num": 1, "%": 0.2}}}, "1": {"num": 340, "community_belong": {"0": {"num": 32, "%": 0.08719346049046321}, "1": {"num": 63, "%": 0.01856763925729443}, "2": {"num": 45, "%": 0.030653950953678476}, "3": {"num": 7, "%": 0.03349282296650718}, "4": {"num": 92, "%": 0.20489977728285078}, "5": {"num": 2, "%": 0.034482758620689655}, "6": {"num": 4, "%": 0.005277044854881266}, "8": {"num": 13, "%": 0.02047244094488189}, "10": {"num": 1, "%": 0.01282051282051282}, "11": {"num": 4, "%": 0.00881057268722467}, "12": {"num": 1, "%": 0.04}, "13": {"num": 18, "%": 0.10344827586206896}, "14": {"num": 37, "%": 0.11384615384615385}, "16": {"num": 4, "%": 0.021621621621621623}, "17": {"num": 4, "%": 0.020202020202020204}, "19": {"num": 7, "%": 0.30434782608695654}, "22": {"num": 4, "%": 0.013377926421404682}, "25": {"num": 2, "%": 0.08333333333333333}}}, "2": {"num": 25, "community_belong": {"1": {"num": 5, "%": 0.0014736221632773356}, "4": {"num": 2, "%": 0.004454342984409799}, "14": {"num": 1, "%": 0.003076923076923077}, "17": {"num": 17, "%": 0.08585858585858586}}}, "3": {"num": 55, "community_belong": {"1": {"num": 20, "%": 0.0058944886531093425}, "2": {"num": 4, "%": 0.0027247956403269754}, "7": {"num": 4, "%": 0.011904761904761904}, "9": {"num": 26, "%": 0.13978494623655913}, "11": {"num": 1, "%": 0.0022026431718061676}}}, "4": {"num": 47, "community_belong": {"1": {"num": 5, "%": 0.0014736221632773356}, "2": {"num": 4, "%": 0.0027247956403269754}, "4": {"num": 4, "%": 0.008908685968819599}, "5": {"num": 5, "%": 0.08620689655172414}, "6": {"num": 3, "%": 0.00395778364116095}, "8": {"num": 22, "%": 0.03464566929133858}, "13": {"num": 3, "%": 0.017241379310344827}, "14": {"num": 1, "%": 0.003076923076923077}}}, "5": {"num": 517, "community_belong": {"0": {"num": 6, "%": 0.01634877384196185}, "1": {"num": 1, "%": 0.0002947244326554671}, "2": {"num": 375, "%": 0.255449591280654}, "4": {"num": 1, "%": 0.0022271714922048997}, "6": {"num": 4, "%": 0.005277044854881266}, "8": {"num": 3, "%": 0.004724409448818898}, "9": {"num": 11, "%": 0.05913978494623656}, "11": {"num": 6, "%": 0.013215859030837005}, "12": {"num": 2, "%": 0.08}, "15": {"num": 53, "%": 0.18996415770609318}, "18": {"num": 9, "%": 0.022332506203473945}, "19": {"num": 1, "%": 0.043478260869565216}, "21": {"num": 3, "%": 0.027777777777777776}, "23": {"num": 1, "%": 0.022222222222222223}, "24": {"num": 31, "%": 0.18452380952380953}, "26": {"num": 1, "%": 0.08333333333333333}, "27": {"num": 1, "%": 0.14285714285714285}, "29": {"num": 4, "%": 0.012779552715654952}, "30": {"num": 4, "%": 0.10256410256410256}}}, "6": {"num": 219, "community_belong": {"1": {"num": 3, "%": 0.0008841732979664014}, "2": {"num": 8, "%": 0.005449591280653951}, "5": {"num": 1, "%": 0.017241379310344827}, "6": {"num": 37, "%": 0.048812664907651716}, "7": {"num": 72, "%": 0.21428571428571427}, "9": {"num": 4, "%": 0.021505376344086023}, "11": {"num": 72, "%": 0.15859030837004406}, "13": {"num": 2, "%": 0.011494252873563218}, "18": {"num": 2, "%": 0.004962779156327543}, "22": {"num": 1, "%": 0.0033444816053511705}, "23": {"num": 3, "%": 0.06666666666666667}, "28": {"num": 12, "%": 0.14285714285714285}, "29": {"num": 2, "%": 0.006389776357827476}}}, "7": {"num": 42, "community_belong": {"0": {"num": 24, "%": 0.0653950953678474}, "3": {"num": 18, "%": 0.0861244019138756}}}, "8": {"num": 17, "community_belong": {"0": {"num": 1, "%": 0.0027247956403269754}, "4": {"num": 1, "%": 0.0022271714922048997}, "14": {"num": 1, "%": 0.003076923076923077}, "17": {"num": 14, "%": 0.0707070707070707}}}, "9": {"num": 151, "community_belong": {"1": {"num": 10, "%": 0.0029472443265546712}, "4": {"num": 1, "%": 0.0022271714922048997}, "6": {"num": 113, "%": 0.14907651715039577}, "8": {"num": 16, "%": 0.025196850393700787}, "10": {"num": 1, "%": 0.01282051282051282}, "11": {"num": 7, "%": 0.015418502202643172}, "13": {"num": 3, "%": 0.017241379310344827}}}, "10": {"num": 59, "community_belong": {"0": {"num": 1, "%": 0.0027247956403269754}, "22": {"num": 58, "%": 0.1939799331103679}}}, "11": {"num": 8, "community_belong": {"1": {"num": 3, "%": 0.0008841732979664014}, "14": {"num": 5, "%": 0.015384615384615385}}}, "12": {"num": 10, "community_belong": {"0": {"num": 5, "%": 0.013623978201634877}, "25": {"num": 5, "%": 0.20833333333333334}}}, "13": {"num": 112, "community_belong": {"2": {"num": 4, "%": 0.0027247956403269754}, "18": {"num": 59, "%": 0.14640198511166252}, "29": {"num": 44, "%": 0.14057507987220447}, "30": {"num": 4, "%": 0.10256410256410256}, "32": {"num": 1, "%": 0.022222222222222223}}}, "14": {"num": 8, "community_belong": {"32": {"num": 8, "%": 0.17777777777777778}}}, "15": {"num": 17, "community_belong": {"21": {"num": 17, "%": 0.1574074074074074}}}, "16": {"num": 4, "community_belong": {"12": {"num": 4, "%": 0.16}}}, "17": {"num": 2, "community_belong": {"18": {"num": 2, "%": 0.004962779156327543}}}}