{"0": {"num": 184, "community_belong": {"0": {"num": 67, "%": 0.18256130790190736}, "1": {"num": 3, "%": 0.0008841732979664014}, "3": {"num": 49, "%": 0.23444976076555024}, "4": {"num": 3, "%": 0.0066815144766146995}, "6": {"num": 4, "%": 0.005277044854881266}, "11": {"num": 4, "%": 0.00881057268722467}, "16": {"num": 6, "%": 0.032432432432432434}, "18": {"num": 4, "%": 0.009925558312655087}, "19": {"num": 5, "%": 0.21739130434782608}, "21": {"num": 31, "%": 0.28703703703703703}, "25": {"num": 8, "%": 0.3333333333333333}}}, "1": {"num": 320, "community_belong": {"0": {"num": 8, "%": 0.021798365122615803}, "1": {"num": 152, "%": 0.044798113763631006}, "2": {"num": 8, "%": 0.005449591280653951}, "4": {"num": 7, "%": 0.015590200445434299}, "5": {"num": 2, "%": 0.034482758620689655}, "6": {"num": 1, "%": 0.0013192612137203166}, "7": {"num": 2, "%": 0.005952380952380952}, "8": {"num": 106, "%": 0.16692913385826771}, "10": {"num": 17, "%": 0.21794871794871795}, "11": {"num": 1, "%": 0.0022026431718061676}, "13": {"num": 5, "%": 0.028735632183908046}, "14": {"num": 4, "%": 0.012307692307692308}, "16": {"num": 1, "%": 0.005405405405405406}, "19": {"num": 3, "%": 0.13043478260869565}, "31": {"num": 3, "%": 0.375}}}, "2": {"num": 764, "community_belong": {"0": {"num": 20, "%": 0.05449591280653951}, "1": {"num": 12, "%": 0.0035366931918656055}, "2": {"num": 562, "%": 0.38283378746594005}, "4": {"num": 3, "%": 0.0066815144766146995}, "6": {"num": 5, "%": 0.006596306068601583}, "8": {"num": 2, "%": 0.0031496062992125984}, "9": {"num": 9, "%": 0.04838709677419355}, "11": {"num": 7, "%": 0.015418502202643172}, "14": {"num": 2, "%": 0.006153846153846154}, "15": {"num": 103, "%": 0.36917562724014336}, "18": {"num": 9, "%": 0.022332506203473945}, "21": {"num": 2, "%": 0.018518518518518517}, "23": {"num": 2, "%": 0.044444444444444446}, "24": {"num": 14, "%": 0.08333333333333333}, "26": {"num": 4, "%": 0.3333333333333333}, "27": {"num": 3, "%": 0.42857142857142855}, "29": {"num": 4, "%": 0.012779552715654952}, "32": {"num": 1, "%": 0.022222222222222223}}}, "3": {"num": 331, "community_belong": {"2": {"num": 1, "%": 0.0006811989100817438}, "4": {"num": 78, "%": 0.17371937639198218}, "6": {"num": 239, "%": 0.3153034300791557}, "8": {"num": 3, "%": 0.004724409448818898}, "9": {"num": 1, "%": 0.005376344086021506}, "11": {"num": 4, "%": 0.00881057268722467}, "13": {"num": 2, "%": 0.011494252873563218}, "24": {"num": 1, "%": 0.005952380952380952}, "29": {"num": 2, "%": 0.006389776357827476}}}, "4": {"num": 56, "community_belong": {"0": {"num": 3, "%": 0.008174386920980926}, "1": {"num": 39, "%": 0.011494252873563218}, "2": {"num": 4, "%": 0.0027247956403269754}, "11": {"num": 2, "%": 0.004405286343612335}, "16": {"num": 6, "%": 0.032432432432432434}, "17": {"num": 1, "%": 0.005050505050505051}, "23": {"num": 1, "%": 0.022222222222222223}}}, "5": {"num": 359, "community_belong": {"0": {"num": 6, "%": 0.01634877384196185}, "1": {"num": 89, "%": 0.026230474506336577}, "2": {"num": 2, "%": 0.0013623978201634877}, "4": {"num": 45, "%": 0.10022271714922049}, "5": {"num": 7, "%": 0.1206896551724138}, "6": {"num": 4, "%": 0.005277044854881266}, "8": {"num": 73, "%": 0.11496062992125984}, "10": {"num": 2, "%": 0.02564102564102564}, "11": {"num": 1, "%": 0.0022026431718061676}, "13": {"num": 49, "%": 0.28160919540229884}, "14": {"num": 13, "%": 0.04}, "15": {"num": 1, "%": 0.0035842293906810036}, "16": {"num": 30, "%": 0.16216216216216217}, "17": {"num": 35, "%": 0.17676767676767677}, "18": {"num": 1, "%": 0.0024813895781637717}, "25": {"num": 1, "%": 0.041666666666666664}}}, "6": {"num": 1326, "community_belong": {"0": {"num": 22, "%": 0.05994550408719346}, "1": {"num": 1144, "%": 0.3371647509578544}, "2": {"num": 13, "%": 0.008855585831062671}, "3": {"num": 5, "%": 0.023923444976076555}, "4": {"num": 11, "%": 0.024498886414253896}, "5": {"num": 11, "%": 0.1896551724137931}, "6": {"num": 3, "%": 0.00395778364116095}, "7": {"num": 3, "%": 0.008928571428571428}, "8": {"num": 25, "%": 0.03937007874015748}, "10": {"num": 2, "%": 0.02564102564102564}, "11": {"num": 3, "%": 0.006607929515418502}, "13": {"num": 12, "%": 0.06896551724137931}, "14": {"num": 21, "%": 0.06461538461538462}, "16": {"num": 6, "%": 0.032432432432432434}, "17": {"num": 34, "%": 0.1717171717171717}, "18": {"num": 1, "%": 0.0024813895781637717}, "19": {"num": 3, "%": 0.13043478260869565}, "25": {"num": 5, "%": 0.20833333333333334}, "29": {"num": 1, "%": 0.003194888178913738}, "31": {"num": 1, "%": 0.125}}}, "7": {"num": 324, "community_belong": {"1": {"num": 8, "%": 0.002357795461243737}, "2": {"num": 3, "%": 0.0020435967302452314}, "4": {"num": 1, "%": 0.0022271714922048997}, "6": {"num": 12, "%": 0.0158311345646438}, "7": {"num": 121, "%": 0.3601190476190476}, "9": {"num": 1, "%": 0.005376344086021506}, "11": {"num": 135, "%": 0.2973568281938326}, "12": {"num": 7, "%": 0.28}, "13": {"num": 1, "%": 0.005747126436781609}, "18": {"num": 6, "%": 0.01488833746898263}, "28": {"num": 20, "%": 0.23809523809523808}, "30": {"num": 9, "%": 0.23076923076923078}}}, "8": {"num": 54, "community_belong": {"2": {"num": 3, "%": 0.0020435967302452314}, "9": {"num": 51, "%": 0.27419354838709675}}}, "9": {"num": 118, "community_belong": {"0": {"num": 4, "%": 0.010899182561307902}, "1": {"num": 21, "%": 0.00618921308576481}, "4": {"num": 12, "%": 0.026726057906458798}, "6": {"num": 2, "%": 0.002638522427440633}, "8": {"num": 2, "%": 0.0031496062992125984}, "11": {"num": 2, "%": 0.004405286343612335}, "14": {"num": 74, "%": 0.2276923076923077}, "17": {"num": 1, "%": 0.005050505050505051}}}, "10": {"num": 22, "community_belong": {"1": {"num": 2, "%": 0.0005894488653109342}, "16": {"num": 20, "%": 0.10810810810810811}}}, "11": {"num": 114, "community_belong": {"0": {"num": 1, "%": 0.0027247956403269754}, "22": {"num": 113, "%": 0.3779264214046823}}}, "12": {"num": 38, "community_belong": {"2": {"num": 2, "%": 0.0013623978201634877}, "24": {"num": 36, "%": 0.21428571428571427}}}, "13": {"num": 4, "community_belong": {"14": {"num": 4, "%": 0.012307692307692308}}}, "14": {"num": 7, "community_belong": {"8": {"num": 7, "%": 0.011023622047244094}}}, "15": {"num": 96, "community_belong": {"0": {"num": 1, "%": 0.0027247956403269754}, "11": {"num": 1, "%": 0.0022026431718061676}, "18": {"num": 85, "%": 0.2109181141439206}, "29": {"num": 4, "%": 0.012779552715654952}, "30": {"num": 1, "%": 0.02564102564102564}, "32": {"num": 4, "%": 0.08888888888888889}}}, "16": {"num": 7, "community_belong": {"23": {"num": 7, "%": 0.15555555555555556}}}, "17": {"num": 96, "community_belong": {"17": {"num": 1, "%": 0.005050505050505051}, "18": {"num": 12, "%": 0.02977667493796526}, "29": {"num": 83, "%": 0.26517571884984026}}}}