{"0": {"num": 899, "community_belong": {"0": {"num": 21, "%": 0.05722070844686648}, "1": {"num": 734, "%": 0.2163277335691129}, "2": {"num": 12, "%": 0.008174386920980926}, "3": {"num": 2, "%": 0.009569377990430622}, "4": {"num": 9, "%": 0.0200445434298441}, "5": {"num": 3, "%": 0.05172413793103448}, "6": {"num": 7, "%": 0.009234828496042216}, "7": {"num": 4, "%": 0.011904761904761904}, "8": {"num": 18, "%": 0.028346456692913385}, "10": {"num": 5, "%": 0.0641025641025641}, "11": {"num": 14, "%": 0.030837004405286344}, "13": {"num": 5, "%": 0.028735632183908046}, "14": {"num": 6, "%": 0.018461538461538463}, "16": {"num": 34, "%": 0.1837837837837838}, "17": {"num": 14, "%": 0.0707070707070707}, "18": {"num": 2, "%": 0.004962779156327543}, "19": {"num": 5, "%": 0.21739130434782608}, "25": {"num": 3, "%": 0.125}, "28": {"num": 1, "%": 0.011904761904761904}}}, "1": {"num": 381, "community_belong": {"0": {"num": 31, "%": 0.08446866485013624}, "1": {"num": 69, "%": 0.020335985853227233}, "2": {"num": 47, "%": 0.03201634877384196}, "3": {"num": 6, "%": 0.028708133971291867}, "4": {"num": 55, "%": 0.12249443207126949}, "5": {"num": 1, "%": 0.017241379310344827}, "6": {"num": 5, "%": 0.006596306068601583}, "7": {"num": 2, "%": 0.005952380952380952}, "8": {"num": 72, "%": 0.11338582677165354}, "10": {"num": 9, "%": 0.11538461538461539}, "13": {"num": 15, "%": 0.08620689655172414}, "14": {"num": 48, "%": 0.1476923076923077}, "16": {"num": 1, "%": 0.005405405405405406}, "17": {"num": 15, "%": 0.07575757575757576}, "18": {"num": 3, "%": 0.007444168734491315}, "19": {"num": 1, "%": 0.043478260869565216}, "22": {"num": 1, "%": 0.0033444816053511705}}}, "2": {"num": 47, "community_belong": {"0": {"num": 10, "%": 0.027247956403269755}, "1": {"num": 1, "%": 0.0002947244326554671}, "2": {"num": 1, "%": 0.0006811989100817438}, "3": {"num": 20, "%": 0.09569377990430622}, "8": {"num": 3, "%": 0.004724409448818898}, "14": {"num": 1, "%": 0.003076923076923077}, "17": {"num": 11, "%": 0.05555555555555555}}}, "3": {"num": 74, "community_belong": {"0": {"num": 2, "%": 0.005449591280653951}, "4": {"num": 66, "%": 0.14699331848552338}, "6": {"num": 3, "%": 0.00395778364116095}, "11": {"num": 2, "%": 0.004405286343612335}, "13": {"num": 1, "%": 0.005747126436781609}}}, "4": {"num": 197, "community_belong": {"1": {"num": 22, "%": 0.006483937518420277}, "2": {"num": 2, "%": 0.0013623978201634877}, "4": {"num": 1, "%": 0.0022271714922048997}, "6": {"num": 7, "%": 0.009234828496042216}, "7": {"num": 67, "%": 0.19940476190476192}, "9": {"num": 3, "%": 0.016129032258064516}, "11": {"num": 80, "%": 0.1762114537444934}, "18": {"num": 5, "%": 0.01240694789081886}, "23": {"num": 7, "%": 0.15555555555555556}, "28": {"num": 3, "%": 0.03571428571428571}}}, "5": {"num": 161, "community_belong": {"2": {"num": 1, "%": 0.0006811989100817438}, "6": {"num": 145, "%": 0.19129287598944592}, "7": {"num": 3, "%": 0.008928571428571428}, "9": {"num": 1, "%": 0.005376344086021506}, "11": {"num": 3, "%": 0.006607929515418502}, "13": {"num": 1, "%": 0.005747126436781609}, "18": {"num": 2, "%": 0.004962779156327543}, "21": {"num": 1, "%": 0.009259259259259259}, "30": {"num": 4, "%": 0.10256410256410256}}}, "6": {"num": 511, "community_belong": {"0": {"num": 3, "%": 0.008174386920980926}, "1": {"num": 1, "%": 0.0002947244326554671}, "2": {"num": 371, "%": 0.25272479564032696}, "4": {"num": 2, "%": 0.004454342984409799}, "6": {"num": 1, "%": 0.0013192612137203166}, "8": {"num": 3, "%": 0.004724409448818898}, "9": {"num": 11, "%": 0.05913978494623656}, "11": {"num": 14, "%": 0.030837004405286344}, "12": {"num": 4, "%": 0.16}, "14": {"num": 3, "%": 0.009230769230769232}, "15": {"num": 58, "%": 0.2078853046594982}, "18": {"num": 5, "%": 0.01240694789081886}, "23": {"num": 1, "%": 0.022222222222222223}, "24": {"num": 28, "%": 0.16666666666666666}, "26": {"num": 1, "%": 0.08333333333333333}, "28": {"num": 2, "%": 0.023809523809523808}, "29": {"num": 1, "%": 0.003194888178913738}, "30": {"num": 2, "%": 0.05128205128205128}}}, "7": {"num": 58, "community_belong": {"1": {"num": 1, "%": 0.0002947244326554671}, "2": {"num": 4, "%": 0.0027247956403269754}, "5": {"num": 2, "%": 0.034482758620689655}, "6": {"num": 1, "%": 0.0013192612137203166}, "8": {"num": 38, "%": 0.05984251968503937}, "13": {"num": 11, "%": 0.06321839080459771}, "19": {"num": 1, "%": 0.043478260869565216}}}, "8": {"num": 61, "community_belong": {"22": {"num": 61, "%": 0.2040133779264214}}}, "9": {"num": 91, "community_belong": {"0": {"num": 4, "%": 0.010899182561307902}, "1": {"num": 1, "%": 0.0002947244326554671}, "2": {"num": 1, "%": 0.0006811989100817438}, "6": {"num": 2, "%": 0.002638522427440633}, "18": {"num": 58, "%": 0.14392059553349876}, "21": {"num": 19, "%": 0.17592592592592593}, "24": {"num": 4, "%": 0.023809523809523808}, "29": {"num": 2, "%": 0.006389776357827476}}}, "10": {"num": 60, "community_belong": {"2": {"num": 1, "%": 0.0006811989100817438}, "17": {"num": 1, "%": 0.005050505050505051}, "18": {"num": 5, "%": 0.01240694789081886}, "29": {"num": 53, "%": 0.16932907348242812}}}, "11": {"num": 24, "community_belong": {"2": {"num": 1, "%": 0.0006811989100817438}, "9": {"num": 23, "%": 0.12365591397849462}}}, "12": {"num": 3, "community_belong": {"18": {"num": 3, "%": 0.007444168734491315}}}}