{"0": {"num": 187, "community_belong": {"0": {"num": 6, "%": 0.01634877384196185}, "1": {"num": 116, "%": 0.03418803418803419}, "2": {"num": 2, "%": 0.0013623978201634877}, "3": {"num": 3, "%": 0.014354066985645933}, "4": {"num": 5, "%": 0.011135857461024499}, "5": {"num": 2, "%": 0.034482758620689655}, "6": {"num": 3, "%": 0.00395778364116095}, "8": {"num": 8, "%": 0.012598425196850394}, "10": {"num": 3, "%": 0.038461538461538464}, "11": {"num": 5, "%": 0.011013215859030838}, "13": {"num": 4, "%": 0.022988505747126436}, "14": {"num": 10, "%": 0.03076923076923077}, "16": {"num": 8, "%": 0.043243243243243246}, "17": {"num": 3, "%": 0.015151515151515152}, "18": {"num": 1, "%": 0.0024813895781637717}, "19": {"num": 2, "%": 0.08695652173913043}, "20": {"num": 1, "%": 0.07142857142857142}, "22": {"num": 1, "%": 0.0033444816053511705}, "25": {"num": 1, "%": 0.041666666666666664}, "28": {"num": 3, "%": 0.03571428571428571}}}, "1": {"num": 24, "community_belong": {"0": {"num": 15, "%": 0.04087193460490463}, "1": {"num": 1, "%": 0.0002947244326554671}, "2": {"num": 1, "%": 0.0006811989100817438}, "3": {"num": 4, "%": 0.019138755980861243}, "11": {"num": 2, "%": 0.004405286343612335}, "18": {"num": 1, "%": 0.0024813895781637717}}}, "2": {"num": 97, "community_belong": {"0": {"num": 6, "%": 0.01634877384196185}, "1": {"num": 19, "%": 0.005599764220453876}, "2": {"num": 13, "%": 0.008855585831062671}, "3": {"num": 1, "%": 0.004784688995215311}, "4": {"num": 13, "%": 0.028953229398663696}, "6": {"num": 3, "%": 0.00395778364116095}, "8": {"num": 14, "%": 0.02204724409448819}, "9": {"num": 1, "%": 0.005376344086021506}, "11": {"num": 7, "%": 0.015418502202643172}, "13": {"num": 5, "%": 0.028735632183908046}, "14": {"num": 8, "%": 0.024615384615384615}, "16": {"num": 1, "%": 0.005405405405405406}, "17": {"num": 3, "%": 0.015151515151515152}, "18": {"num": 1, "%": 0.0024813895781637717}, "22": {"num": 2, "%": 0.006688963210702341}}}, "3": {"num": 111, "community_belong": {"2": {"num": 83, "%": 0.05653950953678474}, "4": {"num": 2, "%": 0.004454342984409799}, "6": {"num": 5, "%": 0.006596306068601583}, "9": {"num": 5, "%": 0.026881720430107527}, "11": {"num": 4, "%": 0.00881057268722467}, "13": {"num": 1, "%": 0.005747126436781609}, "15": {"num": 6, "%": 0.021505376344086023}, "18": {"num": 2, "%": 0.004962779156327543}, "24": {"num": 2, "%": 0.011904761904761904}, "28": {"num": 1, "%": 0.011904761904761904}}}, "4": {"num": 23, "community_belong": {"3": {"num": 2, "%": 0.009569377990430622}, "4": {"num": 1, "%": 0.0022271714922048997}, "6": {"num": 12, "%": 0.0158311345646438}, "11": {"num": 2, "%": 0.004405286343612335}, "22": {"num": 6, "%": 0.020066889632107024}}}, "5": {"num": 16, "community_belong": {"1": {"num": 12, "%": 0.0035366931918656055}, "8": {"num": 3, "%": 0.004724409448818898}, "14": {"num": 1, "%": 0.003076923076923077}}}, "6": {"num": 14, "community_belong": {"7": {"num": 14, "%": 0.041666666666666664}}}, "7": {"num": 4, "community_belong": {"29": {"num": 4, "%": 0.012779552715654952}}}}