{"0": {"num": 198, "community_belong": {"0": {"num": 16, "%": 0.043596730245231606}, "1": {"num": 54, "%": 0.015915119363395226}, "2": {"num": 27, "%": 0.018392370572207085}, "3": {"num": 6, "%": 0.028708133971291867}, "4": {"num": 17, "%": 0.0378619153674833}, "6": {"num": 2, "%": 0.002638522427440633}, "7": {"num": 1, "%": 0.002976190476190476}, "8": {"num": 31, "%": 0.048818897637795275}, "9": {"num": 1, "%": 0.005376344086021506}, "11": {"num": 1, "%": 0.0022026431718061676}, "13": {"num": 11, "%": 0.06321839080459771}, "14": {"num": 15, "%": 0.046153846153846156}, "16": {"num": 3, "%": 0.016216216216216217}, "17": {"num": 9, "%": 0.045454545454545456}, "18": {"num": 1, "%": 0.0024813895781637717}, "22": {"num": 2, "%": 0.006688963210702341}, "25": {"num": 1, "%": 0.041666666666666664}}}, "1": {"num": 69, "community_belong": {"2": {"num": 1, "%": 0.0006811989100817438}, "3": {"num": 1, "%": 0.004784688995215311}, "4": {"num": 13, "%": 0.028953229398663696}, "6": {"num": 36, "%": 0.047493403693931395}, "11": {"num": 1, "%": 0.0022026431718061676}, "13": {"num": 5, "%": 0.028735632183908046}, "22": {"num": 12, "%": 0.04013377926421405}}}, "2": {"num": 78, "community_belong": {"1": {"num": 6, "%": 0.0017683465959328027}, "2": {"num": 5, "%": 0.0034059945504087193}, "6": {"num": 3, "%": 0.00395778364116095}, "7": {"num": 18, "%": 0.05357142857142857}, "9": {"num": 1, "%": 0.005376344086021506}, "11": {"num": 37, "%": 0.08149779735682819}, "28": {"num": 7, "%": 0.08333333333333333}, "29": {"num": 1, "%": 0.003194888178913738}}}, "3": {"num": 308, "community_belong": {"0": {"num": 6, "%": 0.01634877384196185}, "1": {"num": 226, "%": 0.06660772178013558}, "2": {"num": 4, "%": 0.0027247956403269754}, "3": {"num": 2, "%": 0.009569377990430622}, "4": {"num": 5, "%": 0.011135857461024499}, "5": {"num": 3, "%": 0.05172413793103448}, "6": {"num": 1, "%": 0.0013192612137203166}, "7": {"num": 5, "%": 0.01488095238095238}, "8": {"num": 18, "%": 0.028346456692913385}, "10": {"num": 1, "%": 0.01282051282051282}, "13": {"num": 6, "%": 0.034482758620689655}, "14": {"num": 11, "%": 0.033846153846153845}, "16": {"num": 11, "%": 0.05945945945945946}, "17": {"num": 6, "%": 0.030303030303030304}, "19": {"num": 1, "%": 0.043478260869565216}, "25": {"num": 1, "%": 0.041666666666666664}, "33": {"num": 1, "%": 0.2}}}, "4": {"num": 49, "community_belong": {"0": {"num": 7, "%": 0.01907356948228883}, "1": {"num": 29, "%": 0.008547008547008548}, "8": {"num": 1, "%": 0.0015748031496062992}, "11": {"num": 1, "%": 0.0022026431718061676}, "13": {"num": 1, "%": 0.005747126436781609}, "14": {"num": 4, "%": 0.012307692307692308}, "16": {"num": 2, "%": 0.010810810810810811}, "17": {"num": 4, "%": 0.020202020202020204}}}, "5": {"num": 219, "community_belong": {"0": {"num": 1, "%": 0.0027247956403269754}, "1": {"num": 2, "%": 0.0005894488653109342}, "2": {"num": 155, "%": 0.1055858310626703}, "9": {"num": 11, "%": 0.05913978494623656}, "11": {"num": 4, "%": 0.00881057268722467}, "12": {"num": 1, "%": 0.04}, "15": {"num": 15, "%": 0.053763440860215055}, "18": {"num": 3, "%": 0.007444168734491315}, "23": {"num": 1, "%": 0.022222222222222223}, "24": {"num": 18, "%": 0.10714285714285714}, "26": {"num": 1, "%": 0.08333333333333333}, "28": {"num": 2, "%": 0.023809523809523808}, "30": {"num": 1, "%": 0.02564102564102564}, "32": {"num": 4, "%": 0.08888888888888889}}}, "6": {"num": 9, "community_belong": {"3": {"num": 9, "%": 0.0430622009569378}}}, "7": {"num": 27, "community_belong": {"6": {"num": 4, "%": 0.005277044854881266}, "11": {"num": 2, "%": 0.004405286343612335}, "18": {"num": 21, "%": 0.052109181141439205}}}, "8": {"num": 15, "community_belong": {"18": {"num": 1, "%": 0.0024813895781637717}, "29": {"num": 14, "%": 0.04472843450479233}}}, "9": {"num": 3, "community_belong": {"12": {"num": 3, "%": 0.12}}}, "10": {"num": 6, "community_belong": {"18": {"num": 6, "%": 0.01488833746898263}}}, "11": {"num": 2, "community_belong": {"15": {"num": 2, "%": 0.007168458781362007}}}, "12": {"num": 2, "community_belong": {"29": {"num": 2, "%": 0.006389776357827476}}}}