{"0": {"num": 330, "community_belong": {"0": {"num": 9, "%": 0.02452316076294278}, "1": {"num": 227, "%": 0.06690244621279104}, "2": {"num": 6, "%": 0.004087193460490463}, "3": {"num": 5, "%": 0.023923444976076555}, "4": {"num": 8, "%": 0.017817371937639197}, "5": {"num": 1, "%": 0.017241379310344827}, "6": {"num": 3, "%": 0.00395778364116095}, "7": {"num": 1, "%": 0.002976190476190476}, "8": {"num": 17, "%": 0.026771653543307086}, "10": {"num": 3, "%": 0.038461538461538464}, "11": {"num": 8, "%": 0.01762114537444934}, "13": {"num": 13, "%": 0.07471264367816093}, "14": {"num": 11, "%": 0.033846153846153845}, "16": {"num": 10, "%": 0.05405405405405406}, "17": {"num": 6, "%": 0.030303030303030304}, "18": {"num": 1, "%": 0.0024813895781637717}, "19": {"num": 1, "%": 0.043478260869565216}}}, "1": {"num": 35, "community_belong": {"0": {"num": 7, "%": 0.01907356948228883}, "1": {"num": 15, "%": 0.004420866489832007}, "3": {"num": 5, "%": 0.023923444976076555}, "8": {"num": 2, "%": 0.0031496062992125984}, "16": {"num": 4, "%": 0.021621621621621623}, "19": {"num": 2, "%": 0.08695652173913043}}}, "2": {"num": 90, "community_belong": {"4": {"num": 29, "%": 0.0645879732739421}, "6": {"num": 41, "%": 0.05408970976253298}, "7": {"num": 1, "%": 0.002976190476190476}, "9": {"num": 2, "%": 0.010752688172043012}, "11": {"num": 1, "%": 0.0022026431718061676}, "22": {"num": 16, "%": 0.05351170568561873}}}, "3": {"num": 30, "community_belong": {"0": {"num": 1, "%": 0.0027247956403269754}, "1": {"num": 9, "%": 0.002652519893899204}, "2": {"num": 4, "%": 0.0027247956403269754}, "6": {"num": 3, "%": 0.00395778364116095}, "7": {"num": 2, "%": 0.005952380952380952}, "8": {"num": 1, "%": 0.0015748031496062992}, "9": {"num": 1, "%": 0.005376344086021506}, "11": {"num": 2, "%": 0.004405286343612335}, "18": {"num": 6, "%": 0.01488833746898263}, "21": {"num": 1, "%": 0.009259259259259259}}}, "4": {"num": 156, "community_belong": {"0": {"num": 6, "%": 0.01634877384196185}, "1": {"num": 36, "%": 0.010610079575596816}, "2": {"num": 27, "%": 0.018392370572207085}, "3": {"num": 4, "%": 0.019138755980861243}, "4": {"num": 18, "%": 0.0400890868596882}, "7": {"num": 1, "%": 0.002976190476190476}, "8": {"num": 21, "%": 0.03307086614173228}, "10": {"num": 4, "%": 0.05128205128205128}, "11": {"num": 1, "%": 0.0022026431718061676}, "13": {"num": 9, "%": 0.05172413793103448}, "14": {"num": 18, "%": 0.055384615384615386}, "17": {"num": 7, "%": 0.03535353535353535}, "18": {"num": 1, "%": 0.0024813895781637717}, "22": {"num": 2, "%": 0.006688963210702341}, "25": {"num": 1, "%": 0.041666666666666664}}}, "5": {"num": 204, "community_belong": {"0": {"num": 1, "%": 0.0027247956403269754}, "2": {"num": 146, "%": 0.0994550408719346}, "4": {"num": 1, "%": 0.0022271714922048997}, "8": {"num": 2, "%": 0.0031496062992125984}, "9": {"num": 10, "%": 0.053763440860215055}, "11": {"num": 9, "%": 0.019823788546255508}, "15": {"num": 16, "%": 0.05734767025089606}, "18": {"num": 1, "%": 0.0024813895781637717}, "21": {"num": 1, "%": 0.009259259259259259}, "24": {"num": 15, "%": 0.08928571428571429}, "26": {"num": 2, "%": 0.16666666666666666}}}, "6": {"num": 45, "community_belong": {"6": {"num": 7, "%": 0.009234828496042216}, "7": {"num": 21, "%": 0.0625}, "11": {"num": 16, "%": 0.03524229074889868}, "18": {"num": 1, "%": 0.0024813895781637717}}}, "7": {"num": 20, "community_belong": {"2": {"num": 1, "%": 0.0006811989100817438}, "29": {"num": 19, "%": 0.06070287539936102}}}, "8": {"num": 2, "community_belong": {"18": {"num": 2, "%": 0.004962779156327543}}}}