{"0": {"num": 694, "community_belong": {"0": {"num": 19, "%": 0.051771117166212535}, "1": {"num": 557, "%": 0.1641615089890952}, "2": {"num": 9, "%": 0.006130790190735695}, "3": {"num": 6, "%": 0.028708133971291867}, "4": {"num": 7, "%": 0.015590200445434299}, "5": {"num": 2, "%": 0.034482758620689655}, "6": {"num": 1, "%": 0.0013192612137203166}, "7": {"num": 3, "%": 0.008928571428571428}, "8": {"num": 20, "%": 0.031496062992125984}, "10": {"num": 2, "%": 0.02564102564102564}, "11": {"num": 4, "%": 0.00881057268722467}, "13": {"num": 7, "%": 0.040229885057471264}, "14": {"num": 26, "%": 0.08}, "16": {"num": 16, "%": 0.08648648648648649}, "17": {"num": 6, "%": 0.030303030303030304}, "18": {"num": 1, "%": 0.0024813895781637717}, "20": {"num": 4, "%": 0.2857142857142857}, "21": {"num": 1, "%": 0.009259259259259259}, "25": {"num": 3, "%": 0.125}}}, "1": {"num": 233, "community_belong": {"0": {"num": 38, "%": 0.10354223433242507}, "1": {"num": 58, "%": 0.017094017094017096}, "2": {"num": 36, "%": 0.02452316076294278}, "3": {"num": 2, "%": 0.009569377990430622}, "4": {"num": 14, "%": 0.031180400890868598}, "6": {"num": 4, "%": 0.005277044854881266}, "8": {"num": 10, "%": 0.015748031496062992}, "10": {"num": 4, "%": 0.05128205128205128}, "11": {"num": 4, "%": 0.00881057268722467}, "13": {"num": 18, "%": 0.10344827586206896}, "14": {"num": 28, "%": 0.08615384615384615}, "16": {"num": 8, "%": 0.043243243243243246}, "17": {"num": 3, "%": 0.015151515151515152}, "18": {"num": 2, "%": 0.004962779156327543}, "19": {"num": 4, "%": 0.17391304347826086}}}, "2": {"num": 120, "community_belong": {"0": {"num": 10, "%": 0.027247956403269755}, "1": {"num": 10, "%": 0.0029472443265546712}, "2": {"num": 4, "%": 0.0027247956403269754}, "4": {"num": 1, "%": 0.0022271714922048997}, "5": {"num": 1, "%": 0.017241379310344827}, "7": {"num": 1, "%": 0.002976190476190476}, "8": {"num": 43, "%": 0.06771653543307087}, "13": {"num": 12, "%": 0.06896551724137931}, "14": {"num": 2, "%": 0.006153846153846154}, "17": {"num": 34, "%": 0.1717171717171717}, "19": {"num": 2, "%": 0.08695652173913043}}}, "3": {"num": 116, "community_belong": {"0": {"num": 1, "%": 0.0027247956403269754}, "1": {"num": 18, "%": 0.005305039787798408}, "2": {"num": 2, "%": 0.0013623978201634877}, "4": {"num": 72, "%": 0.1603563474387528}, "6": {"num": 8, "%": 0.010554089709762533}, "7": {"num": 5, "%": 0.01488095238095238}, "8": {"num": 1, "%": 0.0015748031496062992}, "11": {"num": 1, "%": 0.0022026431718061676}, "15": {"num": 1, "%": 0.0035842293906810036}, "16": {"num": 7, "%": 0.03783783783783784}}}, "4": {"num": 178, "community_belong": {"1": {"num": 19, "%": 0.005599764220453876}, "2": {"num": 2, "%": 0.0013623978201634877}, "6": {"num": 13, "%": 0.017150395778364115}, "7": {"num": 56, "%": 0.16666666666666666}, "8": {"num": 1, "%": 0.0015748031496062992}, "9": {"num": 16, "%": 0.08602150537634409}, "11": {"num": 66, "%": 0.14537444933920704}, "18": {"num": 4, "%": 0.009925558312655087}, "32": {"num": 1, "%": 0.022222222222222223}}}, "5": {"num": 104, "community_belong": {"2": {"num": 1, "%": 0.0006811989100817438}, "6": {"num": 97, "%": 0.1279683377308707}, "7": {"num": 1, "%": 0.002976190476190476}, "9": {"num": 1, "%": 0.005376344086021506}, "11": {"num": 4, "%": 0.00881057268722467}}}, "6": {"num": 403, "community_belong": {"1": {"num": 2, "%": 0.0005894488653109342}, "2": {"num": 300, "%": 0.20435967302452315}, "4": {"num": 2, "%": 0.004454342984409799}, "6": {"num": 1, "%": 0.0013192612137203166}, "7": {"num": 1, "%": 0.002976190476190476}, "8": {"num": 4, "%": 0.006299212598425197}, "9": {"num": 10, "%": 0.053763440860215055}, "11": {"num": 7, "%": 0.015418502202643172}, "12": {"num": 7, "%": 0.28}, "15": {"num": 31, "%": 0.1111111111111111}, "18": {"num": 2, "%": 0.004962779156327543}, "21": {"num": 1, "%": 0.009259259259259259}, "23": {"num": 1, "%": 0.022222222222222223}, "24": {"num": 30, "%": 0.17857142857142858}, "26": {"num": 2, "%": 0.16666666666666666}, "28": {"num": 1, "%": 0.011904761904761904}, "29": {"num": 1, "%": 0.003194888178913738}}}, "7": {"num": 15, "community_belong": {"3": {"num": 15, "%": 0.07177033492822966}}}, "8": {"num": 16, "community_belong": {"15": {"num": 10, "%": 0.035842293906810034}, "18": {"num": 3, "%": 0.007444168734491315}, "23": {"num": 3, "%": 0.06666666666666667}}}, "9": {"num": 54, "community_belong": {"1": {"num": 8, "%": 0.002357795461243737}, "2": {"num": 4, "%": 0.0027247956403269754}, "4": {"num": 3, "%": 0.0066815144766146995}, "6": {"num": 1, "%": 0.0013192612137203166}, "8": {"num": 36, "%": 0.05669291338582677}, "13": {"num": 1, "%": 0.005747126436781609}, "19": {"num": 1, "%": 0.043478260869565216}}}, "10": {"num": 44, "community_belong": {"22": {"num": 44, "%": 0.14715719063545152}}}, "11": {"num": 83, "community_belong": {"6": {"num": 11, "%": 0.014511873350923483}, "7": {"num": 1, "%": 0.002976190476190476}, "11": {"num": 6, "%": 0.013215859030837005}, "18": {"num": 53, "%": 0.1315136476426799}, "28": {"num": 4, "%": 0.047619047619047616}, "30": {"num": 7, "%": 0.1794871794871795}, "32": {"num": 1, "%": 0.022222222222222223}}}, "12": {"num": 23, "community_belong": {"0": {"num": 5, "%": 0.013623978201634877}, "1": {"num": 1, "%": 0.0002947244326554671}, "2": {"num": 2, "%": 0.0013623978201634877}, "18": {"num": 2, "%": 0.004962779156327543}, "21": {"num": 13, "%": 0.12037037037037036}}}, "13": {"num": 32, "community_belong": {"18": {"num": 1, "%": 0.0024813895781637717}, "29": {"num": 31, "%": 0.09904153354632587}}}, "14": {"num": 3, "community_belong": {"29": {"num": 3, "%": 0.009584664536741214}}}}