{"0": {"num": 577, "community_belong": {"0": {"num": 21, "%": 0.05722070844686648}, "1": {"num": 406, "%": 0.11965811965811966}, "2": {"num": 9, "%": 0.006130790190735695}, "3": {"num": 4, "%": 0.019138755980861243}, "4": {"num": 8, "%": 0.017817371937639197}, "5": {"num": 5, "%": 0.08620689655172414}, "6": {"num": 2, "%": 0.002638522427440633}, "7": {"num": 2, "%": 0.005952380952380952}, "8": {"num": 35, "%": 0.05511811023622047}, "10": {"num": 1, "%": 0.01282051282051282}, "11": {"num": 6, "%": 0.013215859030837005}, "13": {"num": 14, "%": 0.08045977011494253}, "14": {"num": 22, "%": 0.06769230769230769}, "16": {"num": 17, "%": 0.0918918918918919}, "17": {"num": 19, "%": 0.09595959595959595}, "18": {"num": 1, "%": 0.0024813895781637717}, "19": {"num": 2, "%": 0.08695652173913043}, "22": {"num": 1, "%": 0.0033444816053511705}, "25": {"num": 1, "%": 0.041666666666666664}, "30": {"num": 1, "%": 0.02564102564102564}}}, "1": {"num": 260, "community_belong": {"0": {"num": 22, "%": 0.05994550408719346}, "1": {"num": 36, "%": 0.010610079575596816}, "2": {"num": 45, "%": 0.030653950953678476}, "3": {"num": 4, "%": 0.019138755980861243}, "4": {"num": 31, "%": 0.06904231625835189}, "6": {"num": 9, "%": 0.011873350923482849}, "7": {"num": 1, "%": 0.002976190476190476}, "8": {"num": 46, "%": 0.07244094488188976}, "10": {"num": 1, "%": 0.01282051282051282}, "11": {"num": 2, "%": 0.004405286343612335}, "13": {"num": 18, "%": 0.10344827586206896}, "14": {"num": 28, "%": 0.08615384615384615}, "16": {"num": 1, "%": 0.005405405405405406}, "17": {"num": 13, "%": 0.06565656565656566}, "18": {"num": 1, "%": 0.0024813895781637717}, "25": {"num": 2, "%": 0.08333333333333333}}}, "2": {"num": 106, "community_belong": {"3": {"num": 2, "%": 0.009569377990430622}, "4": {"num": 18, "%": 0.0400890868596882}, "6": {"num": 56, "%": 0.07387862796833773}, "7": {"num": 3, "%": 0.008928571428571428}, "10": {"num": 1, "%": 0.01282051282051282}, "11": {"num": 2, "%": 0.004405286343612335}, "22": {"num": 24, "%": 0.0802675585284281}}}, "3": {"num": 33, "community_belong": {"1": {"num": 15, "%": 0.004420866489832007}, "2": {"num": 4, "%": 0.0027247956403269754}, "4": {"num": 1, "%": 0.0022271714922048997}, "7": {"num": 12, "%": 0.03571428571428571}, "11": {"num": 1, "%": 0.0022026431718061676}}}, "4": {"num": 304, "community_belong": {"0": {"num": 2, "%": 0.005449591280653951}, "2": {"num": 207, "%": 0.14100817438692098}, "6": {"num": 1, "%": 0.0013192612137203166}, "9": {"num": 23, "%": 0.12365591397849462}, "11": {"num": 3, "%": 0.006607929515418502}, "12": {"num": 2, "%": 0.08}, "15": {"num": 33, "%": 0.11827956989247312}, "18": {"num": 9, "%": 0.022332506203473945}, "23": {"num": 1, "%": 0.022222222222222223}, "24": {"num": 17, "%": 0.10119047619047619}, "26": {"num": 1, "%": 0.08333333333333333}, "27": {"num": 1, "%": 0.14285714285714285}, "28": {"num": 1, "%": 0.011904761904761904}, "29": {"num": 3, "%": 0.009584664536741214}}}, "5": {"num": 147, "community_belong": {"1": {"num": 5, "%": 0.0014736221632773356}, "2": {"num": 6, "%": 0.004087193460490463}, "6": {"num": 9, "%": 0.011873350923482849}, "7": {"num": 24, "%": 0.07142857142857142}, "9": {"num": 2, "%": 0.010752688172043012}, "11": {"num": 54, "%": 0.11894273127753303}, "13": {"num": 1, "%": 0.005747126436781609}, "15": {"num": 1, "%": 0.0035842293906810036}, "16": {"num": 8, "%": 0.043243243243243246}, "18": {"num": 21, "%": 0.052109181141439205}, "23": {"num": 2, "%": 0.044444444444444446}, "28": {"num": 11, "%": 0.13095238095238096}, "29": {"num": 3, "%": 0.009584664536741214}}}, "6": {"num": 8, "community_belong": {"3": {"num": 8, "%": 0.03827751196172249}}}, "7": {"num": 38, "community_belong": {"2": {"num": 1, "%": 0.0006811989100817438}, "18": {"num": 1, "%": 0.0024813895781637717}, "29": {"num": 36, "%": 0.11501597444089456}}}, "8": {"num": 4, "community_belong": {"18": {"num": 4, "%": 0.009925558312655087}}}, "9": {"num": 11, "community_belong": {"21": {"num": 11, "%": 0.10185185185185185}}}, "10": {"num": 4, "community_belong": {"18": {"num": 4, "%": 0.009925558312655087}}}}