{"0": {"num": 1334, "community_belong": {"0": {"num": 13, "%": 0.035422343324250684}, "1": {"num": 1124, "%": 0.33127026230474504}, "2": {"num": 11, "%": 0.007493188010899182}, "4": {"num": 10, "%": 0.022271714922048998}, "5": {"num": 1, "%": 0.017241379310344827}, "6": {"num": 5, "%": 0.006596306068601583}, "7": {"num": 3, "%": 0.008928571428571428}, "8": {"num": 47, "%": 0.07401574803149606}, "10": {"num": 5, "%": 0.0641025641025641}, "11": {"num": 3, "%": 0.006607929515418502}, "13": {"num": 14, "%": 0.08045977011494253}, "14": {"num": 18, "%": 0.055384615384615386}, "16": {"num": 51, "%": 0.2756756756756757}, "17": {"num": 14, "%": 0.0707070707070707}, "18": {"num": 1, "%": 0.0024813895781637717}, "19": {"num": 2, "%": 0.08695652173913043}, "20": {"num": 3, "%": 0.21428571428571427}, "21": {"num": 1, "%": 0.009259259259259259}, "25": {"num": 8, "%": 0.3333333333333333}}}, "1": {"num": 551, "community_belong": {"0": {"num": 16, "%": 0.043596730245231606}, "1": {"num": 117, "%": 0.034482758620689655}, "2": {"num": 54, "%": 0.03678474114441417}, "3": {"num": 8, "%": 0.03827751196172249}, "4": {"num": 71, "%": 0.15812917594654788}, "6": {"num": 7, "%": 0.009234828496042216}, "7": {"num": 1, "%": 0.002976190476190476}, "8": {"num": 122, "%": 0.1921259842519685}, "10": {"num": 15, "%": 0.19230769230769232}, "11": {"num": 2, "%": 0.004405286343612335}, "13": {"num": 33, "%": 0.1896551724137931}, "14": {"num": 74, "%": 0.2276923076923077}, "16": {"num": 23, "%": 0.12432432432432433}, "17": {"num": 3, "%": 0.015151515151515152}, "18": {"num": 2, "%": 0.004962779156327543}, "19": {"num": 1, "%": 0.043478260869565216}, "29": {"num": 1, "%": 0.003194888178913738}, "31": {"num": 1, "%": 0.125}}}, "2": {"num": 342, "community_belong": {"2": {"num": 1, "%": 0.0006811989100817438}, "4": {"num": 88, "%": 0.19599109131403117}, "6": {"num": 247, "%": 0.3258575197889182}, "9": {"num": 1, "%": 0.005376344086021506}, "11": {"num": 2, "%": 0.004405286343612335}, "13": {"num": 1, "%": 0.005747126436781609}, "21": {"num": 1, "%": 0.009259259259259259}, "22": {"num": 1, "%": 0.0033444816053511705}}}, "3": {"num": 159, "community_belong": {"0": {"num": 84, "%": 0.22888283378746593}, "1": {"num": 4, "%": 0.0011788977306218685}, "2": {"num": 5, "%": 0.0034059945504087193}, "3": {"num": 6, "%": 0.028708133971291867}, "4": {"num": 1, "%": 0.0022271714922048997}, "6": {"num": 2, "%": 0.002638522427440633}, "11": {"num": 2, "%": 0.004405286343612335}, "18": {"num": 8, "%": 0.019851116625310174}, "19": {"num": 8, "%": 0.34782608695652173}, "21": {"num": 29, "%": 0.26851851851851855}, "23": {"num": 3, "%": 0.06666666666666667}, "24": {"num": 7, "%": 0.041666666666666664}}}, "4": {"num": 70, "community_belong": {"1": {"num": 37, "%": 0.010904804008252285}, "2": {"num": 2, "%": 0.0013623978201634877}, "4": {"num": 1, "%": 0.0022271714922048997}, "8": {"num": 1, "%": 0.0015748031496062992}, "11": {"num": 2, "%": 0.004405286343612335}, "17": {"num": 1, "%": 0.005050505050505051}, "24": {"num": 26, "%": 0.15476190476190477}}}, "5": {"num": 16, "community_belong": {"3": {"num": 4, "%": 0.019138755980861243}, "4": {"num": 3, "%": 0.0066815144766146995}, "5": {"num": 9, "%": 0.15517241379310345}}}, "6": {"num": 326, "community_belong": {"1": {"num": 7, "%": 0.00206307102858827}, "2": {"num": 4, "%": 0.0027247956403269754}, "4": {"num": 3, "%": 0.0066815144766146995}, "6": {"num": 5, "%": 0.006596306068601583}, "7": {"num": 110, "%": 0.3273809523809524}, "8": {"num": 1, "%": 0.0015748031496062992}, "11": {"num": 161, "%": 0.35462555066079293}, "18": {"num": 16, "%": 0.03970223325062035}, "28": {"num": 19, "%": 0.2261904761904762}}}, "7": {"num": 58, "community_belong": {"2": {"num": 3, "%": 0.0020435967302452314}, "9": {"num": 55, "%": 0.2956989247311828}}}, "8": {"num": 684, "community_belong": {"0": {"num": 2, "%": 0.005449591280653951}, "2": {"num": 521, "%": 0.35490463215258855}, "4": {"num": 2, "%": 0.004454342984409799}, "6": {"num": 4, "%": 0.005277044854881266}, "8": {"num": 1, "%": 0.0015748031496062992}, "9": {"num": 2, "%": 0.010752688172043012}, "11": {"num": 3, "%": 0.006607929515418502}, "12": {"num": 1, "%": 0.04}, "15": {"num": 104, "%": 0.3727598566308244}, "18": {"num": 5, "%": 0.01240694789081886}, "21": {"num": 1, "%": 0.009259259259259259}, "23": {"num": 2, "%": 0.044444444444444446}, "24": {"num": 13, "%": 0.07738095238095238}, "26": {"num": 4, "%": 0.3333333333333333}, "27": {"num": 3, "%": 0.42857142857142855}, "29": {"num": 4, "%": 0.012779552715654952}, "30": {"num": 4, "%": 0.10256410256410256}, "32": {"num": 8, "%": 0.17777777777777778}}}, "9": {"num": 40, "community_belong": {"3": {"num": 40, "%": 0.19138755980861244}}}, "10": {"num": 88, "community_belong": {"0": {"num": 4, "%": 0.010899182561307902}, "1": {"num": 21, "%": 0.00618921308576481}, "8": {"num": 2, "%": 0.0031496062992125984}, "10": {"num": 1, "%": 0.01282051282051282}, "13": {"num": 1, "%": 0.005747126436781609}, "14": {"num": 2, "%": 0.006153846153846154}, "17": {"num": 57, "%": 0.2878787878787879}}}, "11": {"num": 15, "community_belong": {"1": {"num": 3, "%": 0.0008841732979664014}, "5": {"num": 12, "%": 0.20689655172413793}}}, "12": {"num": 145, "community_belong": {"0": {"num": 4, "%": 0.010899182561307902}, "1": {"num": 102, "%": 0.030061892130857647}, "2": {"num": 1, "%": 0.0006811989100817438}, "4": {"num": 1, "%": 0.0022271714922048997}, "6": {"num": 11, "%": 0.014511873350923483}, "8": {"num": 4, "%": 0.006299212598425197}, "11": {"num": 4, "%": 0.00881057268722467}, "13": {"num": 3, "%": 0.017241379310344827}, "14": {"num": 8, "%": 0.024615384615384615}, "16": {"num": 1, "%": 0.005405405405405406}, "17": {"num": 1, "%": 0.005050505050505051}, "25": {"num": 3, "%": 0.125}, "33": {"num": 2, "%": 0.4}}}, "13": {"num": 40, "community_belong": {"1": {"num": 6, "%": 0.0017683465959328027}, "2": {"num": 1, "%": 0.0006811989100817438}, "6": {"num": 1, "%": 0.0013192612137203166}, "8": {"num": 21, "%": 0.03307086614173228}, "13": {"num": 11, "%": 0.06321839080459771}}}, "14": {"num": 93, "community_belong": {"0": {"num": 1, "%": 0.0027247956403269754}, "22": {"num": 92, "%": 0.3076923076923077}}}, "15": {"num": 54, "community_belong": {"18": {"num": 37, "%": 0.09181141439205956}, "23": {"num": 5, "%": 0.1111111111111111}, "29": {"num": 2, "%": 0.006389776357827476}, "30": {"num": 10, "%": 0.2564102564102564}}}, "16": {"num": 135, "community_belong": {"0": {"num": 1, "%": 0.0027247956403269754}, "17": {"num": 1, "%": 0.005050505050505051}, "18": {"num": 54, "%": 0.13399503722084366}, "29": {"num": 79, "%": 0.2523961661341853}}}}