{"0": {"num": 482, "community_belong": {"0": {"num": 12, "%": 0.0326975476839237}, "1": {"num": 358, "%": 0.10551134689065723}, "2": {"num": 9, "%": 0.006130790190735695}, "3": {"num": 6, "%": 0.028708133971291867}, "4": {"num": 6, "%": 0.013363028953229399}, "5": {"num": 3, "%": 0.05172413793103448}, "6": {"num": 4, "%": 0.005277044854881266}, "7": {"num": 2, "%": 0.005952380952380952}, "8": {"num": 30, "%": 0.047244094488188976}, "10": {"num": 3, "%": 0.038461538461538464}, "11": {"num": 7, "%": 0.015418502202643172}, "13": {"num": 4, "%": 0.022988505747126436}, "14": {"num": 11, "%": 0.033846153846153845}, "16": {"num": 9, "%": 0.04864864864864865}, "17": {"num": 11, "%": 0.05555555555555555}, "18": {"num": 2, "%": 0.004962779156327543}, "19": {"num": 1, "%": 0.043478260869565216}, "20": {"num": 2, "%": 0.14285714285714285}, "25": {"num": 2, "%": 0.08333333333333333}}}, "1": {"num": 42, "community_belong": {"2": {"num": 1, "%": 0.0006811989100817438}, "4": {"num": 1, "%": 0.0022271714922048997}, "6": {"num": 20, "%": 0.026385224274406333}, "22": {"num": 20, "%": 0.06688963210702341}}}, "2": {"num": 44, "community_belong": {"1": {"num": 12, "%": 0.0035366931918656055}, "2": {"num": 7, "%": 0.004768392370572207}, "6": {"num": 2, "%": 0.002638522427440633}, "7": {"num": 15, "%": 0.044642857142857144}, "8": {"num": 1, "%": 0.0015748031496062992}, "9": {"num": 1, "%": 0.005376344086021506}, "11": {"num": 5, "%": 0.011013215859030838}, "13": {"num": 1, "%": 0.005747126436781609}}}, "3": {"num": 250, "community_belong": {"0": {"num": 30, "%": 0.08174386920980926}, "1": {"num": 33, "%": 0.009725906277630416}, "2": {"num": 26, "%": 0.017711171662125342}, "3": {"num": 5, "%": 0.023923444976076555}, "4": {"num": 34, "%": 0.0757238307349666}, "5": {"num": 2, "%": 0.034482758620689655}, "6": {"num": 2, "%": 0.002638522427440633}, "8": {"num": 55, "%": 0.08661417322834646}, "10": {"num": 5, "%": 0.0641025641025641}, "11": {"num": 1, "%": 0.0022026431718061676}, "13": {"num": 13, "%": 0.07471264367816093}, "14": {"num": 27, "%": 0.08307692307692308}, "17": {"num": 12, "%": 0.06060606060606061}, "18": {"num": 1, "%": 0.0024813895781637717}, "19": {"num": 1, "%": 0.043478260869565216}, "22": {"num": 3, "%": 0.010033444816053512}}}, "4": {"num": 18, "community_belong": {"9": {"num": 18, "%": 0.0967741935483871}}}, "5": {"num": 290, "community_belong": {"0": {"num": 1, "%": 0.0027247956403269754}, "1": {"num": 1, "%": 0.0002947244326554671}, "2": {"num": 217, "%": 0.1478201634877384}, "4": {"num": 2, "%": 0.004454342984409799}, "5": {"num": 1, "%": 0.017241379310344827}, "6": {"num": 2, "%": 0.002638522427440633}, "8": {"num": 1, "%": 0.0015748031496062992}, "9": {"num": 4, "%": 0.021505376344086023}, "11": {"num": 2, "%": 0.004405286343612335}, "14": {"num": 1, "%": 0.003076923076923077}, "15": {"num": 39, "%": 0.13978494623655913}, "18": {"num": 8, "%": 0.019851116625310174}, "24": {"num": 5, "%": 0.02976190476190476}, "27": {"num": 1, "%": 0.14285714285714285}, "29": {"num": 2, "%": 0.006389776357827476}, "30": {"num": 1, "%": 0.02564102564102564}, "32": {"num": 2, "%": 0.044444444444444446}}}, "6": {"num": 160, "community_belong": {"1": {"num": 3, "%": 0.0008841732979664014}, "3": {"num": 2, "%": 0.009569377990430622}, "4": {"num": 20, "%": 0.044543429844097995}, "5": {"num": 1, "%": 0.017241379310344827}, "6": {"num": 46, "%": 0.06068601583113457}, "7": {"num": 34, "%": 0.10119047619047619}, "8": {"num": 1, "%": 0.0015748031496062992}, "9": {"num": 4, "%": 0.021505376344086023}, "11": {"num": 31, "%": 0.06828193832599119}, "12": {"num": 3, "%": 0.12}, "18": {"num": 11, "%": 0.02729528535980149}, "28": {"num": 3, "%": 0.03571428571428571}, "29": {"num": 1, "%": 0.003194888178913738}}}, "7": {"num": 89, "community_belong": {"0": {"num": 1, "%": 0.0027247956403269754}, "1": {"num": 59, "%": 0.017388741526672562}, "2": {"num": 1, "%": 0.0006811989100817438}, "4": {"num": 1, "%": 0.0022271714922048997}, "7": {"num": 2, "%": 0.005952380952380952}, "8": {"num": 4, "%": 0.006299212598425197}, "13": {"num": 5, "%": 0.028735632183908046}, "16": {"num": 12, "%": 0.06486486486486487}, "17": {"num": 3, "%": 0.015151515151515152}, "19": {"num": 1, "%": 0.043478260869565216}}}, "8": {"num": 12, "community_belong": {"0": {"num": 3, "%": 0.008174386920980926}, "2": {"num": 1, "%": 0.0006811989100817438}, "4": {"num": 3, "%": 0.0066815144766146995}, "11": {"num": 5, "%": 0.011013215859030838}}}, "9": {"num": 18, "community_belong": {"11": {"num": 9, "%": 0.019823788546255508}, "24": {"num": 8, "%": 0.047619047619047616}, "28": {"num": 1, "%": 0.011904761904761904}}}, "10": {"num": 6, "community_belong": {"3": {"num": 6, "%": 0.028708133971291867}}}, "11": {"num": 17, "community_belong": {"18": {"num": 13, "%": 0.03225806451612903}, "32": {"num": 4, "%": 0.08888888888888889}}}, "12": {"num": 29, "community_belong": {"0": {"num": 3, "%": 0.008174386920980926}, "2": {"num": 4, "%": 0.0027247956403269754}, "18": {"num": 6, "%": 0.01488833746898263}, "21": {"num": 14, "%": 0.12962962962962962}, "23": {"num": 2, "%": 0.044444444444444446}}}, "13": {"num": 32, "community_belong": {"2": {"num": 1, "%": 0.0006811989100817438}, "29": {"num": 31, "%": 0.09904153354632587}}}, "14": {"num": 3, "community_belong": {"12": {"num": 3, "%": 0.12}}}, "15": {"num": 3, "community_belong": {"18": {"num": 3, "%": 0.007444168734491315}}}, "16": {"num": 2, "community_belong": {"29": {"num": 2, "%": 0.006389776357827476}}}}