{"0": 0.7173812894132979, "1": 0.5052037589802489, "3": 0.4895445295437829, "2": 0.7062083831576791, "4": 0.8033319487782279, "6": 0.6287372694553351, "7": 0.6397546674787759, "8": 0.5514344928248966, "9": 0.5327091695080358, "10": 0.5607187230022068, "11": 0.7142275878966273, "12": 0.8443299854593952, "13": 0.838675345079928, "14": 0.5581890675949799, "15": 0.5595014447484967, "16": 0.5259749969979953, "18": 0.8987141471415487, "22": 0.39577964576096436, "23": 0.6320660372068383, "24": 0.4629940272008294, "31": 0.375, "5": 0.7081040508094618, "17": 0.45893625971664154, "25": 0.375, "29": 0.4923692000809389, "28": 0.533047253605302, "32": 0.59891374617729, "19": 0.5057215970441366, "20": 0.4762269474292389, "30": 0.33696433013971777, "27": 0.5163871205878868, "21": 0.31786661178482467, "26": 0.5}