{"0": 1.0445741980259042, "1": 0.711986470461856, "2": 0.8266485950791113, "4": 1.161881954603139, "9": 0.8205493219064763, "11": 0.9222934225313757, "12": 0.8931012234143402, "15": 0.5802992274408285, "18": 0.935783643578449, "23": 0.7646752013250318, "24": 1.039161922693096, "26": 0.5, "27": 0.5163871205878868, "29": 0.7027259510352232, "32": 0.6126732620897137, "3": 0.6953555082836013, "6": 0.782004775987798, "8": 1.1103965257771324, "10": 1.2189570864730728, "13": 1.1226610935878698, "14": 1.047246689808529, "16": 1.040054090553265, "17": 0.6795211535416451, "25": 0.7193609377704335, "22": 0.5530698258581206, "7": 0.9653331745221934, "5": 1.0911823271423322, "19": 0.48970406365349045, "28": 0.7851190822648493, "30": 0.5301967781745115, "31": 0.5, "21": 0.5262643357640808, "33": 0.2575424759098898, "20": 0.5305095811322292}