{"0": 2.6591578891077567, "1": 1.7301273004934072, "2": 1.5805047130164036, "3": 0.5910136813985803, "4": 2.0067885215953125, "6": 0.6164273052331297, "7": 1.196036873566851, "8": 2.2038148132210607, "9": 1.4042746866172922, "11": 1.3701036090502514, "14": 1.731525218448336, "15": 0.802887457192631, "17": 1.8447541671466627, "18": 1.6690165795680774, "21": 0.5949312977614466, "23": 1.6865157728379163, "24": 1.5802704058386399, "27": 0.9777327903350892, "30": 0.4830304512938735, "32": 1.7045106831365713, "10": 2.0700481023306976, "16": 2.0138275368417453, "20": 0.7719539230041146, "5": 1.5958359540870068, "13": 1.7493631002587313, "19": 1.7514236292471372, "25": 1.691040104196715, "29": 0.8162849504855987, "33": 0.2575424759098898, "22": 0.38796280101025593, "28": 1.191445973394159, "26": -0.0, "31": 0.31127812445913283, "12": 0.3009057940116658}