{"0": 1.4694241625599362, "1": 1.9105118500485636, "2": 0.9413223227553749, "4": 1.6970530887147564, "6": 0.8719623727525755, "7": 0.9464047191411593, "8": 1.9031771355914104, "9": 0.7873536881527365, "10": 1.4436886381703213, "11": 1.3962787779368515, "13": 1.6759532221803721, "14": 1.584523897444213, "16": 1.3067997095195847, "17": 1.4864540321221185, "18": 0.6474594068747326, "19": 1.364984936522907, "21": 0.544962909628242, "22": 0.5021217648195863, "28": 0.709408946330916, "33": 0.9287712379549449, "3": 0.7750064193721369, "25": 0.9612524804721849, "5": 1.3624759122925643, "20": 0.8158617690123438, "29": 0.2481802949262999, "31": 0.875, "24": 0.6284547188637457, "15": 0.8178734750012491, "12": 0.526033980727912, "23": 0.5209187460811359, "26": 0.430827083453526, "27": 0.40105070315108626, "32": 0.24408235983687446, "30": 0.7860636164153578}