{"0": 1.1646778093253216, "1": 0.5786077416806235, "2": 0.7462615858147835, "4": 0.8059752566183896, "6": 0.9665070345724011, "7": 0.5745626430574567, "9": 0.47948223321995787, "11": 0.8078632045519439, "14": 0.6254638690616693, "18": 0.615839218474636, "21": 0.7690615743144595, "22": 0.9065001416044152, "24": 0.9629628697671869, "29": 0.9887920776946181, "3": 1.5028582209079935, "8": 0.3872448960563734, "13": 0.3923145860913747, "17": 0.5666125633183154, "5": 0.9255673007627555, "10": 0.5580555160094169, "12": 0.7945254855459339, "15": 0.736949568850098, "23": 0.5657614551477417, "26": 0.5974937501201927, "27": 0.40105070315108626, "28": 0.45659410162705427, "32": 0.3661235397553117, "25": 0.19104010419671483, "30": 0.6912186105387186, "19": 0.39335321357017505, "16": 0.19274003947341384, "33": 0.9287712379549449}