{"0": 0.7522874230488253, "1": 0.30577321340973007, "2": 0.4337165477852404, "3": 1.0364381945052155, "4": 0.4308690953041621, "5": 0.7056554472771785, "6": 0.5906270453889502, "7": 0.24506928897840727, "8": 0.2545893808157603, "10": 0.35162834736296467, "11": 0.4554761306472736, "12": 0.663016990363956, "13": 0.30338310611854225, "14": 0.34587554189715003, "15": 0.23068890431648464, "16": 0.12213051017053478, "18": 0.31495858446080505, "21": 0.3382344908609334, "22": 0.3838491812933975, "24": 0.4935154338728827, "29": 0.4446837534043625, "30": 0.6399365592566673, "32": 0.12204117991843723, "9": 0.1811601830943019, "17": 0.2861828766702853, "19": 0.19667660678508753, "23": 0.24408235983687446, "26": 0.29874687506009634, "28": 0.12838851006616095, "25": 0.19104010419671483}