{"0": 0.522772371002223, "1": 0.5068784339648619, "2": 1.0093472997490482, "4": 0.8682296917487548, "9": 0.5068203614422494, "11": 0.3894039850249904, "13": 0.35878985608326025, "15": 0.3896301808973166, "16": 0.24845828498081468, "14": 0.3865378253214655, "30": 0.40656940145094217, "3": 0.10106257127388826, "6": 0.41948667513586396, "7": 0.09990854074736619, "8": 0.5235213659394897, "10": 0.27104626763396145, "17": 0.324814557305247, "22": 0.6557317411598548, "24": 0.31500724006292874, "26": 0.29874687506009634, "25": 0.19104010419671483, "19": 0.3063966918310446, "33": 0.46438561897747244, "18": 0.021475523643989993, "5": 0.10099967232978573, "28": 0.07609901693784238}