{"1": 0.7398468920456733, "2": 1.2048250775751235, "3": 2.1444991283335546, "4": 1.193071369990802, "6": 1.5677795268335877, "8": 0.6721616703210932, "9": 0.7757055762189299, "14": 0.9329619720575931, "16": 0.5349768751769982, "18": 0.9429946796545842, "21": 0.41929826402911363, "23": 1.3143855478620587, "29": 1.3692081981668651, "0": 1.526706985896153, "5": 1.7083063599781856, "7": 0.9607708715682715, "10": 1.025585013641942, "11": 1.2731611555877385, "12": 1.5789111045234066, "13": 0.5528805111602425, "17": 0.7770987969060312, "19": 0.9833830339254377, "22": 1.6639934543607402, "24": 1.021675881819506, "28": 0.5611730878836914, "32": 0.7486240927143168, "15": 0.5294305335182375, "27": 0.40105070315108626, "25": 0.5731203125901445, "30": 0.9622648781726799, "20": 0.2719539230041146, "26": 0.896240625180289, "33": 0.9287712379549449}