{"0": 0.9363364342854448, "2": 0.752532818046771, "8": 0.6273781315431568, "9": 0.599401052851438, "11": 0.9156321050570595, "12": 0.6585757378684062, "15": 0.4328603069072504, "18": 0.9256914455952684, "23": 0.6320660372068383, "24": 0.430827083453526, "27": 0.5163871205878868, "29": 0.6112830284157631, "30": 0.6043235889682111, "32": 0.6597352038254279, "1": 0.5273306722873491, "4": 0.7769576412275503, "5": 0.840527741430103, "6": 0.7810647744364334, "7": 0.5578292478044374, "10": 0.5662013038141915, "13": 0.8330608232691737, "14": 0.7896488849798746, "16": 0.6887740019787374, "17": 0.7613102903187112, "19": 0.6355569469689158, "20": 0.5305095811322292, "21": 0.3981935390828829, "25": 0.5660401041967148, "31": 0.5, "3": 0.6227917159807054, "22": 0.420563338217321, "28": 0.4762269474292389, "26": 0.430827083453526}