{"0": 1.191364636925438, "1": 0.49835656021044145, "4": 1.4496405173975793, "7": 0.6793070426842042, "8": 0.7011088509408233, "11": 0.9995830354759333, "13": 0.8798150020116506, "14": 0.7524807926887411, "16": 0.5387724247040027, "17": 0.8452131322376685, "25": 0.7885338543169075, "2": 1.315613791668375, "9": 0.6283404711962575, "15": 1.0636478312037807, "23": 0.38250055295900515, "6": 0.9327128297605696, "22": 0.5137144974822053, "24": 0.6611328604603954, "29": 0.7594907349222145, "3": 0.49451289532127485, "5": 0.4360328444075493, "18": 0.7213436667140315, "10": 0.4738330704528644, "19": 0.38329558113076395, "28": 0.7455194811052542, "32": 0.39927583078486, "21": 0.6541832388364042, "20": 0.40105070315108626, "12": 0.526033980727912}