{"0": 1.4516431741497846, "1": 1.202224116722574, "2": 1.53722783619936, "4": 1.5170290049350048, "6": 1.5896852727309216, "7": 1.3815067398600842, "8": 1.3201039635804301, "10": 0.8903464105516953, "11": 1.3380502542452466, "13": 1.3653456519869986, "14": 1.1162799781163617, "16": 1.07857260881697, "17": 0.955969433769064, "33": 0.5287712379549449, "9": 0.9832437879409535, "12": 0.7856429805548344, "15": 0.9329682574205646, "18": 1.5648502632640449, "22": 0.6577144651373088, "23": 0.7704842303289691, "24": 0.4891053151949046, "26": 0.453604420887072, "29": 0.931658990752444, "3": 1.034446098513793, "5": 1.1405256908610875, "20": 0.4762269474292389, "25": 1.2193609377704335, "28": 1.1440673605732372, "19": 0.7452770320148729, "21": 0.8073010477639161, "30": 0.5150173487813964, "32": 0.834453040558393, "27": 0.3467334479787441}