{"0": 0.9312879800029791, "1": 1.1328939593768799, "2": 0.9527585328990211, "3": 0.41008662985099187, "4": 1.089176296060685, "5": 0.607104378479676, "6": 0.44486866895392807, "7": 0.32831154157286707, "8": 0.9972890541509868, "9": 0.14062707120662432, "10": 0.977166783144742, "11": 0.7367239192529677, "12": 0.185754247590989, "13": 0.9060652095314297, "14": 1.0690726607147785, "16": 1.1205636361237423, "17": 0.9932909796793775, "18": 0.12152062462843416, "19": 0.8322335537540033, "15": 0.3398734105037162, "20": 0.5439078460082292, "21": 0.31840384780467146, "22": 0.6241023613542352, "24": 0.23570843472922076, "25": 0.29874687506009634, "28": 0.3991768667262957, "29": 0.08038362743683856, "30": 0.4908104839858716, "31": 0.375, "26": 0.29874687506009634, "27": 0.40105070315108626, "33": 0.46438561897747244}