{"0": 0.7872839137686485, "1": 0.6688066373270423, "2": 1.1568733204903552, "4": 1.0086718963381078, "6": 0.49847351525818745, "7": 0.3507331799273071, "8": 0.7625607968516216, "10": 0.5544151501818675, "13": 0.5673095287151555, "14": 0.9535015109548742, "15": 0.20516563841681673, "19": 0.6997499054012197, "20": 0.5439078460082292, "24": 0.5632796625067424, "25": 0.19104010419671483, "5": 0.43958779244079427, "11": 0.5811781248668995, "16": 0.8413229263863858, "17": 0.626257961714381, "18": 0.08093931541963242, "22": 0.5038738989566866, "28": 0.32388928109202775, "9": 0.3493637947891735, "12": 0.185754247590989, "21": 0.38226122699207665, "23": 0.3661235397553117, "30": 0.3552873501688909, "26": 0.29874687506009634, "27": 0.3467334479787441, "3": 0.2888735813221197, "29": 0.026485683217037117}