{"0": 1.4579438440302341, "1": 1.7037947691580864, "2": 1.431614269921507, "4": 1.9202693803725779, "5": 1.571244173014339, "6": 1.4029379838856324, "7": 1.6198001864063447, "8": 1.896291761322233, "11": 1.7249211183844024, "13": 1.8735273925420526, "14": 1.8921811788191962, "16": 1.7517623601163166, "17": 1.2121838099939197, "25": 0.842182571381973, "29": 1.1707254182250855, "9": 1.4842315712899516, "23": 0.7789401582642705, "24": 0.9152169668253917, "12": 1.3517882283189009, "15": 0.8584767865744746, "18": 1.7192301450310392, "21": 0.4968176165809479, "22": 0.6598424540699658, "27": 0.9249331694381354, "28": 1.327912848691648, "30": 0.6503587726261819, "32": 0.8805347226228646, "3": 1.2398681576051391, "10": 1.1505113538837584, "20": 0.8024635041363438, "19": 1.0312557804179447, "31": 0.31127812445913283, "26": 0.5283208335737187}