{"0": 1.9963708966769043, "1": 1.4438913201705623, "2": 1.3609978386556045, "3": 0.4806901339318761, "4": 1.6206439088156739, "5": 1.3620963528737158, "6": 1.9274130596090893, "7": 0.8950963323100668, "8": 1.7256255823156077, "10": 1.522151145197058, "11": 1.698412140611533, "13": 2.0834241126540736, "14": 1.2637056552475896, "16": 1.268219395062906, "17": 1.3574537818330192, "25": 0.8647869792568111, "18": 1.854357028522028, "29": 1.188248319459989, "19": 1.1842245640661797, "31": 0.875, "9": 1.1847200904358295, "12": 0.526033980727912, "15": 1.0665761738927981, "22": 0.6864668170107149, "23": 1.4198743429771548, "24": 1.1294263841608125, "27": 0.9174378237389731, "30": 1.4217184621290313, "20": 0.7883410435920014, "28": 1.3159114031896837, "21": 0.6196797906380438, "32": 1.159414969936587, "26": 0.5}