{"0": 1.2938870644555807, "1": 0.7659673467216289, "2": 0.9200837063087864, "3": 0.8970850257081104, "4": 1.1979132145360074, "6": 0.6963348842745702, "8": 1.261516299711088, "10": 1.0954349659600155, "11": 1.0484706091043179, "13": 1.0989338365697199, "14": 1.0117643526082918, "16": 0.9025634240402436, "17": 0.7315619642863618, "19": 0.9843376538201475, "20": 0.7481808704333535, "21": 0.6959335137883146, "25": 0.9012643357640808, "18": 1.1325102629323844, "24": 0.9271086077998467, "5": 0.6198974861513111, "9": 0.8804993456677996, "12": 0.9786059739382663, "15": 0.5808077928758238, "23": 0.8123111774821437, "26": 1.0, "27": 0.5238824662870492, "29": 0.6664239649762078, "32": 1.0383624886787088, "28": 0.606834189368181, "30": 0.6628676338630313, "22": 0.5498289022345964, "7": 0.5292430157973718, "31": 0.31127812445913283}