{"0": 0.8987993834560399, "1": 0.4901972886620451, "2": 0.5595836834078856, "3": 1.1740554776974663, "4": 0.7140135684616148, "5": 0.9643826286683705, "6": 0.9033267793734058, "7": 0.6773246806403874, "8": 0.38517585216596345, "9": 0.5705623759800476, "11": 0.8049002536746187, "12": 0.928771237954945, "13": 0.4659873187535543, "14": 0.6105007085433257, "15": 0.3127206060113948, "16": 0.3530476465143952, "17": 0.4567007502973307, "18": 0.5227485805841217, "22": 0.9790608434690771, "23": 0.5657614551477417, "24": 0.7417557789888642, "28": 0.5283768080960312, "29": 0.721544550459124, "10": 0.5031144619214395, "20": 0.2719539230041146, "21": 0.3127262732483087, "26": 0.29874687506009634, "30": 0.40656940145094217, "32": 0.24408235983687446, "25": 0.38208020839342965, "19": 0.19667660678508753, "27": 0.40105070315108626}