{"0": 1.0692103674374567, "4": 1.073106707008234, "6": 0.6267550334193429, "7": 0.7112052488339444, "11": 0.9966302424808945, "18": 0.9600611744129671, "22": 0.5241435822488913, "29": 0.6873267812877015, "2": 0.798452672326768, "8": 0.8633619347952206, "9": 0.5500230638589966, "12": 0.7558941141594504, "15": 0.5541821301531024, "21": 0.5919995421661173, "23": 0.6597352038254279, "24": 0.6982632877081789, "26": 0.453604420887072, "27": 0.5238824662870492, "30": 0.5803008537562758, "32": 0.6640235343699025, "1": 0.7053196005714012, "3": 0.8353757436169136, "10": 0.8765896347922496, "13": 0.945085912123429, "14": 0.8734604897241789, "17": 0.8364137168051743, "19": 0.8890171781749006, "25": 0.8464655012153737, "31": 1.0306390622295665, "5": 0.9883914977788257, "16": 0.9056846835112631, "20": 0.4762269474292389, "33": 0.46438561897747244, "28": 0.5203753669654867}