{"0": 1.354365008042343, "1": 0.7644561078213216, "2": 1.1875227062860112, "3": 1.931067523534292, "6": 1.498390592854406, "7": 0.9680882720591413, "8": 0.5974797456934334, "9": 0.8463980454960528, "11": 1.1989670839326718, "14": 0.9423235906421992, "15": 0.6893610229775419, "16": 0.3854800789468276, "18": 0.7955024066425709, "27": 0.8021014063021725, "28": 0.6372721048215337, "29": 1.231862445687314, "4": 1.0324027180252164, "10": 0.7998017551964266, "12": 1.486033980727912, "22": 1.123335665784883, "24": 1.1499499252948546, "30": 1.0658620505066727, "32": 0.9763294393474978, "13": 0.7592182897402938, "17": 0.7251574905821262, "5": 1.7150420337774848, "19": 0.6997499054012197, "21": 0.5443887733284373, "23": 1.5307987410803434, "25": 0.38208020839342965, "26": 0.29874687506009634, "33": 0.46438561897747244, "20": 0.2719539230041146}