{"0": 1.143389479347761, "1": 0.5872111689977372, "2": 0.8442468960670437, "3": 1.580691911492952, "4": 0.7434965504197883, "5": 1.1892898350890933, "6": 0.9103884522629953, "7": 0.6623528325499537, "8": 0.4965420904307836, "9": 0.7190815494681801, "10": 0.7119203068339478, "11": 0.8714213965129819, "12": 1.034525485545934, "14": 0.7040701588676662, "15": 0.3794330454388452, "16": 0.4726450834985317, "17": 0.7510009440673935, "18": 0.6388601957147676, "19": 0.7867064271403501, "21": 0.6324422455907236, "22": 0.8706620525557665, "24": 0.7507821763782497, "25": 0.5731203125901445, "26": 1.0283208335737186, "28": 0.7656606148876947, "29": 0.8158215463910369, "32": 0.9650372859326017, "13": 0.5481579881105777, "23": 0.5821384683514351, "30": 0.40656940145094217, "33": 0.46438561897747244}