{"0": 0.5039038849529819, "1": 0.23050033577738308, "2": 0.30648088783289307, "3": 0.6172468781405258, "4": 0.2681098241679909, "6": 0.37601484509770716, "7": 0.30439024067632314, "10": 0.24174623918700958, "11": 0.3768332074731685, "12": 0.371508495181978, "14": 0.2922032978417805, "15": 0.17515716552976457, "17": 0.3126733438310759, "22": 0.4467713032755734, "24": 0.40680524462348117, "29": 0.2089150589936078, "5": 0.6381303349376998, "8": 0.20920281329222223, "9": 0.24072103052557106, "13": 0.19088918091519333, "16": 0.08142034011368986, "18": 0.1765182053463728, "19": 0.5900298203552625, "28": 0.22829705081352714, "23": 0.12204117991843723, "30": 0.27104626763396145, "32": 0.24408235983687446, "21": 0.06254525464966174}