{"0": 1.5612024022981963, "1": 1.4959574965871318, "2": 1.1243354768598828, "4": 1.399700413836974, "5": 1.5334701526682473, "6": 0.8558689428006876, "8": 1.1812276095365268, "9": 0.9362249799523386, "11": 1.2611507836517977, "12": 0.8874026093414284, "13": 1.3908557421671417, "14": 1.1532683893540991, "15": 1.0602140662529627, "17": 1.2729943790084381, "18": 0.9422867002854942, "21": 0.5926833744620621, "22": 0.5935027552147215, "23": 0.5821384683514351, "24": 1.150890039400441, "26": 0.430827083453526, "28": 0.9209759392264718, "29": 0.7002439527966524, "30": 0.6628676338630313, "7": 1.105483668220414, "3": 1.0180149919408006, "10": 1.6130397958990081, "16": 1.108574810640315, "19": 0.9816893553921431, "32": 0.6126732620897137, "25": 0.7885338543169075, "33": 0.46438561897747244, "20": 0.19062207543124116}