{"0": 1.3797968244651464, "1": 0.6593837548920156, "2": 0.8541641246170242, "3": 1.8768573530675805, "4": 1.0556608442289666, "5": 1.4964671021715716, "6": 1.1117066933640096, "7": 0.8465423563672623, "8": 0.64078549169872, "9": 0.7056129968336161, "10": 0.7801797716490064, "11": 1.0039331645613891, "14": 0.7613581488081457, "16": 0.33395909807917196, "18": 0.7679505380377069, "19": 0.5900298203552625, "22": 1.1707855218229244, "23": 0.9650372859326017, "24": 0.9602851661222387, "25": 0.38208020839342965, "27": 0.40105070315108626, "28": 0.5088835947553728, "29": 1.0208942141745723, "17": 0.6614029079874373, "30": 0.8131388029018842, "12": 0.743016990363956, "21": 0.5884155094595803, "13": 0.5069034996659897, "15": 0.4874328922872912, "31": 0.375, "33": 0.9931568569324173, "32": 0.32167909531086725, "26": 0.29874687506009634}