{"0": 0.23745403491151215, "1": 0.2198496149756357, "2": 0.30821807253682043, "3": 0.18393176516860882, "4": 0.34336320117536734, "5": 0.22101819798653874, "6": 0.288963005636336, "7": 0.22946466219084488, "8": 0.20251126021886948, "10": 0.3615722860108533, "11": 0.373848513345739, "13": 0.314672201009036, "14": 0.28288696405006997, "16": 0.30991148168321175, "17": 0.2374380056884508, "18": 0.31333417744212533, "20": 0.40105070315108626, "25": 0.29874687506009634, "29": 0.251888124307294, "31": 0.375, "9": 0.2114145391773735, "15": 0.2459612688166323, "24": 0.2671391211345572, "27": 0.40105070315108626, "30": 0.21976421635191018, "32": 0.3103869418959711, "21": 0.23166250008012845, "28": 0.4183159450265486, "22": 0.16394894914082753}