{"0": 0.7930612816119847, "1": 0.8920590220095014, "2": 0.3857663623240621, "3": 0.3262950656318252, "4": 0.5123090713516092, "5": 0.3942042751900099, "6": 0.3702611857302685, "7": 0.2951353364391105, "8": 0.7210497591773348, "9": 0.11084664749098974, "10": 0.6735112949409321, "11": 0.775895027151032, "13": 0.6083799783893111, "14": 0.5674931080205857, "15": 0.029118714379316082, "16": 0.8252482543742105, "17": 0.6442464166124086, "18": 0.07856957734045417, "19": 0.4388803401838283, "21": 0.06254525464966174, "22": 0.2902187006019931, "24": 0.16410279578044668, "25": 0.29874687506009634, "28": 0.7255450931011611, "29": 0.29251955634259785, "30": 0.28464920908777636, "31": 0.375, "20": 0.40105070315108626, "33": 0.46438561897747244, "23": 0.12204117991843723}