{"1": 0.16866060118688367, "2": 0.5176903625698495, "6": 0.2106603515175432, "8": 0.5921023180834657, "13": 0.3188317037834001, "0": 0.16872435633085953, "3": 0.10106257127388826, "4": 0.4582146156941449, "7": 0.36716187300507724, "10": 0.43586942989789407, "11": 0.1842597342312788, "14": 0.1967174894610192, "15": 0.13310067167218032, "16": 0.19020696628701553, "17": 0.2256077019395788, "18": 0.042951047287979986, "19": 0.19667660678508753, "22": 0.09411745550043127, "25": 0.29874687506009634, "24": 0.1477046558866165, "30": 0.21976421635191018, "9": 0.17807864098576878, "28": 0.07609901693784238, "29": 0.04658159007624676}