{"0": 0.8611998493543581, "1": 0.4010930697247472, "2": 0.5043516703910338, "3": 1.0019834592888301, "4": 0.565620385886771, "5": 0.9718344132464671, "6": 0.842015136257996, "7": 0.5949204220393451, "8": 0.33706079089305374, "9": 0.39631730231791884, "10": 0.3772693730039903, "11": 0.6077537571215909, "12": 0.928771237954945, "13": 0.31601431875079633, "14": 0.46507047984275923, "15": 0.39421484225543724, "16": 0.26334956877629284, "17": 0.49336091817692274, "18": 0.4388645877347933, "22": 0.9321099128127778, "23": 0.6878026350661789, "24": 0.5911004060157061, "28": 0.35668556087968806, "29": 0.6087908854589239, "32": 0.44372027522930446, "21": 0.21314398156160994, "30": 0.3552873501688909, "25": 0.19104010419671483, "19": 0.19667660678508753, "33": 0.46438561897747244}