{"0": 0.5962520744495785, "1": 0.21466997627911547, "2": 0.39550171694822894, "3": 0.7903071928119385, "4": 0.5006169996725758, "5": 0.537032516737335, "6": 0.5235100667472211, "7": 0.2796217903904216, "10": 0.45785145273299355, "11": 0.41149254115931305, "13": 0.24515897112122048, "14": 0.1797232964781868, "17": 0.23119262485089728, "18": 0.3884061777833451, "22": 0.39489716315332024, "24": 0.43190835802620764, "26": 0.29874687506009634, "29": 0.27217318631392584, "8": 0.17682374592033134, "15": 0.19666254187385057, "21": 0.1876357639489852, "28": 0.12838851006616095, "30": 0.13552313381698072, "16": 0.08142034011368986, "19": 0.39335321357017505, "23": 0.4881647196737489, "12": 0.185754247590989, "9": 0.08106622377535518, "32": 0.12204117991843723}