{"0": 0.9930427814944323, "1": 0.6198780451062883, "2": 0.8134929831133831, "3": 0.7120171270304333, "4": 1.0045017714049942, "5": 1.0016986472261922, "7": 0.6933008211339784, "8": 0.8280038142098001, "10": 0.7791186958795743, "11": 0.9086040215779411, "13": 1.0296321524341137, "14": 0.8472536847624508, "16": 0.4892973964865471, "17": 0.6315028307747435, "19": 0.5799721879158515, "20": 0.4762269474292389, "25": 0.7295739585136223, "29": 0.6091581887864619, "33": 0.5287712379549449, "6": 0.6898442750096345, "9": 0.7076246571413686, "12": 0.663016990363956, "15": 0.48477063607435156, "18": 0.8059418440386608, "23": 0.5096265926662398, "24": 0.5317785260385586, "27": 0.5163871205878868, "32": 0.7925924977720405, "28": 0.5760990169378424, "30": 0.5232122209664899, "21": 0.4751896996337822, "22": 0.46785660379514493, "31": 0.5, "26": 0.5262643357640808}