{"0": 1.2787382363641073, "1": 0.6824675737463805, "2": 0.920849364185839, "3": 1.5240600863476215, "4": 1.047064150169381, "5": 1.474272860230208, "6": 1.1903607360338, "7": 0.8151910859123364, "8": 0.6222314228592923, "9": 0.5882301735842639, "10": 1.0117301416332405, "11": 0.9871461025338077, "12": 1.034525485545934, "13": 0.4505387210886965, "14": 0.680543802634329, "15": 0.7558781370642478, "16": 0.5603727397414975, "17": 0.7162814030678172, "18": 0.79345788712691, "20": 0.2719539230041146, "21": 0.6254525464966174, "22": 1.5652649504252183, "23": 0.8542882594290606, "24": 1.0078409789798117, "25": 0.7641604167868593, "26": 0.5974937501201927, "28": 0.5283768080960312, "29": 1.0514102094777331, "30": 0.8597007756085775, "32": 0.8098438149846161, "19": 0.39335321357017505, "31": 0.375}