{"0": 1.2712387248877912, "1": 0.753254183845523, "2": 1.0738637862401552, "3": 1.757780683355525, "4": 1.1443645255278494, "5": 1.6049693952490214, "6": 1.20157274403229, "7": 0.9587213832366219, "8": 0.6232477909859497, "9": 0.6371963102993023, "10": 0.9743029623598909, "11": 1.0863533936181051, "12": 0.9243299854593953, "13": 0.9519973010436835, "14": 0.9731368003384424, "15": 0.5594202389444594, "16": 0.6316836254489105, "17": 0.7168853506221236, "18": 0.797161620533229, "19": 0.5900298203552625, "20": 0.5439078460082292, "21": 0.4633250001602569, "22": 1.2885829799516553, "23": 1.3362456854767109, "24": 1.1225329949293603, "26": 0.7987468750600963, "28": 0.9092260278256484, "29": 1.0011285820049838, "30": 0.8094517940964163, "32": 0.79855166156972, "33": 0.9931568569324173, "25": 0.38208020839342965, "27": 0.40105070315108626}