{"0": 2.4672471148350823, "1": 2.2653561727077904, "2": 1.5419052715214263, "3": 0.7526463387970137, "4": 2.0830425004711555, "5": 1.5709611345218153, "6": 1.6918299093098552, "8": 2.5975521051439463, "10": 1.8771136486603415, "11": 1.9936074849568146, "13": 2.2035820525370995, "14": 2.3113949489126546, "16": 2.1147445027279943, "17": 2.0673009539888056, "19": 1.4991622634089854, "31": 1.0, "9": 1.4850837110584976, "15": 0.983660841508661, "21": 0.7949077618351901, "23": 1.6154160972413463, "24": 0.7361252377488443, "26": 0.8844315043405979, "29": 1.0263038851632498, "22": 0.7353762280501938, "28": 1.0990435823983682, "18": 0.9802453719786874, "7": 1.7955434833933999, "25": 1.1218671876502408, "20": 0.7958363892911637, "32": 1.0957274869691707, "12": 0.2575424759098898, "27": -0.0, "30": 0.38997500048077083, "33": 0.5287712379549449}