{"0": 1.3535795530647265, "1": 1.7798518311590688, "2": 0.992627971528936, "3": 0.7709491824867953, "4": 1.395823406372604, "8": 1.3398413343984217, "10": 1.210048796431672, "11": 1.241465635044887, "13": 1.3782357313220996, "14": 1.381955078532495, "16": 1.062530873116713, "25": 0.5731203125901445, "17": 1.1637802099162995, "20": 0.8158617690123438, "5": 1.2922769561937573, "6": 0.8058119431866673, "19": 1.3125432890633089, "24": 0.44320449211839225, "28": 0.8178003301928789, "29": 0.2706879829425813, "7": 0.7742679907352897, "18": 0.539767499549166, "21": 0.3612921297097581, "31": 0.375, "9": 0.5409994049011089, "12": 0.9585201043503289, "15": 0.82759907467533, "23": 0.39927583078486, "26": 0.5, "27": 0.40105070315108626, "30": 0.4908104839858716, "32": 0.12204117991843723, "33": 0.9287712379549449, "22": 0.6989727646098707}