{"0": 1.2277378756693278, "1": 0.9211010083318999, "4": 1.1792584227072884, "6": 1.3418743960642106, "7": 0.9337853033495267, "8": 0.738550001906183, "9": 1.1912056516190557, "10": 0.8317649906361683, "11": 1.063618613563357, "13": 1.1343421601059667, "14": 1.1710677762303363, "16": 1.0569254384308464, "17": 0.7195942668370664, "25": 1.0974937501201927, "2": 1.4507211852487296, "15": 0.6487678372665112, "24": 0.7412401894213698, "18": 1.7270066631518857, "23": 1.1198324922584257, "29": 1.3274569295877332, "30": 0.5150173487813964, "3": 0.8001470979560016, "19": 0.5299345934111349, "5": 1.1704056800289477, "21": 0.4581003805600715, "12": 0.9931568569324173, "22": 0.5205188369019782, "28": 0.72486289396949, "32": 0.89608996977633, "20": 0.19062207543124116, "27": 0.5238824662870492}