{"0": 2.622812375128273, "1": 2.6184771254019092, "2": 0.9321277663536086, "4": 2.4217590294030433, "5": 1.8686703457774598, "6": 1.632463424844958, "7": 1.4860938945177173, "8": 1.953589180064309, "9": 1.6380312651841398, "10": 2.749390610844958, "11": 1.0516949098106045, "13": 2.7052563467453266, "14": 2.5022072198189442, "18": 1.4705428889099137, "16": 2.1441495943208437, "17": 1.613345313747988, "20": 1.5491613617636608, "23": 1.2256614945869588, "3": 1.0104801165464652, "19": 1.4932695543252288, "29": 1.4940908341384103, "31": 1.061278124459133, "12": 0.8882140539868963, "15": 0.43946333591738396, "21": 1.1663232555043401, "24": 0.8638981050749017, "26": 0.21919533819482817, "25": 1.448934896284056, "32": 0.30553930383772004, "33": -0.0, "28": 0.29529435513267055, "30": 0.5221787030616013, "22": 0.13250393918389122, "27": -0.0}