{"0": 0.6724543818568449, "1": 0.3585954863038351, "2": 0.49608915839885376, "3": 0.9655919503145629, "4": 0.48638566131120153, "5": 0.9600500593834451, "6": 0.7303649673945217, "7": 0.5235292950665573, "8": 0.26490118997352846, "9": 0.38382574253268986, "11": 0.49274282736772285, "13": 0.12832661199739187, "14": 0.43456748831973246, "15": 0.2889263330751168, "17": 0.2981558230335196, "18": 0.5436976224476024, "21": 0.25018101859864694, "22": 0.6698094228665021, "24": 0.6230204660120436, "29": 0.5322553493603276, "30": 0.4908104839858716, "32": 0.3661235397553117, "26": 0.5974937501201927, "23": 0.4881647196737489, "28": 0.43278457781753044, "10": 0.402910398645016, "12": 0.477262742772967, "16": 0.19274003947341384, "25": 0.19104010419671483, "33": 0.46438561897747244, "19": 0.19667660678508753}