{"1": 0.4003334285836494, "2": 0.49945852081198316, "8": 0.5167090755587851, "9": 0.5080819753122874, "11": 0.4494359661067942, "15": 0.46370105769422043, "18": 0.5270953198596521, "23": 0.3103869418959711, "24": 0.34274876448139846, "29": 0.40579440552314006, "30": 0.515455713813761, "32": 0.19963791539243, "0": 0.48645239193927076, "4": 0.47243075266294243, "5": 0.6046557749473929, "6": 0.45676254421066115, "7": 0.3736847917014714, "10": 0.45183241063938806, "13": 0.5015454856355652, "14": 0.505516007716231, "16": 0.4594082779133824, "17": 0.4021373075859569, "20": 0.40105070315108626, "25": 0.375, "28": 0.5420340095834386, "3": 0.2595771552148751, "22": 0.3253128580961003, "19": 0.19667660678508753, "21": 0.4053188658409013, "31": 0.5}