{"0": 0.27949662900211053, "1": 0.1209162318231657, "2": 0.20508115171252145, "3": 0.2900064339070071, "4": 0.23933044799895642, "5": 0.4230175426461102, "6": 0.19245478066533445, "7": 0.13795804921628738, "8": 0.11306380320462324, "11": 0.21842223424080945, "12": 0.185754247590989, "13": 0.12832661199739187, "14": 0.17613720695076798, "18": 0.11705441357073038, "22": 0.16577930340932018, "29": 0.1638186722887056, "15": 0.10930639873590232, "10": 0.08058207972900319, "16": 0.13713858562109071, "17": 0.14402740646625475, "21": 0.10657199078080497, "9": 0.16634895996439078, "23": 0.12204117991843723, "28": 0.07609901693784238, "32": 0.12204117991843723, "19": 0.19667660678508753}