{"0": 0.4322825580469129, "1": 0.15745478232932228, "2": 0.1344704266385426, "3": 0.3400650302431044, "11": 0.25456316921161415, "14": 0.17356945032434065, "6": 0.18872937283738453, "8": 0.1463101820376817, "15": 0.10930639873590234, "4": 0.14193693892152717, "17": 0.19266052070908107, "18": 0.08590209457595997, "22": 0.17915722983072485, "23": 0.12204117991843723, "24": 0.32820559156089335, "21": 0.06254525464966174, "29": 0.1260386397273581, "7": 0.11893329498182678, "12": 0.185754247590989, "16": 0.08142034011368986, "10": 0.08058207972900319, "5": 0.2685162583686675, "9": 0.08106622377535518}