{"0": 0.8385948287285291, "1": 0.47339602092351285, "2": 0.6520950235498476, "3": 1.5157638315723971, "4": 0.6497186236526951, "6": 0.862070440591014, "9": 0.38382574253268986, "11": 0.7304861013387186, "14": 0.5633773005955951, "17": 0.3651190212161419, "18": 0.46959425616485206, "23": 0.5657614551477417, "5": 1.2475851710790797, "7": 0.45338265908109593, "8": 0.2988654582701872, "15": 0.357037910587023, "16": 0.2741603795871037, "19": 0.39335321357017505, "21": 0.25018101859864694, "22": 0.7285104897036038, "24": 0.4438131199309695, "29": 0.6524590553410358, "30": 0.4908104839858716, "12": 0.371508495181978, "28": 0.45659410162705427, "10": 0.6642786213794459, "26": 0.29874687506009634, "33": 0.46438561897747244, "13": 0.12832661199739187, "32": 0.24408235983687446, "20": 0.5439078460082292, "25": 0.19104010419671483}