{"0": 0.9394186889620099, "1": 0.8949050897168667, "2": 0.8899021946618224, "3": 0.6063892198319882, "4": 1.0238115863602548, "5": 0.7408649909799812, "6": 0.7776332230057618, "7": 0.6356856766745217, "8": 0.9453189373058847, "10": 0.6873007072424691, "11": 1.006224433184295, "13": 1.1074196939201055, "14": 0.7356605909407908, "16": 1.0080752887077966, "17": 0.8513648090706117, "18": 0.9361898068053762, "19": 1.0516737238459175, "25": 0.77021237627547, "28": 0.8314575316802865, "29": 0.6694075269031341, "31": 0.375, "33": 0.5287712379549449, "21": 0.6101565027052609, "23": 0.8184932343023372, "24": 0.6002824220878604, "9": 0.7702720556652755, "12": 0.5306152277996684, "15": 0.5307275588727046, "22": 0.5753975819264822, "26": 0.430827083453526, "27": 0.5238824662870492, "30": 0.8094517940964163, "32": 0.570846314936539}