{"0": 0.8501171600366498, "1": 0.8193536248784922, "2": 0.8027193055786911, "3": 0.5493062229942955, "4": 1.0431487325281068, "6": 0.730924840958007, "7": 0.5607799546612287, "8": 1.0095484752855333, "10": 1.0329167583797654, "11": 0.7316421106639218, "13": 0.9913312361199758, "14": 0.7631960552867849, "16": 0.9028620304252948, "17": 0.8664715653362322, "18": 0.8323171845554096, "19": 0.886368879746896, "25": 1.0283208335737186, "29": 0.6447231864122104, "30": 0.515455713813761, "33": 0.46438561897747244, "9": 0.6230908362272375, "22": 0.5134068304837665, "5": 0.8894082227098055, "15": 0.5753072136701016, "21": 0.6381983091565623, "24": 0.7137505802565284, "28": 0.5116830444595261, "12": 0.526033980727912, "23": 0.4175886048867665, "27": 0.5163871205878868}