{"0": 1.1285225053616832, "1": 0.9887403949021872, "2": 0.8852648223472183, "3": 0.7392381838602207, "4": 1.1768342058165275, "6": 0.7900483342273752, "10": 1.0407968765036824, "14": 0.9704560789920812, "16": 1.1160627948984962, "24": 0.7086429766117875, "7": 0.7753659273842337, "8": 1.037332901897969, "11": 0.7919145629629165, "13": 1.153663487721041, "17": 1.1265970359538686, "18": 1.0029665869261135, "19": 1.0744372871527441, "20": 0.5163871205878868, "25": 0.6218671876502408, "28": 0.7491036430930432, "33": 0.46438561897747244, "9": 0.7111480779357484, "29": 0.5668051789953732, "5": 0.9755006724126167, "12": 0.8460339807279119, "15": 0.5285943930265854, "21": 0.5851960105067497, "23": 0.6626008309451169, "26": 0.9308270834535259, "27": 0.40105070315108626, "30": 0.5283208335737187, "22": 0.5306502884272111, "32": 0.48220555587606945, "31": 0.5}