{"0": 0.6710443994055912, "1": 0.6094233609055651, "2": 0.6225063574359169, "4": 0.7261929722493471, "8": 0.5475899169501962, "11": 0.60627048636314, "13": 0.8126827556429075, "14": 0.6205808285764867, "16": 0.5839140491848158, "19": 0.9632677690466154, "24": 0.4918190137503389, "3": 0.48597635457540633, "5": 0.7900848698122802, "6": 0.4699189852128501, "7": 0.43996986354143797, "10": 0.5206422999295375, "17": 0.5402781830225989, "9": 0.4990993241163945, "22": 0.32412499206756673, "18": 0.39567285037053335, "20": 0.40105070315108626, "31": 0.375, "23": 0.5100248572884011, "12": 0.29150849518197797, "15": 0.3190527650031917, "21": 0.3612921297097581, "26": 0.430827083453526, "27": 0.5163871205878868, "29": 0.15742889593087814, "30": 0.4201723429047571, "28": 0.12838851006616095, "32": 0.3103869418959711}