{"0": 1.0841802500167617, "1": 1.0190272420383457, "2": 0.8624392013752837, "4": 1.194012940702208, "5": 0.9883914977788257, "6": 0.848886569069321, "7": 0.6131539589491151, "8": 1.0141065298588519, "10": 0.7920570152249055, "11": 0.8241515128728935, "13": 1.1857978740440271, "14": 0.8940307185381828, "16": 0.9271242816695452, "17": 0.9945852147867158, "18": 1.1399426585345032, "19": 1.0330078920272672, "20": 0.4762269474292389, "21": 0.6969902889864018, "25": 0.9033208335737187, "3": 0.89301402325775, "29": 0.6547697818856679, "31": 0.375, "9": 0.6306259505398364, "22": 0.5507172432882227, "23": 0.8123111774821437, "24": 0.8933212380114116, "28": 0.4850405747305752, "12": 0.185754247590989, "15": 0.530691346751118, "26": 0.5283208335737187, "27": 0.5238824662870492, "30": 0.8404192337230219, "32": 0.44299610601416445, "33": 0.5287712379549449}