{"0": 0.8236072106490647, "1": 0.6363467494092484, "2": 0.7794260989332801, "3": 0.48305522474474466, "4": 0.8314123980164695, "5": 0.10099967232978573, "6": 0.6660596220935705, "7": 0.5346068908480837, "8": 0.6419014149238655, "10": 0.5324144903683913, "11": 0.636365550516028, "13": 0.805387733291823, "14": 0.682988771048266, "16": 0.7038075362985983, "17": 0.7586963951734192, "18": 0.7323941311680162, "20": 0.2719539230041146, "21": 0.5047655298636878, "25": 0.6737468750600963, "28": 0.6461090829765359, "33": 0.46438561897747244, "9": 0.6526584043581843, "12": 0.477262742772967, "15": 0.6521097696127197, "19": 0.5799721879158515, "22": 0.4511634849534838, "23": 0.19963791539243, "29": 0.5054980012909012, "31": 0.375, "24": 0.5806884545086102, "32": 0.26045937304056793, "30": 0.48818705017383146}