{"0": 0.9871976246904465, "1": 0.8539941327491644, "2": 0.7727017587790694, "3": 0.6640424592447758, "4": 1.079655410978166, "5": 1.0287849992461222, "6": 0.6482686592264453, "7": 0.5749314055605246, "8": 0.8517280617403924, "10": 0.7580124558878703, "11": 1.015056017376023, "13": 0.9628354942331022, "14": 0.8941026502178238, "16": 0.741764128461658, "17": 0.9145979063856493, "18": 0.8792419651255899, "19": 0.8990748106143116, "21": 0.6367101105932053, "25": 0.77021237627547, "33": 0.46438561897747244, "22": 0.536127431330479, "31": 0.5306390622295665, "29": 0.582335755592649, "9": 0.5853749490364843, "28": 0.4850405747305752, "30": 0.5150173487813964, "32": 0.12204117991843723, "12": 0.8874026093414284, "15": 0.5154369337939595, "23": 0.3522138890491458, "24": 0.6328904675310462}