{"0": 0.383598598355657, "1": 0.38790413483878006, "2": 0.5000047325367357, "3": 0.3669078799055442, "4": 0.5644808745230356, "5": 0.10099967232978573, "6": 0.3532269477746271, "7": 0.3689332949818268, "8": 0.36949734713661414, "10": 0.40055035935733685, "11": 0.4582664515788173, "13": 0.5006305491945805, "14": 0.3965297953802671, "16": 0.3471354567478635, "17": 0.32333523536517556, "18": 0.21425771051615056, "19": 0.5030732986161321, "9": 0.33757948169640206, "22": 0.274354615838013, "21": 0.12509050929932347, "25": 0.19104010419671483, "15": 0.23650874906547315, "24": 0.3111988238544859, "26": 0.430827083453526, "29": 0.2453665665696218}