{"0": 0.940063400742701, "1": 0.7653397165598926, "2": 0.838763202603825, "3": 0.4869232329232391, "4": 1.0721501814057892, "5": 0.5846287229900428, "6": 0.6728331342956071, "7": 0.5530548340058786, "8": 0.8556726609109582, "11": 1.001233158698865, "13": 0.8996257223520545, "14": 0.9232647290135586, "16": 0.9176242231234132, "17": 0.6827373964971759, "18": 0.8970359345484369, "19": 0.5030732986161321, "25": 0.8464655012153737, "10": 0.7809571501512969, "9": 0.9511494294666548, "21": 0.6002802089331057, "23": 0.6395606002840277, "12": 0.5306152277996684, "15": 0.567826881645177, "24": 0.4807498221103749, "27": 0.40105070315108626, "28": 0.5317785260385586, "29": 0.5210954125178286, "30": 0.48818705017383146, "22": 0.5004639591226314, "20": 0.5163871205878868}