{"0": 1.215534148451768, "1": 0.7738377615481629, "2": 0.8844620342063958, "3": 0.7127472738869213, "4": 1.1879663454789542, "5": 0.9742830167787504, "6": 0.7947857929809719, "7": 0.708277730121418, "8": 0.9075200500524704, "10": 0.6116132264589527, "11": 1.0659228272295764, "13": 1.1906614780681388, "14": 0.8618567782708496, "16": 0.8160017151423926, "17": 0.8878755001230798, "19": 0.8619116379067748, "25": 0.7095089813069174, "28": 0.8679781760173425, "29": 0.6493116200439244, "18": 0.9465607473598259, "24": 0.6400097594773866, "9": 0.926091130706084, "23": 0.7397993017969483, "21": 0.537734954283444, "15": 0.5724722914118074, "26": 0.29874687506009634, "32": 0.3522138890491458, "20": 0.4762269474292389, "22": 0.5145868799974079, "27": 0.4613456697472024, "30": 0.5305810809042313, "12": 0.46438561897747244}