{"0": 0.5205380650941964, "1": 0.48453847284373763, "2": 0.6605018877512605, "3": 0.4628347577868703, "4": 0.5754441406838123, "5": 0.3048321465724319, "6": 0.46479635260948104, "7": 0.5734041494898299, "8": 0.504804535027914, "10": 0.24174623918700958, "11": 0.5840896685296575, "13": 0.6738822783232181, "14": 0.5676964983635613, "16": 0.553129998227937, "17": 0.5824397613701272, "18": 0.541121802179434, "19": 0.3063966918310446, "22": 0.3196018121660364, "25": 0.48978697925681114, "30": 0.13552313381698072, "9": 0.4432099209053198, "12": 0.29150849518197797, "15": 0.39338752209090827, "23": 0.32167909531086725, "24": 0.33441980884513783, "26": 0.29874687506009634, "27": 0.40105070315108626, "28": 0.4601673960516054, "29": 0.48739206554287473, "21": 0.33564828443322114}