{"0": 0.249333909368713, "1": 0.2286143926122916, "2": 0.29813424750071976, "3": 0.2809046093024332, "4": 0.23732836713079258, "5": 0.10099967232978573, "7": 0.24662265277686765, "8": 0.2529016654887182, "10": 0.16116415945800638, "11": 0.17711190934617632, "13": 0.38891887315460566, "14": 0.24529525938689895, "16": 0.2521157362686145, "17": 0.20530610524441315, "19": 0.5030732986161321, "22": 0.07582610375449603, "25": 0.29874687506009634, "6": 0.153380515484776, "9": 0.2213143613081689, "15": 0.1839124968641964, "18": 0.19066121175485698, "23": 0.24408235983687446, "24": 0.07609901693784238, "29": 0.16976504636181639, "21": 0.143609027817842}