{"0": 0.7744395379845136, "1": 0.6781318911965933, "2": 0.6847633332901263, "3": 0.4779636555998693, "4": 0.9147938073429668, "5": 0.2660676548363843, "6": 0.5967715844374374, "7": 0.5306054236230617, "8": 0.6878688813773195, "10": 0.8123436208808095, "11": 0.7308293514664335, "13": 0.5920183766976731, "14": 0.610834489927014, "16": 0.6339136971483244, "17": 0.7308226432859749, "21": 0.4147591436988075, "25": 0.47146550121537373, "12": 0.371508495181978, "19": 0.39335321357017505, "22": 0.49187912292388436, "31": 0.375, "9": 0.6880559689074407, "15": 0.4017481314611936, "18": 0.5073002895435345, "23": 0.570846314936539, "24": 0.4166001209558296, "26": 0.29874687506009634, "28": 0.28525698945111666, "29": 0.37436716626239647, "30": 0.13552313381698072}