{"0": 0.8476873406007736, "1": 0.6530474225702231, "2": 0.7891602157629674, "3": 0.5352043961540217, "4": 0.9451490117730011, "5": 0.4895344563552062, "6": 0.7084972633109293, "7": 0.6447418478224749, "8": 0.8179493576336779, "10": 0.6135469945724853, "11": 0.8332266655354802, "13": 0.7893700468358229, "14": 0.6019270772861891, "16": 0.4898627811651859, "17": 0.8224421503804015, "18": 0.81943721147093, "19": 0.8719692703461861, "25": 0.375, "28": 0.37617877422034635, "22": 0.49536162611687773, "9": 0.7507391103527965, "23": 0.5396297848052037, "21": 0.503584511924456, "30": 0.556728546491628, "12": 0.42301699036395596, "15": 0.47109727013868713, "24": 0.559215593519687, "26": 0.29874687506009634, "29": 0.5069050202440162}