{"0": 0.9718482958613317, "1": 0.6984513921354027, "2": 0.8317087575125753, "3": 0.5566556637116574, "4": 0.7625998769707139, "5": 0.7943666029276382, "6": 0.7560447538766981, "7": 0.5963278537883834, "8": 0.832183898964352, "10": 0.5919912429115324, "11": 0.7363429476712982, "13": 0.9312367919273448, "14": 0.7492309630363596, "16": 0.5514500837625826, "17": 0.8220948844378049, "18": 0.6257646778094595, "19": 0.9156770934830387, "33": 0.46438561897747244, "12": 0.900279733136923, "22": 0.5697297918297037, "25": 0.77021237627547, "9": 0.7572060794556484, "15": 0.45519227754515185, "21": 0.5634814281467605, "23": 0.38250055295900515, "24": 0.4498913957389788, "26": 0.29874687506009634, "27": 0.40105070315108626, "29": 0.524875243215942, "30": 0.6739286602794355, "28": 0.40105070315108626, "32": 0.5650372859326017}