{"0": 0.5096436712090351, "1": 0.42626906692871597, "2": 0.5452510404247012, "3": 0.31778192572387287, "8": 0.4796101440430167, "11": 0.4297959544184418, "13": 0.3956064202905586, "14": 0.40556652680760397, "16": 0.38615859701204525, "19": 0.5030732986161321, "9": 0.3603958836645709, "15": 0.2459612688166323, "18": 0.38319367784001723, "24": 0.4269976102352595, "29": 0.26647193940422925, "4": 0.4851154689884626, "6": 0.2636625515140899, "22": 0.2351878266224482, "5": 0.16751658603888178, "10": 0.21976421635191018, "17": 0.37040732307107677, "25": 0.38208020839342965, "7": 0.289802658206485, "21": 0.3522138890491458, "28": 0.12838851006616095}