{"0": 0.8091898004576559, "1": 0.6654085014425073, "2": 0.736905189924992, "3": 0.48400060334643824, "4": 0.775729734677403, "5": 0.2685162583686675, "6": 0.7158737986256895, "7": 0.6818487533843142, "8": 0.8245920354962384, "10": 0.3552873501688909, "11": 0.7796281706924584, "13": 0.8339205077772008, "14": 0.6414252318584752, "16": 0.6801153557924456, "17": 0.6809289674465722, "18": 0.6604977130170937, "20": 0.5163871205878868, "21": 0.49275552033905395, "25": 0.375, "19": 0.9419536387999605, "15": 0.5534542241073803, "9": 0.571709714790555, "32": 0.24408235983687446, "12": 0.5142203549607939, "23": 0.38250055295900515, "24": 0.44382621913754317, "26": 0.430827083453526, "28": 0.28525698945111666, "29": 0.42113637865330683, "22": 0.4068263626912225, "30": 0.4447777199392951}