{"0": 1.0703142483310895, "1": 0.8307571406098393, "2": 0.8065396480553352, "3": 0.7724816241598113, "4": 1.094146763120379, "5": 0.9123160844709566, "6": 0.6518080943825367, "7": 0.6260458320073031, "8": 1.068889377493177, "10": 0.8479362884264852, "11": 1.119079700959047, "13": 0.9680575760722252, "14": 0.8870194789643824, "19": 0.7452770320148729, "22": 0.5697035965102172, "16": 0.9792842835516294, "17": 0.7786968505492025, "18": 0.9984921879189149, "25": 0.817215752170299, "31": 0.375, "33": 0.5287712379549449, "9": 0.7451213809537471, "12": 0.711788228318901, "15": 0.5798720210677566, "21": 0.6072960651753929, "23": 0.5096265926662398, "24": 0.9047913855906471, "26": 0.5283208335737187, "27": 0.5238824662870492, "29": 0.6004687374812627, "30": 0.7728362592616078, "28": 0.44382621913754317, "32": 0.570846314936539}