{"0": 1.3115893449601506, "1": 1.0514607556812334, "3": 0.6194591880205056, "4": 1.251808779242981, "6": 0.8141732786458334, "11": 0.9085270493570871, "16": 1.2945444107926591, "18": 0.9463775974407789, "19": 1.2452072190375387, "21": 0.6234370550870493, "25": 1.1908264389858072, "2": 0.7245091252697, "5": 0.9905928903989301, "7": 0.6354007620765905, "8": 1.1341638562502394, "10": 0.75008433711348, "13": 1.0449030366024503, "14": 1.128563033425649, "31": 0.9056390622295665, "9": 0.8043270367482305, "15": 0.5598532692844589, "23": 0.7392677001976338, "24": 0.8189757119106373, "26": 0.5283208335737187, "27": 0.5238824662870492, "29": 0.7416405712775442, "32": 0.4324281218144083, "17": 0.9940153255057905, "12": 0.5142203549607939, "28": 0.4929498399741424, "30": 0.6237101839908121, "22": 0.5305416937507346}