{"0": 0.941459633598571, "1": 0.7387098382142949, "2": 0.8160841847209013, "3": 0.6489603678387765, "4": 0.9531381777899716, "5": 0.5430360683028632, "6": 0.7059346547493301, "7": 0.5111534906883862, "8": 0.8245837298357207, "10": 0.6716152639696752, "11": 0.7286755977698962, "13": 0.9552127383881058, "14": 0.7816625321356564, "16": 0.7157676890504414, "17": 0.8229055002260041, "19": 0.8221759213145923, "20": 0.7883410435920014, "21": 0.5661297665741177, "25": 0.6625056054120886, "33": 0.46438561897747244, "18": 0.730108773162829, "22": 0.5256720264370985, "31": 0.5, "23": 0.6626008309451169, "9": 0.6413887565896519, "15": 0.48220555587606945, "24": 0.5947306634200252, "27": 0.5163871205878868, "29": 0.4952165495395548, "30": 0.515455713813761, "28": 0.5840680191668771}