{"0": 0.42623386410508507, "1": 0.4365959319415542, "2": 0.5067978710460079, "3": 0.44350892038348394, "4": 0.39903737662452865, "6": 0.3155228208466801, "7": 0.34150990370920176, "8": 0.37305811564570335, "9": 0.3223404125773878, "11": 0.4477344843328435, "13": 0.6092789489698088, "14": 0.4482208323025737, "16": 0.40915388141128245, "17": 0.46928624123335777, "18": 0.40805217004479055, "22": 0.2345032556191291, "25": 0.38208020839342965, "28": 0.42713538512625726, "29": 0.27356981306405126, "5": 0.22101819798653874, "10": 0.08058207972900319, "19": 0.19667660678508753, "33": 0.46438561897747244, "12": 0.5528214902774172, "15": 0.27780180418268247, "23": 0.12204117991843723, "24": 0.3452563308574766, "26": 0.29874687506009634, "30": 0.13552313381698072, "32": 0.3103869418959711}