{"0": 0.3825811168500956, "1": 0.2406540517472279, "2": 0.31485694815657295, "3": 0.29817561635715484, "4": 0.27462505015432753, "5": 0.16751658603888178, "6": 0.20564680394527374, "8": 0.2373345876071154, "10": 0.18078614300542664, "11": 0.29354591369378474, "13": 0.3150562901382211, "14": 0.3117610501585443, "16": 0.23666180078187465, "17": 0.1831634581623774, "18": 0.10241483906362242, "19": 0.3063966918310446, "20": 0.2719539230041146, "22": 0.188984080479786, "25": 0.19104010419671483, "28": 0.2477902641541854, "9": 0.18078124942049129, "15": 0.1191216948625383, "24": 0.07609901693784238, "7": 0.19104010419671483, "29": 0.08038362743683856}