{"0": 0.3988057652261298, "1": 0.2287954711153755, "2": 0.32552767369769275, "3": 0.21625180106412778, "4": 0.33076989956943037, "5": 0.2660676548363843, "6": 0.1726975727861944, "8": 0.20174258157063996, "11": 0.23436443248837213, "13": 0.24157340783024647, "14": 0.23531029785509422, "16": 0.349317548494961, "17": 0.2374380056884508, "19": 0.3063966918310446, "20": 0.2719539230041146, "25": 0.19104010419671483, "7": 0.20650811780675132, "10": 0.16116415945800638, "18": 0.1538007825432606, "22": 0.13322486635739697, "9": 0.11084664749098974, "15": 0.10398195729286425, "21": 0.06254525464966174, "24": 0.2546072107477964, "29": 0.026485683217037117, "28": 0.07609901693784238}