{"0": 0.6164734870869871, "1": 0.5502174097944935, "2": 0.6444782152109219, "3": 0.48713221543754115, "4": 0.6873749187548055, "5": 0.590534128684992, "6": 0.49142176124621784, "7": 0.6226658567578423, "8": 0.6037714548040389, "10": 0.43485499710638087, "11": 0.6665478704828284, "13": 0.5946686413462628, "14": 0.4892056309085936, "16": 0.46816289540112366, "17": 0.5683590242739507, "18": 0.6163271925754236, "19": 0.5900298203552625, "20": 0.40105070315108626, "25": 0.29874687506009634, "22": 0.3276206993533301, "9": 0.604831386419114, "15": 0.3968101957910775, "24": 0.36006241679575635, "27": 0.40105070315108626, "29": 0.4500338430274157, "30": 0.13552313381698072, "32": 0.5100248572884011, "12": 0.7341344853728564, "28": 0.2477902641541854, "21": 0.3820875566803898, "23": 0.19963791539243}