{"0": {"num": 369, "community_belong": {"0": {"num": 7, "%": 0.01907356948228883}, "1": {"num": 19, "%": 0.005599764220453876}, "2": {"num": 27, "%": 0.018392370572207085}, "3": {"num": 13, "%": 0.06220095693779904}, "4": {"num": 5, "%": 0.011135857461024499}, "5": {"num": 2, "%": 0.034482758620689655}, "6": {"num": 5, "%": 0.006596306068601583}, "7": {"num": 2, "%": 0.005952380952380952}, "8": {"num": 3, "%": 0.004724409448818898}, "9": {"num": 2, "%": 0.010752688172043012}, "10": {"num": 1, "%": 0.01282051282051282}, "11": {"num": 3, "%": 0.006607929515418502}, "14": {"num": 4, "%": 0.012307692307692308}, "16": {"num": 2, "%": 0.010810810810810811}, "18": {"num": 4, "%": 0.009925558312655087}, "19": {"num": 1, "%": 0.043478260869565216}, "22": {"num": 1, "%": 0.0033444816053511705}, "23": {"num": 2, "%": 0.044444444444444446}, "24": {"num": 6, "%": 0.03571428571428571}, "25": {"num": 1, "%": 0.041666666666666664}, "27": {"num": 1, "%": 0.14285714285714285}, "28": {"num": 2, "%": 0.023809523809523808}, "29": {"num": 6, "%": 0.019169329073482427}}}, "1": {"num": 138, "community_belong": {"0": {"num": 2, "%": 0.005449591280653951}, "1": {"num": 20, "%": 0.0058944886531093425}, "2": {"num": 3, "%": 0.0020435967302452314}, "3": {"num": 2, "%": 0.009569377990430622}, "4": {"num": 1, "%": 0.0022271714922048997}, "6": {"num": 11, "%": 0.014511873350923483}, "7": {"num": 2, "%": 0.005952380952380952}, "8": {"num": 3, "%": 0.004724409448818898}, "11": {"num": 5, "%": 0.011013215859030838}, "14": {"num": 2, "%": 0.006153846153846154}, "17": {"num": 1, "%": 0.005050505050505051}, "22": {"num": 6, "%": 0.020066889632107024}, "24": {"num": 2, "%": 0.011904761904761904}, "28": {"num": 1, "%": 0.011904761904761904}, "29": {"num": 1, "%": 0.003194888178913738}, "30": {"num": 1, "%": 0.02564102564102564}}}, "2": {"num": 203, "community_belong": {"0": {"num": 4, "%": 0.010899182561307902}, "1": {"num": 14, "%": 0.00412614205717654}, "2": {"num": 9, "%": 0.006130790190735695}, "3": {"num": 4, "%": 0.019138755980861243}, "4": {"num": 16, "%": 0.035634743875278395}, "6": {"num": 22, "%": 0.029023746701846966}, "7": {"num": 4, "%": 0.011904761904761904}, "8": {"num": 1, "%": 0.0015748031496062992}, "9": {"num": 1, "%": 0.005376344086021506}, "10": {"num": 1, "%": 0.01282051282051282}, "11": {"num": 1, "%": 0.0022026431718061676}, "12": {"num": 1, "%": 0.04}, "17": {"num": 1, "%": 0.005050505050505051}, "18": {"num": 1, "%": 0.0024813895781637717}, "21": {"num": 1, "%": 0.009259259259259259}, "22": {"num": 10, "%": 0.033444816053511704}, "24": {"num": 1, "%": 0.005952380952380952}, "29": {"num": 4, "%": 0.012779552715654952}}}, "3": {"num": 359, "community_belong": {"0": {"num": 11, "%": 0.02997275204359673}, "1": {"num": 40, "%": 0.011788977306218685}, "2": {"num": 9, "%": 0.006130790190735695}, "3": {"num": 4, "%": 0.019138755980861243}, "4": {"num": 11, "%": 0.024498886414253896}, "5": {"num": 3, "%": 0.05172413793103448}, "6": {"num": 16, "%": 0.021108179419525065}, "7": {"num": 9, "%": 0.026785714285714284}, "8": {"num": 8, "%": 0.012598425196850394}, "9": {"num": 2, "%": 0.010752688172043012}, "10": {"num": 1, "%": 0.01282051282051282}, "11": {"num": 7, "%": 0.015418502202643172}, "13": {"num": 4, "%": 0.022988505747126436}, "14": {"num": 3, "%": 0.009230769230769232}, "15": {"num": 2, "%": 0.007168458781362007}, "16": {"num": 1, "%": 0.005405405405405406}, "17": {"num": 2, "%": 0.010101010101010102}, "18": {"num": 1, "%": 0.0024813895781637717}, "19": {"num": 1, "%": 0.043478260869565216}, "22": {"num": 2, "%": 0.006688963210702341}, "23": {"num": 1, "%": 0.022222222222222223}, "24": {"num": 4, "%": 0.023809523809523808}, "29": {"num": 2, "%": 0.006389776357827476}}}, "4": {"num": 314, "community_belong": {"0": {"num": 10, "%": 0.027247956403269755}, "1": {"num": 20, "%": 0.0058944886531093425}, "2": {"num": 25, "%": 0.0170299727520436}, "3": {"num": 9, "%": 0.0430622009569378}, "4": {"num": 6, "%": 0.013363028953229399}, "5": {"num": 2, "%": 0.034482758620689655}, "6": {"num": 6, "%": 0.0079155672823219}, "7": {"num": 4, "%": 0.011904761904761904}, "8": {"num": 5, "%": 0.007874015748031496}, "9": {"num": 2, "%": 0.010752688172043012}, "10": {"num": 2, "%": 0.02564102564102564}, "11": {"num": 4, "%": 0.00881057268722467}, "14": {"num": 1, "%": 0.003076923076923077}, "15": {"num": 1, "%": 0.0035842293906810036}, "17": {"num": 2, "%": 0.010101010101010102}, "18": {"num": 8, "%": 0.019851116625310174}, "21": {"num": 1, "%": 0.009259259259259259}, "23": {"num": 1, "%": 0.022222222222222223}, "24": {"num": 3, "%": 0.017857142857142856}, "28": {"num": 1, "%": 0.011904761904761904}, "29": {"num": 7, "%": 0.022364217252396165}}}, "5": {"num": 71, "community_belong": {"0": {"num": 2, "%": 0.005449591280653951}, "1": {"num": 3, "%": 0.0008841732979664014}, "2": {"num": 6, "%": 0.004087193460490463}, "3": {"num": 1, "%": 0.004784688995215311}, "4": {"num": 5, "%": 0.011135857461024499}, "6": {"num": 4, "%": 0.005277044854881266}, "8": {"num": 1, "%": 0.0015748031496062992}, "10": {"num": 1, "%": 0.01282051282051282}, "11": {"num": 3, "%": 0.006607929515418502}, "13": {"num": 1, "%": 0.005747126436781609}, "29": {"num": 2, "%": 0.006389776357827476}, "30": {"num": 1, "%": 0.02564102564102564}}}, "6": {"num": 93, "community_belong": {"0": {"num": 1, "%": 0.0027247956403269754}, "1": {"num": 8, "%": 0.002357795461243737}, "2": {"num": 6, "%": 0.004087193460490463}, "3": {"num": 4, "%": 0.019138755980861243}, "6": {"num": 3, "%": 0.00395778364116095}, "7": {"num": 2, "%": 0.005952380952380952}, "8": {"num": 1, "%": 0.0015748031496062992}, "9": {"num": 1, "%": 0.005376344086021506}, "10": {"num": 1, "%": 0.01282051282051282}, "11": {"num": 1, "%": 0.0022026431718061676}, "14": {"num": 1, "%": 0.003076923076923077}, "17": {"num": 1, "%": 0.005050505050505051}, "18": {"num": 1, "%": 0.0024813895781637717}, "22": {"num": 2, "%": 0.006688963210702341}, "24": {"num": 1, "%": 0.005952380952380952}, "29": {"num": 1, "%": 0.003194888178913738}}}, "7": {"num": 21, "community_belong": {"2": {"num": 1, "%": 0.0006811989100817438}, "4": {"num": 1, "%": 0.0022271714922048997}, "6": {"num": 1, "%": 0.0013192612137203166}, "22": {"num": 1, "%": 0.0033444816053511705}}}, "8": {"num": 496, "community_belong": {"0": {"num": 9, "%": 0.02452316076294278}, "1": {"num": 61, "%": 0.017978190391983496}, "2": {"num": 16, "%": 0.010899182561307902}, "3": {"num": 18, "%": 0.0861244019138756}, "4": {"num": 10, "%": 0.022271714922048998}, "5": {"num": 4, "%": 0.06896551724137931}, "6": {"num": 9, "%": 0.011873350923482849}, "7": {"num": 3, "%": 0.008928571428571428}, "8": {"num": 8, "%": 0.012598425196850394}, "9": {"num": 2, "%": 0.010752688172043012}, "11": {"num": 12, "%": 0.02643171806167401}, "12": {"num": 1, "%": 0.04}, "13": {"num": 4, "%": 0.022988505747126436}, "14": {"num": 2, "%": 0.006153846153846154}, "15": {"num": 5, "%": 0.017921146953405017}, "16": {"num": 1, "%": 0.005405405405405406}, "17": {"num": 4, "%": 0.020202020202020204}, "18": {"num": 8, "%": 0.019851116625310174}, "21": {"num": 1, "%": 0.009259259259259259}, "22": {"num": 5, "%": 0.016722408026755852}, "24": {"num": 4, "%": 0.023809523809523808}, "28": {"num": 1, "%": 0.011904761904761904}, "29": {"num": 6, "%": 0.019169329073482427}, "30": {"num": 1, "%": 0.02564102564102564}, "31": {"num": 1, "%": 0.125}, "33": {"num": 2, "%": 0.4}}}, "9": {"num": 94, "community_belong": {"0": {"num": 3, "%": 0.008174386920980926}, "1": {"num": 10, "%": 0.0029472443265546712}, "2": {"num": 2, "%": 0.0013623978201634877}, "3": {"num": 1, "%": 0.004784688995215311}, "4": {"num": 2, "%": 0.004454342984409799}, "5": {"num": 2, "%": 0.034482758620689655}, "6": {"num": 3, "%": 0.00395778364116095}, "7": {"num": 2, "%": 0.005952380952380952}, "8": {"num": 1, "%": 0.0015748031496062992}, "9": {"num": 2, "%": 0.010752688172043012}, "11": {"num": 1, "%": 0.0022026431718061676}, "13": {"num": 1, "%": 0.005747126436781609}, "14": {"num": 1,