{"0": {"num": 2, "community_belong": {"0": {"num": 2, "%": 0.005449591280653951}}}, "1": {"num": 1759, "community_belong": {"0": {"num": 35, "%": 0.09536784741144415}, "1": {"num": 1187, "%": 0.3498379015620395}, "2": {"num": 49, "%": 0.03337874659400545}, "3": {"num": 8, "%": 0.03827751196172249}, "4": {"num": 48, "%": 0.10690423162583519}, "5": {"num": 8, "%": 0.13793103448275862}, "6": {"num": 38, "%": 0.05013192612137203}, "7": {"num": 19, "%": 0.05654761904761905}, "8": {"num": 104, "%": 0.16377952755905512}, "9": {"num": 2, "%": 0.010752688172043012}, "10": {"num": 15, "%": 0.19230769230769232}, "11": {"num": 49, "%": 0.10792951541850221}, "13": {"num": 34, "%": 0.19540229885057472}, "14": {"num": 71, "%": 0.21846153846153846}, "15": {"num": 1, "%": 0.0035842293906810036}, "16": {"num": 28, "%": 0.15135135135135136}, "17": {"num": 36, "%": 0.18181818181818182}, "18": {"num": 5, "%": 0.01240694789081886}, "19": {"num": 4, "%": 0.17391304347826086}, "21": {"num": 1, "%": 0.009259259259259259}, "22": {"num": 3, "%": 0.010033444816053512}, "24": {"num": 1, "%": 0.005952380952380952}, "25": {"num": 2, "%": 0.08333333333333333}, "28": {"num": 4, "%": 0.047619047619047616}, "29": {"num": 3, "%": 0.009584664536741214}, "30": {"num": 3, "%": 0.07692307692307693}, "31": {"num": 1, "%": 0.125}}}, "2": {"num": 166, "community_belong": {"0": {"num": 6, "%": 0.01634877384196185}, "1": {"num": 70, "%": 0.0206307102858827}, "2": {"num": 15, "%": 0.010217983651226158}, "3": {"num": 1, "%": 0.004784688995215311}, "4": {"num": 9, "%": 0.0200445434298441}, "6": {"num": 11, "%": 0.014511873350923483}, "7": {"num": 3, "%": 0.008928571428571428}, "8": {"num": 19, "%": 0.029921259842519685}, "10": {"num": 1, "%": 0.01282051282051282}, "11": {"num": 5, "%": 0.011013215859030838}, "13": {"num": 2, "%": 0.011494252873563218}, "14": {"num": 3, "%": 0.009230769230769232}, "16": {"num": 6, "%": 0.032432432432432434}, "17": {"num": 2, "%": 0.010101010101010102}, "20": {"num": 2, "%": 0.14285714285714285}, "22": {"num": 11, "%": 0.03678929765886288}}}, "3": {"num": 49, "community_belong": {"0": {"num": 4, "%": 0.010899182561307902}, "1": {"num": 33, "%": 0.009725906277630416}, "3": {"num": 4, "%": 0.019138755980861243}, "8": {"num": 2, "%": 0.0031496062992125984}, "11": {"num": 2, "%": 0.004405286343612335}, "16": {"num": 1, "%": 0.005405405405405406}, "17": {"num": 3, "%": 0.015151515151515152}}}, "4": {"num": 2, "community_belong": {"1": {"num": 2, "%": 0.0005894488653109342}}}, "5": {"num": 26, "community_belong": {"2": {"num": 1, "%": 0.0006811989100817438}, "11": {"num": 25, "%": 0.05506607929515418}}}, "6": {"num": 5, "community_belong": {"1": {"num": 1, "%": 0.0002947244326554671}, "2": {"num": 1, "%": 0.0006811989100817438}, "6": {"num": 1, "%": 0.0013192612137203166}, "24": {"num": 2, "%": 0.011904761904761904}}}, "7": {"num": 2, "community_belong": {"11": {"num": 2, "%": 0.004405286343612335}}}, "8": {"num": 2, "community_belong": {"10": {"num": 2, "%": 0.02564102564102564}}}, "9": {"num": 2, "community_belong": {"1": {"num": 2, "%": 0.0005894488653109342}}}, "10": {"num": 94, "community_belong": {"0": {"num": 2, "%": 0.005449591280653951}, "1": {"num": 78, "%": 0.022988505747126436}, "2": {"num": 1, "%": 0.0006811989100817438}, "4": {"num": 2, "%": 0.004454342984409799}, "6": {"num": 1, "%": 0.0013192612137203166}, "8": {"num": 6, "%": 0.009448818897637795}, "11": {"num": 1, "%": 0.0022026431718061676}, "14": {"num": 1, "%": 0.003076923076923077}, "17": {"num": 1, "%": 0.005050505050505051}, "33": {"num": 1, "%": 0.2}}}, "11": {"num": 43, "community_belong": {"0": {"num": 1, "%": 0.0027247956403269754}, "1": {"num": 2, "%": 0.0005894488653109342}, "2": {"num": 34, "%": 0.02316076294277929}, "4": {"num": 1, "%": 0.0022271714922048997}, "9": {"num": 1, "%": 0.005376344086021506}, "11": {"num": 1, "%": 0.0022026431718061676}, "22": {"num": 2, "%": 0.006688963210702341}, "24": {"num": 1, "%": 0.005952380952380952}}}, "12": {"num": 17, "community_belong": {"29": {"num": 17, "%": 0.054313099041533544}}}, "13": {"num": 2, "community_belong": {"1": {"num": 2, "%": 0.0005894488653109342}}}, "14": {"num": 2, "community_belong": {"16": {"num": 2, "%": 0.010810810810810811}}}, "15": {"num": 5, "community_belong": {"0": {"num": 4, "%": 0.010899182561307902}, "1": {"num": 1, "%": 0.0002947244326554671}}}, "16": {"num": 25, "community_belong": {"11": {"num": 1, "%": 0.0022026431718061676}, "28": {"num": 24, "%": 0.2857142857142857}}}, "17": {"num": 2, "community_belong": {"16": {"num": 2, "%": 0.010810810810810811}}}, "18": {"num": 4, "community_belong": {"1": {"num": 4, "%": 0.0011788977306218685}}}, "19": {"num": 2, "community_belong": {"0": {"num": 2, "%": 0.005449591280653951}}}, "20": {"num": 2, "community_belong": {"1": {"num": 2, "%": 0.0005894488653109342}}}, "21": {"num": 2, "community_belong": {"16": {"num": 2, "%": 0.010810810810810811}}}, "22": {"num": 4, "community_belong": {"6": {"num": 4, "%": 0.005277044854881266}}}, "23": {"num": 7, "community_belong": {"0": {"num": 5, "%": 0.013623978201634877}, "2": {"num": 1, "%": 0.0006811989100817438}, "23": {"num": 1, "%": 0.022222222222222223}}}, "24": {"num": 2, "community_belong": {"1": {"num": 2, "%": 0.0005894488653109342}}}, "25": {"num": 2, "community_belong": {"8": {"num": 2, "%": 0.0031496062992125984}}}, "26": {"num": 2, "community_belong": {"8": {"num": 2, "%": 0.0031496062992125984}}}, "27": {"num": 2, "community_belong": {"13": {"num": 2, "%": 0.011494252873563218}}}}