{"0": {"num": 43, "community_belong": {"0": {"num": 1, "%": 0.0027247956403269754}, "1": {"num": 3, "%": 0.0008841732979664014}, "2": {"num": 2, "%": 0.0013623978201634877}, "3": {"num": 2, "%": 0.009569377990430622}, "11": {"num": 2, "%": 0.004405286343612335}, "14": {"num": 1, "%": 0.003076923076923077}}}, "1": {"num": 41, "community_belong": {"0": {"num": 2, "%": 0.005449591280653951}, "1": {"num": 3, "%": 0.0008841732979664014}, "2": {"num": 2, "%": 0.0013623978201634877}, "3": {"num": 2, "%": 0.009569377990430622}, "6": {"num": 2, "%": 0.002638522427440633}, "8": {"num": 1, "%": 0.0015748031496062992}, "11": {"num": 1, "%": 0.0022026431718061676}, "14": {"num": 1, "%": 0.003076923076923077}, "15": {"num": 1, "%": 0.0035842293906810036}}}, "2": {"num": 33, "community_belong": {"0": {"num": 1, "%": 0.0027247956403269754}, "1": {"num": 2, "%": 0.0005894488653109342}, "2": {"num": 2, "%": 0.0013623978201634877}, "4": {"num": 1, "%": 0.0022271714922048997}, "8": {"num": 1, "%": 0.0015748031496062992}, "17": {"num": 1, "%": 0.005050505050505051}}}, "3": {"num": 29, "community_belong": {"1": {"num": 1, "%": 0.0002947244326554671}, "2": {"num": 4, "%": 0.0027247956403269754}, "4": {"num": 1, "%": 0.0022271714922048997}, "6": {"num": 1, "%": 0.0013192612137203166}, "11": {"num": 1, "%": 0.0022026431718061676}, "14": {"num": 2, "%": 0.006153846153846154}, "18": {"num": 1, "%": 0.0024813895781637717}, "22": {"num": 1, "%": 0.0033444816053511705}, "23": {"num": 1, "%": 0.022222222222222223}, "24": {"num": 2, "%": 0.011904761904761904}}}, "4": {"num": 44, "community_belong": {"0": {"num": 2, "%": 0.005449591280653951}, "1": {"num": 5, "%": 0.0014736221632773356}, "2": {"num": 1, "%": 0.0006811989100817438}, "3": {"num": 2, "%": 0.009569377990430622}, "4": {"num": 1, "%": 0.0022271714922048997}, "11": {"num": 1, "%": 0.0022026431718061676}, "18": {"num": 1, "%": 0.0024813895781637717}, "21": {"num": 1, "%": 0.009259259259259259}, "22": {"num": 2, "%": 0.006688963210702341}, "24": {"num": 1, "%": 0.005952380952380952}, "29": {"num": 2, "%": 0.006389776357827476}}}, "5": {"num": 27, "community_belong": {"0": {"num": 3, "%": 0.008174386920980926}, "1": {"num": 3, "%": 0.0008841732979664014}, "2": {"num": 1, "%": 0.0006811989100817438}, "15": {"num": 1, "%": 0.0035842293906810036}, "17": {"num": 1, "%": 0.005050505050505051}, "29": {"num": 1, "%": 0.003194888178913738}}}, "6": {"num": 42, "community_belong": {"0": {"num": 2, "%": 0.005449591280653951}, "1": {"num": 2, "%": 0.0005894488653109342}, "3": {"num": 1, "%": 0.004784688995215311}, "6": {"num": 2, "%": 0.002638522427440633}, "7": {"num": 1, "%": 0.002976190476190476}, "8": {"num": 3, "%": 0.004724409448818898}, "11": {"num": 1, "%": 0.0022026431718061676}, "12": {"num": 1, "%": 0.04}, "16": {"num": 1, "%": 0.005405405405405406}, "17": {"num": 1, "%": 0.005050505050505051}}}, "7": {"num": 32, "community_belong": {"1": {"num": 1, "%": 0.0002947244326554671}, "4": {"num": 3, "%": 0.0066815144766146995}, "6": {"num": 2, "%": 0.002638522427440633}, "18": {"num": 1, "%": 0.0024813895781637717}, "22": {"num": 1, "%": 0.0033444816053511705}}}, "8": {"num": 48, "community_belong": {"0": {"num": 3, "%": 0.008174386920980926}, "1": {"num": 5, "%": 0.0014736221632773356}, "3": {"num": 1, "%": 0.004784688995215311}, "6": {"num": 1, "%": 0.0013192612137203166}, "7": {"num": 2, "%": 0.005952380952380952}, "8": {"num": 1, "%": 0.0015748031496062992}, "15": {"num": 2, "%": 0.007168458781362007}, "22": {"num": 2, "%": 0.006688963210702341}, "24": {"num": 1, "%": 0.005952380952380952}}}, "9": {"num": 11, "community_belong": {"1": {"num": 1, "%": 0.0002947244326554671}, "2": {"num": 1, "%": 0.0006811989100817438}, "3": {"num": 1, "%": 0.004784688995215311}}}, "10": {"num": 28, "community_belong": {"0": {"num": 1, "%": 0.0027247956403269754}, "1": {"num": 1, "%": 0.0002947244326554671}, "2": {"num": 3, "%": 0.0020435967302452314}, "6": {"num": 2, "%": 0.002638522427440633}, "11": {"num": 1, "%": 0.0022026431718061676}, "24": {"num": 1, "%": 0.005952380952380952}}}, "11": {"num": 15, "community_belong": {"1": {"num": 3, "%": 0.0008841732979664014}, "6": {"num": 1, "%": 0.0013192612137203166}, "10": {"num": 1, "%": 0.01282051282051282}, "11": {"num": 2, "%": 0.004405286343612335}, "14": {"num": 1, "%": 0.003076923076923077}}}, "12": {"num": 25, "community_belong": {"1": {"num": 5, "%": 0.0014736221632773356}, "2": {"num": 1, "%": 0.0006811989100817438}, "7": {"num": 1, "%": 0.002976190476190476}, "8": {"num": 3, "%": 0.004724409448818898}, "11": {"num": 2, "%": 0.004405286343612335}, "29": {"num": 1, "%": 0.003194888178913738}}}, "13": {"num": 66, "community_belong": {"0": {"num": 3, "%": 0.008174386920980926}, "1": {"num": 2, "%": 0.0005894488653109342}, "2": {"num": 3, "%": 0.0020435967302452314}, "4": {"num": 2, "%": 0.004454342984409799}, "5": {"num": 2, "%": 0.034482758620689655}, "6": {"num": 2, "%": 0.002638522427440633}, "11": {"num": 2, "%": 0.004405286343612335}, "16": {"num": 1, "%": 0.005405405405405406}, "17": {"num": 1, "%": 0.005050505050505051}, "22": {"num": 1, "%": 0.0033444816053511705}, "24": {"num": 2, "%": 0.011904761904761904}, "29": {"num": 1, "%": 0.003194888178913738}}}, "14": {"num": 7, "community_belong": {"1": {"num": 2, "%": 0.0005894488653109342}}}, "15": {"num": 17, "community_belong": {"0": {"num": 1, "%": 0.0027247956403269754}, "1": {"num": 3, "%": 0.0008841732979664014}, "6": {"num": 1, "%": 0.0013192612137203166}, "9": {"num": 1, "%": 0.005376344086021506}, "24": {"num": 1, "%": 0.005952380952380952}}}, "16": {"num": 12, "community_belong": {"0": {"num": 1, "%": 0.0027247956403269754}, "1": {"num": 4, "%": 0.0011788977306218685}, "3": {"num": 1, "%": 0.004784688995215311}, "6": {"num": 1, "%": 0.0013192612137203166}, "7": {"num": 1, "%": 0.002976190476190476}, "11": {"num": 1, "%": 0.0022026431718061676}, "14": {"num": 1, "%": 0.003076923076923077}}}, "17": {"num": 15, "community_belong": {"1": {"num": 3, "%": 0.0008841732979664014}, "2": {"num": 1, "%": 0.0006811989100817438}, "5": {"num": 1, "%": 0.017241379310344827}, "6": {"num": 1, "%": 0.0013192612137203166}, "8": {"num": 1, "%": 0.0015748031496062992}, "17": {"num": 1, "%": 0.005050505050505051}, "18": {"num": 1, "%": 0.0024813895781637717}}}, "18": {"num": 23, "community_belong": {"0": {"num": 1, "%": 0.0027247956403269754}, "1": {"num": 4, "%": 0.0011788977306218685}, "8": {"num": 1, "%": 0.0015748031496062992}, "9": {"num": 1, "%": 0.005376344086021506}, "14": {"num": 1, "%": 0.003076923076923077}}}}