{"0": {"num": 436, "community_belong": {"0": {"num": 2, "%": 0.005449591280653951}, "2": {"num": 324, "%": 0.22070844686648503}, "8": {"num": 3, "%": 0.004724409448818898}, "9": {"num": 8, "%": 0.043010752688172046}, "11": {"num": 4, "%": 0.00881057268722467}, "12": {"num": 2, "%": 0.08}, "15": {"num": 47, "%": 0.16845878136200718}, "18": {"num": 10, "%": 0.02481389578163772}, "23": {"num": 1, "%": 0.022222222222222223}, "24": {"num": 28, "%": 0.16666666666666666}, "27": {"num": 2, "%": 0.2857142857142857}, "29": {"num": 2, "%": 0.006389776357827476}, "30": {"num": 1, "%": 0.02564102564102564}, "32": {"num": 2, "%": 0.044444444444444446}}}, "1": {"num": 823, "community_belong": {"0": {"num": 27, "%": 0.07356948228882834}, "1": {"num": 581, "%": 0.1712348953728264}, "2": {"num": 9, "%": 0.006130790190735695}, "4": {"num": 11, "%": 0.024498886414253896}, "5": {"num": 2, "%": 0.034482758620689655}, "6": {"num": 5, "%": 0.006596306068601583}, "7": {"num": 3, "%": 0.008928571428571428}, "8": {"num": 49, "%": 0.07716535433070866}, "10": {"num": 7, "%": 0.08974358974358974}, "11": {"num": 11, "%": 0.024229074889867842}, "12": {"num": 3, "%": 0.12}, "13": {"num": 11, "%": 0.06321839080459771}, "14": {"num": 29, "%": 0.08923076923076922}, "16": {"num": 18, "%": 0.0972972972972973}, "17": {"num": 42, "%": 0.21212121212121213}, "19": {"num": 4, "%": 0.17391304347826086}, "20": {"num": 5, "%": 0.35714285714285715}, "21": {"num": 1, "%": 0.009259259259259259}, "25": {"num": 3, "%": 0.125}, "31": {"num": 2, "%": 0.25}}}, "2": {"num": 285, "community_belong": {"0": {"num": 40, "%": 0.10899182561307902}, "1": {"num": 39, "%": 0.011494252873563218}, "2": {"num": 39, "%": 0.02656675749318801}, "3": {"num": 5, "%": 0.023923444976076555}, "4": {"num": 35, "%": 0.0779510022271715}, "6": {"num": 5, "%": 0.006596306068601583}, "7": {"num": 2, "%": 0.005952380952380952}, "8": {"num": 55, "%": 0.08661417322834646}, "10": {"num": 5, "%": 0.0641025641025641}, "11": {"num": 6, "%": 0.013215859030837005}, "13": {"num": 11, "%": 0.06321839080459771}, "14": {"num": 34, "%": 0.10461538461538461}, "16": {"num": 4, "%": 0.021621621621621623}, "17": {"num": 2, "%": 0.010101010101010102}, "18": {"num": 1, "%": 0.0024813895781637717}, "19": {"num": 1, "%": 0.043478260869565216}, "25": {"num": 1, "%": 0.041666666666666664}}}, "3": {"num": 41, "community_belong": {"22": {"num": 41, "%": 0.13712374581939799}}}, "4": {"num": 158, "community_belong": {"1": {"num": 5, "%": 0.0014736221632773356}, "6": {"num": 50, "%": 0.06596306068601583}, "11": {"num": 59, "%": 0.1299559471365639}, "18": {"num": 32, "%": 0.0794044665012407}, "22": {"num": 1, "%": 0.0033444816053511705}, "29": {"num": 3, "%": 0.009584664536741214}, "30": {"num": 8, "%": 0.20512820512820512}}}, "5": {"num": 158, "community_belong": {"2": {"num": 2, "%": 0.0013623978201634877}, "3": {"num": 3, "%": 0.014354066985645933}, "4": {"num": 43, "%": 0.0957683741648107}, "6": {"num": 98, "%": 0.12928759894459102}, "7": {"num": 1, "%": 0.002976190476190476}, "11": {"num": 3, "%": 0.006607929515418502}, "13": {"num": 8, "%": 0.04597701149425287}}}, "6": {"num": 46, "community_belong": {"11": {"num": 11, "%": 0.024229074889867842}, "18": {"num": 30, "%": 0.07444168734491315}, "23": {"num": 4, "%": 0.08888888888888889}, "29": {"num": 1, "%": 0.003194888178913738}}}, "7": {"num": 8, "community_belong": {"0": {"num": 4, "%": 0.010899182561307902}, "13": {"num": 4, "%": 0.022988505747126436}}}, "8": {"num": 104, "community_belong": {"2": {"num": 5, "%": 0.0034059945504087193}, "6": {"num": 2, "%": 0.002638522427440633}, "7": {"num": 44, "%": 0.13095238095238096}, "9": {"num": 27, "%": 0.14516129032258066}, "11": {"num": 6, "%": 0.013215859030837005}, "18": {"num": 1, "%": 0.0024813895781637717}, "28": {"num": 18, "%": 0.21428571428571427}, "29": {"num": 1, "%": 0.003194888178913738}}}, "9": {"num": 5, "community_belong": {"14": {"num": 5, "%": 0.015384615384615385}}}, "10": {"num": 8, "community_belong": {"4": {"num": 2, "%": 0.004454342984409799}, "17": {"num": 6, "%": 0.030303030303030304}}}, "11": {"num": 5, "community_belong": {"0": {"num": 4, "%": 0.010899182561307902}, "1": {"num": 1, "%": 0.0002947244326554671}}}, "12": {"num": 4, "community_belong": {"2": {"num": 4, "%": 0.0027247956403269754}}}, "13": {"num": 19, "community_belong": {"0": {"num": 3, "%": 0.008174386920980926}, "5": {"num": 5, "%": 0.08620689655172414}, "16": {"num": 11, "%": 0.05945945945945946}}}, "14": {"num": 3, "community_belong": {"18": {"num": 3, "%": 0.007444168734491315}}}, "15": {"num": 61, "community_belong": {"17": {"num": 2, "%": 0.010101010101010102}, "18": {"num": 2, "%": 0.004962779156327543}, "29": {"num": 57, "%": 0.18210862619808307}}}, "16": {"num": 24, "community_belong": {"0": {"num": 4, "%": 0.010899182561307902}, "2": {"num": 4, "%": 0.0027247956403269754}, "18": {"num": 3, "%": 0.007444168734491315}, "21": {"num": 11, "%": 0.10185185185185185}, "23": {"num": 2, "%": 0.044444444444444446}}}, "17": {"num": 22, "community_belong": {"3": {"num": 22, "%": 0.10526315789473684}}}, "18": {"num": 2, "community_belong": {"6": {"num": 2, "%": 0.002638522427440633}}}, "19": {"num": 7, "community_belong": {"5": {"num": 7, "%": 0.1206896551724138}}}, "20": {"num": 3, "community_belong": {"32": {"num": 3, "%": 0.06666666666666667}}}, "21": {"num": 2, "community_belong": {"3": {"num": 2, "%": 0.009569377990430622}}}, "22": {"num": 2, "community_belong": {"32": {"num": 2, "%": 0.044444444444444446}}}, "23": {"num": 2, "community_belong": {"26": {"num": 2, "%": 0.16666666666666666}}}, "24": {"num": 2, "community_belong": {"14": {"num": 2, "%": 0.006153846153846154}}}, "25": {"num": 2, "community_belong": {"7": {"num": 2, "%": 0.005952380952380952}}}, "26": {"num": 2, "community_belong": {"18": {"num": 2, "%": 0.004962779156327543}}}}