{"0": {"num": 266, "community_belong": {"0": {"num": 7, "%": 0.01907356948228883}, "1": {"num": 31, "%": 0.009136457412319481}, "2": {"num": 13, "%": 0.008855585831062671}, "3": {"num": 6, "%": 0.028708133971291867}, "4": {"num": 2, "%": 0.004454342984409799}, "5": {"num": 3, "%": 0.05172413793103448}, "6": {"num": 8, "%": 0.010554089709762533}, "7": {"num": 3, "%": 0.008928571428571428}, "8": {"num": 4, "%": 0.006299212598425197}, "9": {"num": 1, "%": 0.005376344086021506}, "11": {"num": 4, "%": 0.00881057268722467}, "13": {"num": 1, "%": 0.005747126436781609}, "14": {"num": 7, "%": 0.021538461538461538}, "15": {"num": 2, "%": 0.007168458781362007}, "17": {"num": 1, "%": 0.005050505050505051}, "18": {"num": 3, "%": 0.007444168734491315}, "21": {"num": 1, "%": 0.009259259259259259}, "22": {"num": 3, "%": 0.010033444816053512}, "24": {"num": 5, "%": 0.02976190476190476}, "29": {"num": 2, "%": 0.006389776357827476}, "30": {"num": 2, "%": 0.05128205128205128}, "32": {"num": 1, "%": 0.022222222222222223}}}, "1": {"num": 61, "community_belong": {"0": {"num": 2, "%": 0.005449591280653951}, "1": {"num": 6, "%": 0.0017683465959328027}, "2": {"num": 3, "%": 0.0020435967302452314}, "3": {"num": 1, "%": 0.004784688995215311}, "4": {"num": 1, "%": 0.0022271714922048997}, "5": {"num": 2, "%": 0.034482758620689655}, "6": {"num": 3, "%": 0.00395778364116095}, "7": {"num": 2, "%": 0.005952380952380952}, "8": {"num": 1, "%": 0.0015748031496062992}, "13": {"num": 1, "%": 0.005747126436781609}, "18": {"num": 2, "%": 0.004962779156327543}, "21": {"num": 1, "%": 0.009259259259259259}, "22": {"num": 1, "%": 0.0033444816053511705}, "26": {"num": 1, "%": 0.08333333333333333}}}, "2": {"num": 60, "community_belong": {"1": {"num": 5, "%": 0.0014736221632773356}, "2": {"num": 3, "%": 0.0020435967302452314}, "4": {"num": 3, "%": 0.0066815144766146995}, "5": {"num": 1, "%": 0.017241379310344827}, "6": {"num": 2, "%": 0.002638522427440633}, "7": {"num": 1, "%": 0.002976190476190476}, "8": {"num": 1, "%": 0.0015748031496062992}, "11": {"num": 1, "%": 0.0022026431718061676}, "14": {"num": 1, "%": 0.003076923076923077}, "15": {"num": 3, "%": 0.010752688172043012}, "17": {"num": 2, "%": 0.010101010101010102}, "18": {"num": 2, "%": 0.004962779156327543}, "22": {"num": 4, "%": 0.013377926421404682}, "23": {"num": 1, "%": 0.022222222222222223}, "28": {"num": 1, "%": 0.011904761904761904}, "29": {"num": 2, "%": 0.006389776357827476}}}, "3": {"num": 21, "community_belong": {"1": {"num": 2, "%": 0.0005894488653109342}, "2": {"num": 1, "%": 0.0006811989100817438}, "5": {"num": 1, "%": 0.017241379310344827}, "7": {"num": 1, "%": 0.002976190476190476}, "10": {"num": 1, "%": 0.01282051282051282}, "29": {"num": 1, "%": 0.003194888178913738}}}, "4": {"num": 81, "community_belong": {"0": {"num": 4, "%": 0.010899182561307902}, "1": {"num": 1, "%": 0.0002947244326554671}, "2": {"num": 7, "%": 0.004768392370572207}, "3": {"num": 1, "%": 0.004784688995215311}, "5": {"num": 1, "%": 0.017241379310344827}, "6": {"num": 3, "%": 0.00395778364116095}, "7": {"num": 4, "%": 0.011904761904761904}, "8": {"num": 1, "%": 0.0015748031496062992}, "9": {"num": 1, "%": 0.005376344086021506}, "11": {"num": 1, "%": 0.0022026431718061676}, "13": {"num": 1, "%": 0.005747126436781609}, "18": {"num": 5, "%": 0.01240694789081886}, "22": {"num": 1, "%": 0.0033444816053511705}, "24": {"num": 1, "%": 0.005952380952380952}, "29": {"num": 3, "%": 0.009584664536741214}}}, "5": {"num": 44, "community_belong": {"1": {"num": 6, "%": 0.0017683465959328027}, "2": {"num": 2, "%": 0.0013623978201634877}, "4": {"num": 3, "%": 0.0066815144766146995}, "5": {"num": 1, "%": 0.017241379310344827}, "6": {"num": 2, "%": 0.002638522427440633}, "7": {"num": 3, "%": 0.008928571428571428}, "8": {"num": 1, "%": 0.0015748031496062992}, "9": {"num": 2, "%": 0.010752688172043012}, "17": {"num": 1, "%": 0.005050505050505051}, "24": {"num": 1, "%": 0.005952380952380952}, "30": {"num": 1, "%": 0.02564102564102564}}}, "6": {"num": 150, "community_belong": {"0": {"num": 1, "%": 0.0027247956403269754}, "1": {"num": 16, "%": 0.004715590922487474}, "2": {"num": 1, "%": 0.0006811989100817438}, "3": {"num": 2, "%": 0.009569377990430622}, "4": {"num": 5, "%": 0.011135857461024499}, "6": {"num": 8, "%": 0.010554089709762533}, "7": {"num": 1, "%": 0.002976190476190476}, "8": {"num": 2, "%": 0.0031496062992125984}, "10": {"num": 1, "%": 0.01282051282051282}, "11": {"num": 2, "%": 0.004405286343612335}, "14": {"num": 1, "%": 0.003076923076923077}, "15": {"num": 1, "%": 0.0035842293906810036}, "17": {"num": 1, "%": 0.005050505050505051}, "18": {"num": 1, "%": 0.0024813895781637717}, "24": {"num": 1, "%": 0.005952380952380952}, "28": {"num": 1, "%": 0.011904761904761904}}}, "7": {"num": 57, "community_belong": {"1": {"num": 5, "%": 0.0014736221632773356}, "2": {"num": 4, "%": 0.0027247956403269754}, "3": {"num": 1, "%": 0.004784688995215311}, "4": {"num": 1, "%": 0.0022271714922048997}, "6": {"num": 2, "%": 0.002638522427440633}, "7": {"num": 1, "%": 0.002976190476190476}, "8": {"num": 2, "%": 0.0031496062992125984}, "9": {"num": 1, "%": 0.005376344086021506}, "11": {"num": 1, "%": 0.0022026431718061676}, "14": {"num": 2, "%": 0.006153846153846154}, "18": {"num": 1, "%": 0.0024813895781637717}, "23": {"num": 1, "%": 0.022222222222222223}}}, "8": {"num": 29, "community_belong": {"0": {"num": 1, "%": 0.0027247956403269754}, "1": {"num": 3, "%": 0.0008841732979664014}, "3": {"num": 1, "%": 0.004784688995215311}, "4": {"num": 1, "%": 0.0022271714922048997}, "6": {"num": 1, "%": 0.0013192612137203166}, "7": {"num": 2, "%": 0.005952380952380952}, "9": {"num": 1, "%": 0.005376344086021506}, "14": {"num": 1, "%": 0.003076923076923077}, "21": {"num": 1, "%": 0.009259259259259259}, "29": {"num": 2, "%": 0.006389776357827476}}}, "9": {"num": 234, "community_belong": {"0": {"num": 6, "%": 0.01634877384196185}, "1": {"num": 11, "%": 0.0032419687592101384}, "2": {"num": 16, "%": 0.010899182561307902}, "3": {"num": 5, "%": 0.023923444976076555}, "4": {"num": 4, "%": 0.008908685968819599}, "5": {"num": 2, "%": 0.034482758620689655}, "6": {"num": 12, "%": 0.0158311345646438}, "7": {"num": 2, "%": 0.005952380952380952}, "8": {"num": 1, "%": 0.0015748031496062992}, "10": {"num": 1, "%": 0.01282051282051282}, "11": {"num": 3, "%": 0.006607929515418502}, "12": {"num": 2, "%": 0.08}, "15": {"num": 1, "%": 0.0035842293906810036}, "18": {"num": 1, "%": 0.0024813895781637717}, "22": {"num": 3, "%": 0.010033444816053512}, "23": {"num": 1, "%": 0.022222222222222223}, "24": {"num": 1, "%": 0.005952380952380952}, "26": {"num": 1, "%": 0.08333333333333333}, "29": {"num": 5, "%": 0.01597444089456869}, "30": {"num": 1, "%": 0.02564102564102564}}}, "10": {"num": 26, "community_belong": {"1": {"num": 4, "%": 0.0011788977306218685}, "2": {"num": 3, "%": 0.0020435967302452314}, "16": {"num": 1, "%": 0.005405405405405406}, "18": {"num": 2, "%": 0.004962779156327543}, "28": {"num": 1, "%": 0.011904761904761904}}}, "11": {"num": 111, "community_belong": {"0": {"num": 2, "%": 0.005449591280653951}, "1": {"num": 7, "%": 0.00206307102858827}, "2": {"num": 5, "%": 0.0034059945504087193}, "3": {"num": 2, "%": 0.009569377990430622}, "4": {"num": 2, "%": 0.004454342984409799}, "8": {"num": 2, "%": 0.0031496062992125984}, "9": {"num": 1, "%": 0.005376344086021506}, "10": {"num": 1, "%": 0.01282051282051282}, "11": {"num": 1, "%": 0.0022026431718061676}, "17": {"num": 1, "%": 0.005050505050505051}, "24": {"num": 2, "%": 0.011904761904761904}, "28": {"num": 2, "%": 0.023809523809523808}, "29": {"num": 4, "%": 0.012779552715654952}}}, "12": {"num": 55, "community_belong": {"0": {"num": 4, "%": 0.010899182561307902}, "1": {"num": 5, "%": 0.0014736221632773356}, "3": {"num": 2, "%": 0.009569377990430622}, "4": {"num": 1, "%": 0.0022271714922048997}, "6": {"num": 2, "%": 0.002638522427440633}, "25": {"num": 1, "%": 0.041666666666666664}}}, "13": {"num": 20, "community_belong": {"2": {"num": 7,