{"0": {"num": 1478, "community_belong": {"0": {"num": 18, "%": 0.04904632152588556}, "1": {"num": 1089, "%": 0.3209549071618037}, "2": {"num": 18, "%": 0.01226158038147139}, "3": {"num": 8, "%": 0.03827751196172249}, "4": {"num": 12, "%": 0.026726057906458798}, "6": {"num": 3, "%": 0.00395778364116095}, "8": {"num": 71, "%": 0.11181102362204724}, "10": {"num": 6, "%": 0.07692307692307693}, "11": {"num": 3, "%": 0.006607929515418502}, "13": {"num": 46, "%": 0.26436781609195403}, "14": {"num": 43, "%": 0.13230769230769232}, "16": {"num": 58, "%": 0.31351351351351353}, "17": {"num": 86, "%": 0.43434343434343436}, "19": {"num": 5, "%": 0.21739130434782608}, "20": {"num": 1, "%": 0.07142857142857142}, "21": {"num": 1, "%": 0.009259259259259259}, "25": {"num": 10, "%": 0.4166666666666667}}}, "1": {"num": 326, "community_belong": {"0": {"num": 2, "%": 0.005449591280653951}, "2": {"num": 4, "%": 0.0027247956403269754}, "4": {"num": 2, "%": 0.004454342984409799}, "6": {"num": 292, "%": 0.38522427440633245}, "8": {"num": 5, "%": 0.007874015748031496}, "10": {"num": 6, "%": 0.07692307692307693}, "11": {"num": 11, "%": 0.024229074889867842}, "13": {"num": 2, "%": 0.011494252873563218}, "18": {"num": 1, "%": 0.0024813895781637717}, "24": {"num": 1, "%": 0.005952380952380952}}}, "2": {"num": 503, "community_belong": {"0": {"num": 63, "%": 0.17166212534059946}, "1": {"num": 68, "%": 0.020041261420571766}, "2": {"num": 49, "%": 0.03337874659400545}, "3": {"num": 9, "%": 0.0430622009569378}, "4": {"num": 67, "%": 0.1492204899777283}, "5": {"num": 1, "%": 0.017241379310344827}, "6": {"num": 2, "%": 0.002638522427440633}, "8": {"num": 77, "%": 0.12125984251968504}, "10": {"num": 25, "%": 0.32051282051282054}, "11": {"num": 2, "%": 0.004405286343612335}, "13": {"num": 31, "%": 0.1781609195402299}, "14": {"num": 78, "%": 0.24}, "16": {"num": 19, "%": 0.10270270270270271}, "17": {"num": 7, "%": 0.03535353535353535}, "18": {"num": 2, "%": 0.004962779156327543}, "25": {"num": 3, "%": 0.125}}}, "3": {"num": 784, "community_belong": {"0": {"num": 2, "%": 0.005449591280653951}, "1": {"num": 3, "%": 0.0008841732979664014}, "2": {"num": 616, "%": 0.4196185286103542}, "8": {"num": 3, "%": 0.004724409448818898}, "9": {"num": 8, "%": 0.043010752688172046}, "11": {"num": 9, "%": 0.019823788546255508}, "12": {"num": 7, "%": 0.28}, "15": {"num": 109, "%": 0.3906810035842294}, "16": {"num": 1, "%": 0.005405405405405406}, "18": {"num": 4, "%": 0.009925558312655087}, "21": {"num": 2, "%": 0.018518518518518517}, "23": {"num": 2, "%": 0.044444444444444446}, "24": {"num": 7, "%": 0.041666666666666664}, "26": {"num": 3, "%": 0.25}, "27": {"num": 3, "%": 0.42857142857142855}, "29": {"num": 1, "%": 0.003194888178913738}, "32": {"num": 4, "%": 0.08888888888888889}}}, "4": {"num": 46, "community_belong": {"0": {"num": 45, "%": 0.1226158038147139}, "1": {"num": 1, "%": 0.0002947244326554671}}}, "5": {"num": 26, "community_belong": {"5": {"num": 26, "%": 0.4482758620689655}}}, "6": {"num": 286, "community_belong": {"0": {"num": 2, "%": 0.005449591280653951}, "1": {"num": 36, "%": 0.010610079575596816}, "2": {"num": 4, "%": 0.0027247956403269754}, "4": {"num": 1, "%": 0.0022271714922048997}, "6": {"num": 15, "%": 0.01978891820580475}, "9": {"num": 6, "%": 0.03225806451612903}, "11": {"num": 155, "%": 0.34140969162995594}, "12": {"num": 5, "%": 0.2}, "15": {"num": 2, "%": 0.007168458781362007}, "18": {"num": 7, "%": 0.017369727047146403}, "28": {"num": 31, "%": 0.36904761904761907}, "29": {"num": 6, "%": 0.019169329073482427}, "30": {"num": 16, "%": 0.41025641025641024}}}, "7": {"num": 192, "community_belong": {"17": {"num": 1, "%": 0.005050505050505051}, "18": {"num": 69, "%": 0.17121588089330025}, "29": {"num": 118, "%": 0.3769968051118211}, "32": {"num": 4, "%": 0.08888888888888889}}}, "8": {"num": 63, "community_belong": {"2": {"num": 4, "%": 0.0027247956403269754}, "9": {"num": 59, "%": 0.3172043010752688}}}, "9": {"num": 91, "community_belong": {"22": {"num": 91, "%": 0.30434782608695654}}}, "10": {"num": 157, "community_belong": {"0": {"num": 7, "%": 0.01907356948228883}, "1": {"num": 1, "%": 0.0002947244326554671}, "2": {"num": 5, "%": 0.0034059945504087193}, "11": {"num": 13, "%": 0.028634361233480177}, "18": {"num": 83, "%": 0.20595533498759305}, "21": {"num": 35, "%": 0.32407407407407407}, "23": {"num": 5, "%": 0.1111111111111111}, "24": {"num": 6, "%": 0.03571428571428571}, "28": {"num": 1, "%": 0.011904761904761904}, "30": {"num": 1, "%": 0.02564102564102564}}}, "11": {"num": 7, "community_belong": {"32": {"num": 7, "%": 0.15555555555555556}}}, "12": {"num": 136, "community_belong": {"7": {"num": 133, "%": 0.3958333333333333}, "11": {"num": 3, "%": 0.006607929515418502}}}, "13": {"num": 63, "community_belong": {"3": {"num": 63, "%": 0.3014354066985646}}}, "14": {"num": 110, "community_belong": {"1": {"num": 12, "%": 0.0035366931918656055}, "2": {"num": 5, "%": 0.0034059945504087193}, "4": {"num": 2, "%": 0.004454342984409799}, "8": {"num": 88, "%": 0.13858267716535433}, "13": {"num": 2, "%": 0.011494252873563218}, "22": {"num": 1, "%": 0.0033444816053511705}}}, "15": {"num": 12, "community_belong": {"1": {"num": 1, "%": 0.0002947244326554671}, "14": {"num": 8, "%": 0.024615384615384615}, "20": {"num": 3, "%": 0.21428571428571427}}}, "16": {"num": 50, "community_belong": {"24": {"num": 50, "%": 0.2976190476190476}}}, "17": {"num": 105, "community_belong": {"0": {"num": 2, "%": 0.005449591280653951}, "4": {"num": 103, "%": 0.22939866369710468}}}, "18": {"num": 9, "community_belong": {"1": {"num": 3, "%": 0.0008841732979664014}, "31": {"num": 6, "%": 0.75}}}, "19": {"num": 3, "community_belong": {"26": {"num": 3, "%": 0.25}}}, "20": {"num": 7, "community_belong": {"2": {"num": 1, "%": 0.0006811989100817438}, "19": {"num": 6, "%": 0.2608695652173913}}}, "21": {"num": 3, "community_belong": {"23": {"num": 3, "%": 0.06666666666666667}}}, "22": {"num": 5, "community_belong": {"4": {"num": 5, "%": 0.011135857461024499}}}, "23": {"num": 3, "community_belong": {"2": {"num": 1, "%": 0.0006811989100817438}, "8": {"num": 2, "%": 0.0031496062992125984}}}, "24": {"num": 2, "community_belong": {"8": {"num": 2, "%": 0.0031496062992125984}}}, "25": {"num": 2, "community_belong": {"2": {"num": 2, "%": 0.0013623978201634877}}}}