{"0": {"num": 344, "community_belong": {"0": {"num": 62, "%": 0.16893732970027248}, "1": {"num": 58, "%": 0.017094017094017096}, "2": {"num": 59, "%": 0.040190735694822885}, "3": {"num": 2, "%": 0.009569377990430622}, "4": {"num": 95, "%": 0.21158129175946547}, "5": {"num": 1, "%": 0.017241379310344827}, "6": {"num": 3, "%": 0.00395778364116095}, "8": {"num": 11, "%": 0.01732283464566929}, "10": {"num": 2, "%": 0.02564102564102564}, "11": {"num": 1, "%": 0.0022026431718061676}, "13": {"num": 7, "%": 0.040229885057471264}, "14": {"num": 3, "%": 0.009230769230769232}, "16": {"num": 12, "%": 0.06486486486486487}, "17": {"num": 24, "%": 0.12121212121212122}, "19": {"num": 2, "%": 0.08695652173913043}, "31": {"num": 2, "%": 0.25}}}, "1": {"num": 820, "community_belong": {"0": {"num": 4, "%": 0.010899182561307902}, "1": {"num": 6, "%": 0.0017683465959328027}, "2": {"num": 655, "%": 0.44618528610354224}, "4": {"num": 4, "%": 0.008908685968819599}, "6": {"num": 3, "%": 0.00395778364116095}, "8": {"num": 4, "%": 0.006299212598425197}, "9": {"num": 9, "%": 0.04838709677419355}, "11": {"num": 4, "%": 0.00881057268722467}, "15": {"num": 122, "%": 0.43727598566308246}, "21": {"num": 1, "%": 0.009259259259259259}, "23": {"num": 2, "%": 0.044444444444444446}, "24": {"num": 3, "%": 0.017857142857142856}, "26": {"num": 2, "%": 0.16666666666666666}, "29": {"num": 1, "%": 0.003194888178913738}}}, "2": {"num": 155, "community_belong": {"0": {"num": 10, "%": 0.027247956403269755}, "1": {"num": 23, "%": 0.006778661951075744}, "2": {"num": 2, "%": 0.0013623978201634877}, "4": {"num": 3, "%": 0.0066815144766146995}, "6": {"num": 4, "%": 0.005277044854881266}, "8": {"num": 108, "%": 0.1700787401574803}, "14": {"num": 1, "%": 0.003076923076923077}, "16": {"num": 3, "%": 0.016216216216216217}, "22": {"num": 1, "%": 0.0033444816053511705}}}, "3": {"num": 178, "community_belong": {"2": {"num": 10, "%": 0.006811989100817439}, "11": {"num": 163, "%": 0.3590308370044053}, "28": {"num": 5, "%": 0.05952380952380952}}}, "4": {"num": 613, "community_belong": {"0": {"num": 6, "%": 0.01634877384196185}, "1": {"num": 502, "%": 0.1479516651930445}, "2": {"num": 13, "%": 0.008855585831062671}, "3": {"num": 1, "%": 0.004784688995215311}, "4": {"num": 13, "%": 0.028953229398663696}, "6": {"num": 1, "%": 0.0013192612137203166}, "8": {"num": 9, "%": 0.014173228346456693}, "10": {"num": 6, "%": 0.07692307692307693}, "11": {"num": 6, "%": 0.013215859030837005}, "13": {"num": 9, "%": 0.05172413793103448}, "14": {"num": 21, "%": 0.06461538461538462}, "16": {"num": 17, "%": 0.0918918918918919}, "17": {"num": 6, "%": 0.030303030303030304}, "18": {"num": 2, "%": 0.004962779156327543}, "29": {"num": 1, "%": 0.003194888178913738}}}, "5": {"num": 91, "community_belong": {"1": {"num": 20, "%": 0.0058944886531093425}, "4": {"num": 2, "%": 0.004454342984409799}, "8": {"num": 3, "%": 0.004724409448818898}, "13": {"num": 1, "%": 0.005747126436781609}, "14": {"num": 54, "%": 0.16615384615384615}, "17": {"num": 11, "%": 0.05555555555555555}}}, "6": {"num": 108, "community_belong": {"0": {"num": 27, "%": 0.07356948228882834}, "1": {"num": 25, "%": 0.0073681108163866785}, "4": {"num": 2, "%": 0.004454342984409799}, "7": {"num": 3, "%": 0.008928571428571428}, "8": {"num": 39, "%": 0.06141732283464567}, "9": {"num": 2, "%": 0.010752688172043012}, "13": {"num": 2, "%": 0.011494252873563218}, "14": {"num": 8, "%": 0.024615384615384615}}}, "7": {"num": 1247, "community_belong": {"0": {"num": 31, "%": 0.08446866485013624}, "1": {"num": 929, "%": 0.27379899793692897}, "2": {"num": 9, "%": 0.006130790190735695}, "3": {"num": 6, "%": 0.028708133971291867}, "4": {"num": 29, "%": 0.0645879732739421}, "5": {"num": 1, "%": 0.017241379310344827}, "6": {"num": 10, "%": 0.013192612137203167}, "7": {"num": 2, "%": 0.005952380952380952}, "8": {"num": 45, "%": 0.07086614173228346}, "10": {"num": 13, "%": 0.16666666666666666}, "11": {"num": 29, "%": 0.06387665198237885}, "13": {"num": 19, "%": 0.10919540229885058}, "14": {"num": 58, "%": 0.17846153846153845}, "16": {"num": 23, "%": 0.12432432432432433}, "17": {"num": 28, "%": 0.1414141414141414}, "18": {"num": 2, "%": 0.004962779156327543}, "19": {"num": 3, "%": 0.13043478260869565}, "22": {"num": 2, "%": 0.006688963210702341}, "25": {"num": 1, "%": 0.041666666666666664}, "28": {"num": 2, "%": 0.023809523809523808}, "29": {"num": 3, "%": 0.009584664536741214}, "31": {"num": 2, "%": 0.25}}}, "8": {"num": 871, "community_belong": {"0": {"num": 13, "%": 0.035422343324250684}, "1": {"num": 709, "%": 0.2089596227527262}, "2": {"num": 3, "%": 0.0020435967302452314}, "3": {"num": 1, "%": 0.004784688995215311}, "4": {"num": 32, "%": 0.07126948775055679}, "5": {"num": 1, "%": 0.017241379310344827}, "6": {"num": 1, "%": 0.0013192612137203166}, "8": {"num": 24, "%": 0.03779527559055118}, "10": {"num": 6, "%": 0.07692307692307693}, "11": {"num": 3, "%": 0.006607929515418502}, "13": {"num": 8, "%": 0.04597701149425287}, "14": {"num": 16, "%": 0.04923076923076923}, "15": {"num": 1, "%": 0.0035842293906810036}, "16": {"num": 21, "%": 0.11351351351351352}, "17": {"num": 23, "%": 0.11616161616161616}, "19": {"num": 2, "%": 0.08695652173913043}, "20": {"num": 1, "%": 0.07142857142857142}, "25": {"num": 6, "%": 0.25}}}, "9": {"num": 84, "community_belong": {"22": {"num": 84, "%": 0.2809364548494983}}}, "10": {"num": 82, "community_belong": {"7": {"num": 81, "%": 0.24107142857142858}, "11": {"num": 1, "%": 0.0022026431718061676}}}, "11": {"num": 486, "community_belong": {"0": {"num": 5, "%": 0.013623978201634877}, "1": {"num": 326, "%": 0.09608016504568229}, "2": {"num": 1, "%": 0.0006811989100817438}, "3": {"num": 5, "%": 0.023923444976076555}, "4": {"num": 6, "%": 0.013363028953229399}, "8": {"num": 81, "%": 0.12755905511811025}, "13": {"num": 8, "%": 0.04597701149425287}, "14": {"num": 9, "%": 0.027692307692307693}, "16": {"num": 39, "%": 0.21081081081081082}, "17": {"num": 2, "%": 0.010101010101010102}, "25": {"num": 4, "%": 0.16666666666666666}}}, "12": {"num": 142, "community_belong": {"17": {"num": 1, "%": 0.005050505050505051}, "18": {"num": 6, "%": 0.01488833746898263}, "29": {"num": 135, "%": 0.43130990415335463}}}, "13": {"num": 3, "community_belong": {"9": {"num": 3, "%": 0.016129032258064516}}}, "14": {"num": 78, "community_belong": {"0": {"num": 14, "%": 0.03814713896457766}, "2": {"num": 39, "%": 0.02656675749318801}, "9": {"num": 1, "%": 0.005376344086021506}, "11": {"num": 11, "%": 0.024229074889867842}, "15": {"num": 4, "%": 0.014336917562724014}, "21": {"num": 7, "%": 0.06481481481481481}, "23": {"num": 2, "%": 0.044444444444444446}}}, "15": {"num": 124, "community_belong": {"0": {"num": 39, "%": 0.10626702997275204}, "1": {"num": 8, "%": 0.002357795461243737}, "2": {"num": 5, "%": 0.0034059945504087193}, "4": {"num": 5, "%": 0.011135857461024499}, "7": {"num": 31, "%": 0.09226190476190477}, "11": {"num": 1, "%": 0.0022026431718061676}, "14": {"num": 17, "%": 0.052307692307692305}, "17": {"num": 18, "%": 0.09090909090909091}}}, "16": {"num": 140, "community_belong": {"4": {"num": 3, "%": 0.0066815144766146995}, "6": {"num": 39, "%": 0.051451187335092345}, "7": {"num": 92, "%": 0.27380952380952384}, "8": {"num": 3, "%": 0.004724409448818898}, "9": {"num": 3, "%": 0.016129032258064516}}}, "17": {"num": 200, "community_belong": {"1": {"num": 6, "%": 0.0017683465959328027}, "2": {"num": 29, "%": 0.019754768392370572}, "4": {"num": 4, "%": 0.008908685968819599}, "6": {"num": 3, "%": 0.00395778364116095}, "7": {"num": 32, "%": 0.09523809523809523}, "9": {"num": 10, "%": 0.053763440860215055}, "11": {"num": 68, "%": 0.14977973568281938}, "14": {"num": 1, "%": 0.003076923076923077}, "15": {"num": 3, "%": 0.010752688172043012}, "18": {"num": 3, "%": 0.007444168734491315}, "24": {"num": 5, "%": 0.02976190476190476}, "28": {"num": 36, "%": 0.42857142857142855}}}, "18": {"num": 62, "community_belong": {"2": {"num": 8, "%": 0.005449591280653951}, "8": {"num": 2, "%": 0.0031496062992125984},