{"0": {"num": 1098, "community_belong": {"0": {"num": 29, "%": 0.07901907356948229}, "1": {"num": 81, "%": 0.023872679045092837}, "2": {"num": 51, "%": 0.03474114441416894}, "3": {"num": 24, "%": 0.11483253588516747}, "4": {"num": 27, "%": 0.060133630289532294}, "5": {"num": 7, "%": 0.1206896551724138}, "6": {"num": 49, "%": 0.06464379947229551}, "7": {"num": 9, "%": 0.026785714285714284}, "8": {"num": 7, "%": 0.011023622047244094}, "9": {"num": 7, "%": 0.03763440860215054}, "10": {"num": 5, "%": 0.0641025641025641}, "11": {"num": 20, "%": 0.04405286343612335}, "12": {"num": 2, "%": 0.08}, "14": {"num": 6, "%": 0.018461538461538463}, "15": {"num": 2, "%": 0.007168458781362007}, "16": {"num": 4, "%": 0.021621621621621623}, "17": {"num": 4, "%": 0.020202020202020204}, "18": {"num": 11, "%": 0.02729528535980149}, "19": {"num": 1, "%": 0.043478260869565216}, "21": {"num": 3, "%": 0.027777777777777776}, "22": {"num": 13, "%": 0.043478260869565216}, "24": {"num": 9, "%": 0.05357142857142857}, "25": {"num": 1, "%": 0.041666666666666664}, "26": {"num": 1, "%": 0.08333333333333333}, "28": {"num": 2, "%": 0.023809523809523808}, "29": {"num": 13, "%": 0.04153354632587859}, "32": {"num": 2, "%": 0.044444444444444446}}}, "1": {"num": 438, "community_belong": {"0": {"num": 20, "%": 0.05449591280653951}, "1": {"num": 32, "%": 0.009431181844974948}, "2": {"num": 35, "%": 0.023841961852861037}, "3": {"num": 8, "%": 0.03827751196172249}, "4": {"num": 7, "%": 0.015590200445434299}, "5": {"num": 1, "%": 0.017241379310344827}, "6": {"num": 8, "%": 0.010554089709762533}, "7": {"num": 6, "%": 0.017857142857142856}, "8": {"num": 3, "%": 0.004724409448818898}, "9": {"num": 4, "%": 0.021505376344086023}, "10": {"num": 1, "%": 0.01282051282051282}, "11": {"num": 8, "%": 0.01762114537444934}, "13": {"num": 3, "%": 0.017241379310344827}, "14": {"num": 4, "%": 0.012307692307692308}, "17": {"num": 3, "%": 0.015151515151515152}, "18": {"num": 7, "%": 0.017369727047146403}, "22": {"num": 3, "%": 0.010033444816053512}, "23": {"num": 3, "%": 0.06666666666666667}, "24": {"num": 4, "%": 0.023809523809523808}, "26": {"num": 2, "%": 0.16666666666666666}, "28": {"num": 1, "%": 0.011904761904761904}, "29": {"num": 7, "%": 0.022364217252396165}, "30": {"num": 1, "%": 0.02564102564102564}, "32": {"num": 2, "%": 0.044444444444444446}}}, "2": {"num": 83, "community_belong": {"0": {"num": 3, "%": 0.008174386920980926}, "1": {"num": 10, "%": 0.0029472443265546712}, "2": {"num": 15, "%": 0.010217983651226158}, "3": {"num": 2, "%": 0.009569377990430622}, "6": {"num": 3, "%": 0.00395778364116095}, "8": {"num": 1, "%": 0.0015748031496062992}, "9": {"num": 2, "%": 0.010752688172043012}, "11": {"num": 2, "%": 0.004405286343612335}, "14": {"num": 1, "%": 0.003076923076923077}, "18": {"num": 2, "%": 0.004962779156327543}, "19": {"num": 1, "%": 0.043478260869565216}, "21": {"num": 1, "%": 0.009259259259259259}, "28": {"num": 1, "%": 0.011904761904761904}, "29": {"num": 2, "%": 0.006389776357827476}}}, "3": {"num": 83, "community_belong": {"0": {"num": 1, "%": 0.0027247956403269754}, "1": {"num": 3, "%": 0.0008841732979664014}, "2": {"num": 8, "%": 0.005449591280653951}, "3": {"num": 4, "%": 0.019138755980861243}, "4": {"num": 2, "%": 0.004454342984409799}, "8": {"num": 3, "%": 0.004724409448818898}, "11": {"num": 2, "%": 0.004405286343612335}, "14": {"num": 4, "%": 0.012307692307692308}, "15": {"num": 1, "%": 0.0035842293906810036}, "16": {"num": 1, "%": 0.005405405405405406}, "21": {"num": 1, "%": 0.009259259259259259}, "22": {"num": 1, "%": 0.0033444816053511705}, "24": {"num": 2, "%": 0.011904761904761904}}}, "4": {"num": 37, "community_belong": {"0": {"num": 1, "%": 0.0027247956403269754}, "1": {"num": 3, "%": 0.0008841732979664014}, "2": {"num": 4, "%": 0.0027247956403269754}, "4": {"num": 5, "%": 0.011135857461024499}, "6": {"num": 2, "%": 0.002638522427440633}, "7": {"num": 1, "%": 0.002976190476190476}, "8": {"num": 1, "%": 0.0015748031496062992}, "14": {"num": 1, "%": 0.003076923076923077}, "29": {"num": 1, "%": 0.003194888178913738}}}, "5": {"num": 253, "community_belong": {"0": {"num": 5, "%": 0.013623978201634877}, "1": {"num": 33, "%": 0.009725906277630416}, "2": {"num": 10, "%": 0.006811989100817439}, "3": {"num": 9, "%": 0.0430622009569378}, "4": {"num": 2, "%": 0.004454342984409799}, "6": {"num": 8, "%": 0.010554089709762533}, "7": {"num": 3, "%": 0.008928571428571428}, "8": {"num": 7, "%": 0.011023622047244094}, "9": {"num": 1, "%": 0.005376344086021506}, "10": {"num": 1, "%": 0.01282051282051282}, "11": {"num": 7, "%": 0.015418502202643172}, "12": {"num": 1, "%": 0.04}, "13": {"num": 2, "%": 0.011494252873563218}, "14": {"num": 7, "%": 0.021538461538461538}, "17": {"num": 1, "%": 0.005050505050505051}, "18": {"num": 1, "%": 0.0024813895781637717}, "22": {"num": 8, "%": 0.026755852842809364}, "24": {"num": 3, "%": 0.017857142857142856}, "25": {"num": 1, "%": 0.041666666666666664}, "28": {"num": 1, "%": 0.011904761904761904}, "29": {"num": 2, "%": 0.006389776357827476}, "30": {"num": 1, "%": 0.02564102564102564}, "32": {"num": 1, "%": 0.022222222222222223}}}, "6": {"num": 227, "community_belong": {"0": {"num": 3, "%": 0.008174386920980926}, "1": {"num": 18, "%": 0.005305039787798408}, "2": {"num": 17, "%": 0.011580381471389645}, "3": {"num": 6, "%": 0.028708133971291867}, "4": {"num": 2, "%": 0.004454342984409799}, "5": {"num": 1, "%": 0.017241379310344827}, "6": {"num": 8, "%": 0.010554089709762533}, "7": {"num": 3, "%": 0.008928571428571428}, "8": {"num": 2, "%": 0.0031496062992125984}, "9": {"num": 2, "%": 0.010752688172043012}, "11": {"num": 5, "%": 0.011013215859030838}, "12": {"num": 1, "%": 0.04}, "13": {"num": 1, "%": 0.005747126436781609}, "15": {"num": 2, "%": 0.007168458781362007}, "17": {"num": 1, "%": 0.005050505050505051}, "18": {"num": 2, "%": 0.004962779156327543}, "19": {"num": 1, "%": 0.043478260869565216}, "22": {"num": 11, "%": 0.03678929765886288}, "24": {"num": 1, "%": 0.005952380952380952}, "28": {"num": 1, "%": 0.011904761904761904}}}, "7": {"num": 43, "community_belong": {"0": {"num": 2, "%": 0.005449591280653951}, "1": {"num": 5, "%": 0.0014736221632773356}, "2": {"num": 3, "%": 0.0020435967302452314}, "6": {"num": 2, "%": 0.002638522427440633}, "7": {"num": 1, "%": 0.002976190476190476}, "8": {"num": 1, "%": 0.0015748031496062992}, "9": {"num": 1, "%": 0.005376344086021506}, "10": {"num": 1, "%": 0.01282051282051282}, "12": {"num": 1, "%": 0.04}, "13": {"num": 1, "%": 0.005747126436781609}, "17": {"num": 1, "%": 0.005050505050505051}, "18": {"num": 1, "%": 0.0024813895781637717}, "21": {"num": 1, "%": 0.009259259259259259}, "29": {"num": 2, "%": 0.006389776357827476}}}, "8": {"num": 609, "community_belong": {"0": {"num": 13, "%": 0.035422343324250684}, "1": {"num": 60, "%": 0.01768346595932803}, "2": {"num": 37, "%": 0.025204359673024524}, "3": {"num": 20, "%": 0.09569377990430622}, "4": {"num": 7, "%": 0.015590200445434299}, "5": {"num": 9, "%": 0.15517241379310345}, "6": {"num": 26, "%": 0.03430079155672823}, "7": {"num": 11, "%": 0.03273809523809524}, "8": {"num": 13, "%": 0.02047244094488189}, "9": {"num": 4, "%": 0.021505376344086023}, "10": {"num": 2, "%": 0.02564102564102564}, "11": {"num": 11, "%": 0.024229074889867842}, "13": {"num": 3, "%": 0.017241379310344827}, "14": {"num": 8, "%": 0.024615384615384615}, "15": {"num": 4, "%": 0.014336917562724014}, "16": {"num": 4, "%": 0.021621621621621623}, "17": {"num": 7, "%": 0.03535353535353535}, "18": {"num": 6, "%": 0.01488833746898263}, "19": {"num": 1, "%": 0.043478260869565216}, "21": {"num": 4, "%": 0.037037037037037035}, "22": {"num": 2, "%": 0.006688963210702341}, "23": {"num": 2, "%": 0.044444444444444446}, "24": {"num": 4, "%": 0.023809523809523808}, "25": {"num": 1, "%": 0.041666666666666664}, "26": {"num": 1, "%": 0.08333333333333333}, "28": {"num": 2, "%": 0.023809523809523808}, "29": {"num": 7, "%": 0.022364217252396165}, "30": {"num": 1, "%": 0.02564102564102564}, "32": {"num": 2,