{"0": {"num": 122, "community_belong": {"0": {"num": 9, "%": 0.02452316076294278}, "1": {"num": 61, "%": 0.017978190391983496}, "2": {"num": 17, "%": 0.011580381471389645}, "4": {"num": 7, "%": 0.015590200445434299}, "6": {"num": 8, "%": 0.010554089709762533}, "7": {"num": 1, "%": 0.002976190476190476}, "8": {"num": 6, "%": 0.009448818897637795}, "10": {"num": 4, "%": 0.05128205128205128}, "13": {"num": 1, "%": 0.005747126436781609}, "14": {"num": 3, "%": 0.009230769230769232}, "15": {"num": 1, "%": 0.0035842293906810036}, "19": {"num": 1, "%": 0.043478260869565216}, "20": {"num": 1, "%": 0.07142857142857142}, "24": {"num": 1, "%": 0.005952380952380952}, "25": {"num": 1, "%": 0.041666666666666664}}}, "1": {"num": 201, "community_belong": {"0": {"num": 6, "%": 0.01634877384196185}, "1": {"num": 31, "%": 0.009136457412319481}, "2": {"num": 23, "%": 0.015667574931880108}, "4": {"num": 9, "%": 0.0200445434298441}, "5": {"num": 1, "%": 0.017241379310344827}, "6": {"num": 5, "%": 0.006596306068601583}, "7": {"num": 1, "%": 0.002976190476190476}, "8": {"num": 15, "%": 0.023622047244094488}, "10": {"num": 1, "%": 0.01282051282051282}, "11": {"num": 3, "%": 0.006607929515418502}, "13": {"num": 5, "%": 0.028735632183908046}, "14": {"num": 90, "%": 0.27692307692307694}, "16": {"num": 1, "%": 0.005405405405405406}, "17": {"num": 6, "%": 0.030303030303030304}, "18": {"num": 1, "%": 0.0024813895781637717}, "19": {"num": 1, "%": 0.043478260869565216}, "22": {"num": 1, "%": 0.0033444816053511705}, "28": {"num": 1, "%": 0.011904761904761904}}}, "2": {"num": 334, "community_belong": {"0": {"num": 8, "%": 0.021798365122615803}, "1": {"num": 8, "%": 0.002357795461243737}, "2": {"num": 274, "%": 0.18664850136239783}, "4": {"num": 3, "%": 0.0066815144766146995}, "6": {"num": 2, "%": 0.002638522427440633}, "8": {"num": 1, "%": 0.0015748031496062992}, "9": {"num": 13, "%": 0.06989247311827956}, "11": {"num": 3, "%": 0.006607929515418502}, "12": {"num": 1, "%": 0.04}, "13": {"num": 1, "%": 0.005747126436781609}, "14": {"num": 2, "%": 0.006153846153846154}, "15": {"num": 8, "%": 0.02867383512544803}, "16": {"num": 1, "%": 0.005405405405405406}, "17": {"num": 1, "%": 0.005050505050505051}, "18": {"num": 1, "%": 0.0024813895781637717}, "21": {"num": 3, "%": 0.027777777777777776}, "23": {"num": 1, "%": 0.022222222222222223}, "24": {"num": 2, "%": 0.011904761904761904}, "30": {"num": 1, "%": 0.02564102564102564}}}, "3": {"num": 104, "community_belong": {"2": {"num": 79, "%": 0.05381471389645776}, "6": {"num": 2, "%": 0.002638522427440633}, "9": {"num": 1, "%": 0.005376344086021506}, "11": {"num": 5, "%": 0.011013215859030838}, "15": {"num": 1, "%": 0.0035842293906810036}, "18": {"num": 2, "%": 0.004962779156327543}, "21": {"num": 4, "%": 0.037037037037037035}, "23": {"num": 1, "%": 0.022222222222222223}, "24": {"num": 2, "%": 0.011904761904761904}, "26": {"num": 1, "%": 0.08333333333333333}, "27": {"num": 5, "%": 0.7142857142857143}, "28": {"num": 1, "%": 0.011904761904761904}}}, "4": {"num": 81, "community_belong": {"0": {"num": 6, "%": 0.01634877384196185}, "1": {"num": 27, "%": 0.007957559681697613}, "2": {"num": 28, "%": 0.01907356948228883}, "4": {"num": 6, "%": 0.013363028953229399}, "6": {"num": 2, "%": 0.002638522427440633}, "7": {"num": 2, "%": 0.005952380952380952}, "8": {"num": 2, "%": 0.0031496062992125984}, "9": {"num": 1, "%": 0.005376344086021506}, "11": {"num": 4, "%": 0.00881057268722467}, "16": {"num": 1, "%": 0.005405405405405406}, "22": {"num": 1, "%": 0.0033444816053511705}, "23": {"num": 1, "%": 0.022222222222222223}}}, "5": {"num": 55, "community_belong": {"0": {"num": 1, "%": 0.0027247956403269754}, "1": {"num": 4, "%": 0.0011788977306218685}, "2": {"num": 3, "%": 0.0020435967302452314}, "4": {"num": 1, "%": 0.0022271714922048997}, "7": {"num": 8, "%": 0.023809523809523808}, "11": {"num": 6, "%": 0.013215859030837005}, "14": {"num": 2, "%": 0.006153846153846154}, "16": {"num": 30, "%": 0.16216216216216217}}}, "6": {"num": 89, "community_belong": {"0": {"num": 2, "%": 0.005449591280653951}, "1": {"num": 51, "%": 0.015030946065428824}, "2": {"num": 3, "%": 0.0020435967302452314}, "3": {"num": 3, "%": 0.014354066985645933}, "4": {"num": 13, "%": 0.028953229398663696}, "8": {"num": 6, "%": 0.009448818897637795}, "13": {"num": 2, "%": 0.011494252873563218}, "14": {"num": 2, "%": 0.006153846153846154}, "16": {"num": 1, "%": 0.005405405405405406}, "17": {"num": 6, "%": 0.030303030303030304}}}, "7": {"num": 89, "community_belong": {"1": {"num": 9, "%": 0.002652519893899204}, "2": {"num": 3, "%": 0.0020435967302452314}, "3": {"num": 1, "%": 0.004784688995215311}, "4": {"num": 1, "%": 0.0022271714922048997}, "6": {"num": 5, "%": 0.006596306068601583}, "8": {"num": 59, "%": 0.09291338582677165}, "11": {"num": 4, "%": 0.00881057268722467}, "13": {"num": 2, "%": 0.011494252873563218}, "14": {"num": 2, "%": 0.006153846153846154}, "16": {"num": 1, "%": 0.005405405405405406}, "22": {"num": 2, "%": 0.006688963210702341}}}, "8": {"num": 441, "community_belong": {"0": {"num": 18, "%": 0.04904632152588556}, "1": {"num": 287, "%": 0.08458591217211907}, "2": {"num": 9, "%": 0.006130790190735695}, "3": {"num": 7, "%": 0.03349282296650718}, "4": {"num": 8, "%": 0.017817371937639197}, "5": {"num": 6, "%": 0.10344827586206896}, "6": {"num": 11, "%": 0.014511873350923483}, "7": {"num": 8, "%": 0.023809523809523808}, "8": {"num": 16, "%": 0.025196850393700787}, "10": {"num": 5, "%": 0.0641025641025641}, "11": {"num": 19, "%": 0.04185022026431718}, "13": {"num": 7, "%": 0.040229885057471264}, "14": {"num": 4, "%": 0.012307692307692308}, "16": {"num": 9, "%": 0.04864864864864865}, "17": {"num": 15, "%": 0.07575757575757576}, "19": {"num": 2, "%": 0.08695652173913043}, "20": {"num": 1, "%": 0.07142857142857142}, "21": {"num": 1, "%": 0.009259259259259259}, "22": {"num": 1, "%": 0.0033444816053511705}, "24": {"num": 1, "%": 0.005952380952380952}, "28": {"num": 3, "%": 0.03571428571428571}, "29": {"num": 1, "%": 0.003194888178913738}, "30": {"num": 2, "%": 0.05128205128205128}}}, "9": {"num": 39, "community_belong": {"4": {"num": 1, "%": 0.0022271714922048997}, "6": {"num": 1, "%": 0.0013192612137203166}, "22": {"num": 37, "%": 0.12374581939799331}}}, "10": {"num": 70, "community_belong": {"0": {"num": 1, "%": 0.0027247956403269754}, "2": {"num": 7, "%": 0.004768392370572207}, "4": {"num": 52, "%": 0.11581291759465479}, "6": {"num": 9, "%": 0.011873350923482849}, "8": {"num": 1, "%": 0.0015748031496062992}}}, "11": {"num": 26, "community_belong": {"0": {"num": 2, "%": 0.005449591280653951}, "11": {"num": 1, "%": 0.0022026431718061676}, "14": {"num": 7, "%": 0.021538461538461538}, "24": {"num": 16, "%": 0.09523809523809523}}}, "12": {"num": 11, "community_belong": {"6": {"num": 11, "%": 0.014511873350923483}}}, "13": {"num": 14, "community_belong": {"2": {"num": 14, "%": 0.009536784741144414}}}}