{"0": {"num": 957, "community_belong": {"0": {"num": 48, "%": 0.1307901907356948}, "1": {"num": 30, "%": 0.008841732979664015}, "2": {"num": 758, "%": 0.5163487738419619}, "3": {"num": 2, "%": 0.009569377990430622}, "4": {"num": 8, "%": 0.017817371937639197}, "6": {"num": 1, "%": 0.0013192612137203166}, "7": {"num": 1, "%": 0.002976190476190476}, "8": {"num": 12, "%": 0.01889763779527559}, "9": {"num": 2, "%": 0.010752688172043012}, "11": {"num": 7, "%": 0.015418502202643172}, "14": {"num": 8, "%": 0.024615384615384615}, "15": {"num": 20, "%": 0.07168458781362007}, "17": {"num": 1, "%": 0.005050505050505051}, "18": {"num": 9, "%": 0.022332506203473945}, "21": {"num": 7, "%": 0.06481481481481481}, "23": {"num": 4, "%": 0.08888888888888889}, "24": {"num": 28, "%": 0.16666666666666666}, "27": {"num": 4, "%": 0.5714285714285714}, "30": {"num": 2, "%": 0.05128205128205128}, "32": {"num": 5, "%": 0.1111111111111111}}}, "1": {"num": 211, "community_belong": {"0": {"num": 2, "%": 0.005449591280653951}, "1": {"num": 136, "%": 0.04008252284114353}, "10": {"num": 11, "%": 0.14102564102564102}, "16": {"num": 1, "%": 0.005405405405405406}, "17": {"num": 54, "%": 0.2727272727272727}, "20": {"num": 7, "%": 0.5}}}, "2": {"num": 1406, "community_belong": {"0": {"num": 22, "%": 0.05994550408719346}, "1": {"num": 1158, "%": 0.34129089301503096}, "2": {"num": 2, "%": 0.0013623978201634877}, "3": {"num": 2, "%": 0.009569377990430622}, "4": {"num": 74, "%": 0.16481069042316257}, "5": {"num": 4, "%": 0.06896551724137931}, "7": {"num": 10, "%": 0.02976190476190476}, "8": {"num": 46, "%": 0.07244094488188976}, "10": {"num": 20, "%": 0.2564102564102564}, "11": {"num": 4, "%": 0.00881057268722467}, "13": {"num": 8, "%": 0.04597701149425287}, "14": {"num": 5, "%": 0.015384615384615385}, "16": {"num": 5, "%": 0.02702702702702703}, "17": {"num": 32, "%": 0.16161616161616163}, "19": {"num": 2, "%": 0.08695652173913043}, "25": {"num": 6, "%": 0.25}, "29": {"num": 2, "%": 0.006389776357827476}, "33": {"num": 4, "%": 0.8}}}, "3": {"num": 330, "community_belong": {"0": {"num": 17, "%": 0.04632152588555858}, "1": {"num": 50, "%": 0.014736221632773357}, "2": {"num": 7, "%": 0.004768392370572207}, "4": {"num": 9, "%": 0.0200445434298441}, "6": {"num": 2, "%": 0.002638522427440633}, "8": {"num": 182, "%": 0.2866141732283465}, "10": {"num": 11, "%": 0.14102564102564102}, "11": {"num": 3, "%": 0.006607929515418502}, "13": {"num": 13, "%": 0.07471264367816093}, "14": {"num": 12, "%": 0.036923076923076927}, "16": {"num": 12, "%": 0.06486486486486487}, "17": {"num": 3, "%": 0.015151515151515152}, "18": {"num": 2, "%": 0.004962779156327543}, "19": {"num": 1, "%": 0.043478260869565216}, "25": {"num": 6, "%": 0.25}}}, "4": {"num": 60, "community_belong": {"1": {"num": 2, "%": 0.0005894488653109342}, "2": {"num": 1, "%": 0.0006811989100817438}, "24": {"num": 57, "%": 0.3392857142857143}}}, "5": {"num": 229, "community_belong": {"0": {"num": 1, "%": 0.0027247956403269754}, "2": {"num": 12, "%": 0.008174386920980926}, "4": {"num": 2, "%": 0.004454342984409799}, "9": {"num": 17, "%": 0.0913978494623656}, "15": {"num": 183, "%": 0.6559139784946236}, "23": {"num": 11, "%": 0.24444444444444444}, "29": {"num": 3, "%": 0.009584664536741214}}}, "6": {"num": 580, "community_belong": {"0": {"num": 17, "%": 0.04632152588555858}, "1": {"num": 419, "%": 0.12348953728264073}, "2": {"num": 5, "%": 0.0034059945504087193}, "4": {"num": 22, "%": 0.04899777282850779}, "6": {"num": 6, "%": 0.0079155672823219}, "7": {"num": 2, "%": 0.005952380952380952}, "8": {"num": 15, "%": 0.023622047244094488}, "10": {"num": 2, "%": 0.02564102564102564}, "11": {"num": 2, "%": 0.004405286343612335}, "13": {"num": 8, "%": 0.04597701149425287}, "14": {"num": 38, "%": 0.11692307692307692}, "16": {"num": 32, "%": 0.17297297297297298}, "17": {"num": 10, "%": 0.050505050505050504}, "20": {"num": 1, "%": 0.07142857142857142}, "25": {"num": 1, "%": 0.041666666666666664}}}, "7": {"num": 115, "community_belong": {"0": {"num": 61, "%": 0.16621253405994552}, "2": {"num": 1, "%": 0.0006811989100817438}, "16": {"num": 53, "%": 0.2864864864864865}}}, "8": {"num": 217, "community_belong": {"0": {"num": 35, "%": 0.09536784741144415}, "1": {"num": 23, "%": 0.006778661951075744}, "6": {"num": 6, "%": 0.0079155672823219}, "8": {"num": 146, "%": 0.22992125984251968}, "13": {"num": 5, "%": 0.028735632183908046}, "14": {"num": 1, "%": 0.003076923076923077}, "22": {"num": 1, "%": 0.0033444816053511705}}}, "9": {"num": 294, "community_belong": {"1": {"num": 18, "%": 0.005305039787798408}, "2": {"num": 1, "%": 0.0006811989100817438}, "4": {"num": 3, "%": 0.0066815144766146995}, "5": {"num": 1, "%": 0.017241379310344827}, "6": {"num": 2, "%": 0.002638522427440633}, "8": {"num": 149, "%": 0.2346456692913386}, "11": {"num": 1, "%": 0.0022026431718061676}, "13": {"num": 8, "%": 0.04597701149425287}, "14": {"num": 109, "%": 0.3353846153846154}, "17": {"num": 1, "%": 0.005050505050505051}, "19": {"num": 1, "%": 0.043478260869565216}}}, "10": {"num": 622, "community_belong": {"0": {"num": 1, "%": 0.0027247956403269754}, "2": {"num": 4, "%": 0.0027247956403269754}, "4": {"num": 6, "%": 0.013363028953229399}, "6": {"num": 596, "%": 0.7862796833773087}, "8": {"num": 1, "%": 0.0015748031496062992}, "9": {"num": 1, "%": 0.005376344086021506}, "11": {"num": 9, "%": 0.019823788546255508}, "18": {"num": 2, "%": 0.004962779156327543}, "22": {"num": 2, "%": 0.006688963210702341}}}, "11": {"num": 208, "community_belong": {"1": {"num": 1, "%": 0.0002947244326554671}, "2": {"num": 3, "%": 0.0020435967302452314}, "10": {"num": 5, "%": 0.0641025641025641}, "11": {"num": 15, "%": 0.03303964757709251}, "18": {"num": 145, "%": 0.3598014888337469}, "28": {"num": 1, "%": 0.011904761904761904}, "29": {"num": 7, "%": 0.022364217252396165}, "30": {"num": 31, "%": 0.7948717948717948}}}, "12": {"num": 258, "community_belong": {"2": {"num": 2, "%": 0.0013623978201634877}, "17": {"num": 2, "%": 0.010101010101010102}, "18": {"num": 27, "%": 0.06699751861042183}, "29": {"num": 227, "%": 0.7252396166134185}}}, "13": {"num": 148, "community_belong": {"0": {"num": 1, "%": 0.0027247956403269754}, "3": {"num": 119, "%": 0.569377990430622}, "4": {"num": 12, "%": 0.026726057906458798}, "5": {"num": 16, "%": 0.27586206896551724}}}, "14": {"num": 156, "community_belong": {"0": {"num": 3, "%": 0.008174386920980926}, "4": {"num": 133, "%": 0.2962138084632517}, "6": {"num": 2, "%": 0.002638522427440633}, "10": {"num": 10, "%": 0.1282051282051282}, "11": {"num": 1, "%": 0.0022026431718061676}, "13": {"num": 1, "%": 0.005747126436781609}, "29": {"num": 6, "%": 0.019169329073482427}}}, "15": {"num": 372, "community_belong": {"1": {"num": 12, "%": 0.0035366931918656055}, "2": {"num": 7, "%": 0.004768392370572207}, "4": {"num": 17, "%": 0.0378619153674833}, "5": {"num": 8, "%": 0.13793103448275862}, "6": {"num": 9, "%": 0.011873350923482849}, "7": {"num": 2, "%": 0.005952380952380952}, "9": {"num": 8, "%": 0.043010752688172046}, "11": {"num": 295, "%": 0.6497797356828194}, "14": {"num": 1, "%": 0.003076923076923077}, "15": {"num": 1, "%": 0.0035842293906810036}, "18": {"num": 5, "%": 0.01240694789081886}, "28": {"num": 2, "%": 0.023809523809523808}, "29": {"num": 3, "%": 0.009584664536741214}, "32": {"num": 2, "%": 0.044444444444444446}}}, "16": {"num": 203, "community_belong": {"7": {"num": 190, "%": 0.5654761904761905}, "11": {"num": 13, "%": 0.028634361233480177}}}, "17": {"num": 102, "community_belong": {"18": {"num": 98, "%": 0.24317617866004962}, "32": {"num": 4, "%": 0.08888888888888889}}}, "18": {"num": 172, "community_belong": {"0": {"num": 32, "%": 0.08719346049046321}, "1": {"num": 29, "%": 0.008547008547008548}, "2": {"num": 5, "%": 0.0034059945504087193}, "4": {"num": 2, "%": 0.004454342984409799}, "8": {"num": 8, "%": 0.012598425196850394}, "11": {"num": 4, "%": 0.00881057268722467}, "13": {"num": 90, "%": 0.5172413793103449}, "19": {"num": 2, "%": 0.08695652173913043}}}, "19": {"num": 145,