{"0": {"num": 24, "community_belong": {"0": {"num": 9, "%": 0.02452316076294278}, "1": {"num": 1, "%": 0.0002947244326554671}, "3": {"num": 14, "%": 0.06698564593301436}}}, "1": {"num": 324, "community_belong": {"0": {"num": 18, "%": 0.04904632152588556}, "1": {"num": 15, "%": 0.004420866489832007}, "2": {"num": 232, "%": 0.15803814713896458}, "3": {"num": 2, "%": 0.009569377990430622}, "4": {"num": 2, "%": 0.004454342984409799}, "6": {"num": 1, "%": 0.0013192612137203166}, "7": {"num": 2, "%": 0.005952380952380952}, "8": {"num": 2, "%": 0.0031496062992125984}, "9": {"num": 6, "%": 0.03225806451612903}, "10": {"num": 3, "%": 0.038461538461538464}, "11": {"num": 6, "%": 0.013215859030837005}, "12": {"num": 1, "%": 0.04}, "13": {"num": 5, "%": 0.028735632183908046}, "14": {"num": 1, "%": 0.003076923076923077}, "15": {"num": 12, "%": 0.043010752688172046}, "16": {"num": 2, "%": 0.010810810810810811}, "18": {"num": 2, "%": 0.004962779156327543}, "22": {"num": 2, "%": 0.006688963210702341}, "23": {"num": 2, "%": 0.044444444444444446}, "24": {"num": 7, "%": 0.041666666666666664}, "31": {"num": 1, "%": 0.125}}}, "2": {"num": 7, "community_belong": {"2": {"num": 7, "%": 0.004768392370572207}}}, "3": {"num": 77, "community_belong": {"0": {"num": 1, "%": 0.0027247956403269754}, "1": {"num": 10, "%": 0.0029472443265546712}, "3": {"num": 7, "%": 0.03349282296650718}, "4": {"num": 31, "%": 0.06904231625835189}, "5": {"num": 3, "%": 0.05172413793103448}, "6": {"num": 2, "%": 0.002638522427440633}, "8": {"num": 14, "%": 0.02204724409448819}, "11": {"num": 2, "%": 0.004405286343612335}, "13": {"num": 1, "%": 0.005747126436781609}, "16": {"num": 1, "%": 0.005405405405405406}, "17": {"num": 2, "%": 0.010101010101010102}, "18": {"num": 3, "%": 0.007444168734491315}}}, "4": {"num": 545, "community_belong": {"0": {"num": 20, "%": 0.05449591280653951}, "1": {"num": 362, "%": 0.1066902446212791}, "2": {"num": 6, "%": 0.004087193460490463}, "4": {"num": 2, "%": 0.004454342984409799}, "5": {"num": 3, "%": 0.05172413793103448}, "7": {"num": 3, "%": 0.008928571428571428}, "8": {"num": 54, "%": 0.08503937007874016}, "10": {"num": 10, "%": 0.1282051282051282}, "11": {"num": 5, "%": 0.011013215859030838}, "13": {"num": 13, "%": 0.07471264367816093}, "14": {"num": 10, "%": 0.03076923076923077}, "16": {"num": 23, "%": 0.12432432432432433}, "17": {"num": 27, "%": 0.13636363636363635}, "18": {"num": 2, "%": 0.004962779156327543}, "22": {"num": 1, "%": 0.0033444816053511705}, "25": {"num": 3, "%": 0.125}, "29": {"num": 1, "%": 0.003194888178913738}}}, "5": {"num": 92, "community_belong": {"2": {"num": 39, "%": 0.02656675749318801}, "8": {"num": 2, "%": 0.0031496062992125984}, "9": {"num": 23, "%": 0.12365591397849462}, "11": {"num": 6, "%": 0.013215859030837005}, "12": {"num": 3, "%": 0.12}, "18": {"num": 2, "%": 0.004962779156327543}, "23": {"num": 4, "%": 0.08888888888888889}, "24": {"num": 12, "%": 0.07142857142857142}, "28": {"num": 1, "%": 0.011904761904761904}}}, "6": {"num": 131, "community_belong": {"1": {"num": 1, "%": 0.0002947244326554671}, "4": {"num": 2, "%": 0.004454342984409799}, "5": {"num": 4, "%": 0.06896551724137931}, "6": {"num": 32, "%": 0.04221635883905013}, "7": {"num": 10, "%": 0.02976190476190476}, "11": {"num": 44, "%": 0.09691629955947137}, "13": {"num": 2, "%": 0.011494252873563218}, "18": {"num": 2, "%": 0.004962779156327543}, "22": {"num": 28, "%": 0.09364548494983277}, "28": {"num": 4, "%": 0.047619047619047616}, "32": {"num": 2, "%": 0.044444444444444446}}}, "7": {"num": 156, "community_belong": {"2": {"num": 1, "%": 0.0006811989100817438}, "4": {"num": 47, "%": 0.10467706013363029}, "6": {"num": 95, "%": 0.12532981530343007}, "8": {"num": 1, "%": 0.0015748031496062992}, "11": {"num": 3, "%": 0.006607929515418502}, "13": {"num": 9, "%": 0.05172413793103448}}}, "8": {"num": 10, "community_belong": {"18": {"num": 2, "%": 0.004962779156327543}, "29": {"num": 8, "%": 0.025559105431309903}}}, "9": {"num": 24, "community_belong": {"29": {"num": 24, "%": 0.07667731629392971}}}, "10": {"num": 47, "community_belong": {"2": {"num": 3, "%": 0.0020435967302452314}, "7": {"num": 44, "%": 0.13095238095238096}}}, "11": {"num": 26, "community_belong": {"18": {"num": 26, "%": 0.06451612903225806}}}, "12": {"num": 67, "community_belong": {"0": {"num": 3, "%": 0.008174386920980926}, "1": {"num": 47, "%": 0.013852048334806955}, "2": {"num": 2, "%": 0.0013623978201634877}, "4": {"num": 1, "%": 0.0022271714922048997}, "8": {"num": 1, "%": 0.0015748031496062992}, "13": {"num": 2, "%": 0.011494252873563218}, "14": {"num": 2, "%": 0.006153846153846154}, "19": {"num": 6, "%": 0.2608695652173913}, "20": {"num": 3, "%": 0.21428571428571427}}}, "13": {"num": 2, "community_belong": {"18": {"num": 2, "%": 0.004962779156327543}}}, "14": {"num": 20, "community_belong": {"6": {"num": 1, "%": 0.0013192612137203166}, "18": {"num": 14, "%": 0.034739454094292806}, "28": {"num": 1, "%": 0.011904761904761904}, "30": {"num": 4, "%": 0.10256410256410256}}}, "15": {"num": 38, "community_belong": {"15": {"num": 33, "%": 0.11827956989247312}, "18": {"num": 4, "%": 0.009925558312655087}, "23": {"num": 1, "%": 0.022222222222222223}}}, "16": {"num": 34, "community_belong": {"0": {"num": 1, "%": 0.0027247956403269754}, "1": {"num": 3, "%": 0.0008841732979664014}, "4": {"num": 5, "%": 0.011135857461024499}, "6": {"num": 1, "%": 0.0013192612137203166}, "14": {"num": 23, "%": 0.07076923076923076}, "16": {"num": 1, "%": 0.005405405405405406}}}, "17": {"num": 2, "community_belong": {"27": {"num": 2, "%": 0.2857142857142857}}}, "18": {"num": 3, "community_belong": {"14": {"num": 3, "%": 0.009230769230769232}}}, "19": {"num": 2, "community_belong": {"12": {"num": 2, "%": 0.08}}}, "20": {"num": 2, "community_belong": {"32": {"num": 2, "%": 0.044444444444444446}}}, "21": {"num": 10, "community_belong": {"21": {"num": 10, "%": 0.09259259259259259}}}, "22": {"num": 5, "community_belong": {"2": {"num": 2, "%": 0.0013623978201634877}, "18": {"num": 3, "%": 0.007444168734491315}}}, "23": {"num": 3, "community_belong": {"28": {"num": 3, "%": 0.03571428571428571}}}, "24": {"num": 2, "community_belong": {"18": {"num": 2, "%": 0.004962779156327543}}}, "25": {"num": 3, "community_belong": {"26": {"num": 3, "%": 0.25}}}, "26": {"num": 2, "community_belong": {"29": {"num": 2, "%": 0.006389776357827476}}}, "27": {"num": 2, "community_belong": {"18": {"num": 2, "%": 0.004962779156327543}}}, "28": {"num": 2, "community_belong": {"32": {"num": 2, "%": 0.044444444444444446}}}, "29": {"num": 2, "community_belong": {"2": {"num": 2, "%": 0.0013623978201634877}}}, "30": {"num": 4, "community_belong": {"8": {"num": 4, "%": 0.006299212598425197}}}, "31": {"num": 2, "community_belong": {"0": {"num": 2, "%": 0.005449591280653951}}}, "32": {"num": 2, "community_belong": {"2": {"num": 2, "%": 0.0013623978201634877}}}, "33": {"num": 2, "community_belong": {"11": {"num": 2, "%": 0.004405286343612335}}}, "34": {"num": 2, "community_belong": {"11": {"num": 2, "%": 0.004405286343612335}}}}