{"0": {"num": 96, "community_belong": {"0": {"num": 2, "%": 0.005449591280653951}, "1": {"num": 3, "%": 0.0008841732979664014}, "2": {"num": 8, "%": 0.005449591280653951}, "3": {"num": 1, "%": 0.004784688995215311}, "4": {"num": 1, "%": 0.0022271714922048997}, "6": {"num": 4, "%": 0.005277044854881266}, "9": {"num": 1, "%": 0.005376344086021506}, "11": {"num": 1, "%": 0.0022026431718061676}, "14": {"num": 2, "%": 0.006153846153846154}, "17": {"num": 1, "%": 0.005050505050505051}, "18": {"num": 1, "%": 0.0024813895781637717}, "23": {"num": 1, "%": 0.022222222222222223}}}, "1": {"num": 314, "community_belong": {"0": {"num": 8, "%": 0.021798365122615803}, "1": {"num": 32, "%": 0.009431181844974948}, "2": {"num": 7, "%": 0.004768392370572207}, "3": {"num": 4, "%": 0.019138755980861243}, "4": {"num": 8, "%": 0.017817371937639197}, "5": {"num": 6, "%": 0.10344827586206896}, "6": {"num": 12, "%": 0.0158311345646438}, "7": {"num": 1, "%": 0.002976190476190476}, "8": {"num": 5, "%": 0.007874015748031496}, "11": {"num": 7, "%": 0.015418502202643172}, "14": {"num": 6, "%": 0.018461538461538463}, "15": {"num": 2, "%": 0.007168458781362007}, "16": {"num": 1, "%": 0.005405405405405406}, "17": {"num": 2, "%": 0.010101010101010102}, "18": {"num": 3, "%": 0.007444168734491315}, "19": {"num": 1, "%": 0.043478260869565216}, "21": {"num": 1, "%": 0.009259259259259259}, "22": {"num": 1, "%": 0.0033444816053511705}, "24": {"num": 3, "%": 0.017857142857142856}, "29": {"num": 5, "%": 0.01597444089456869}, "30": {"num": 2, "%": 0.05128205128205128}}}, "2": {"num": 68, "community_belong": {"0": {"num": 2, "%": 0.005449591280653951}, "1": {"num": 11, "%": 0.0032419687592101384}, "3": {"num": 1, "%": 0.004784688995215311}, "4": {"num": 2, "%": 0.004454342984409799}, "6": {"num": 1, "%": 0.0013192612137203166}, "7": {"num": 2, "%": 0.005952380952380952}, "11": {"num": 3, "%": 0.006607929515418502}, "14": {"num": 1, "%": 0.003076923076923077}, "16": {"num": 2, "%": 0.010810810810810811}, "24": {"num": 1, "%": 0.005952380952380952}, "29": {"num": 1, "%": 0.003194888178913738}}}, "3": {"num": 117, "community_belong": {"0": {"num": 3, "%": 0.008174386920980926}, "1": {"num": 6, "%": 0.0017683465959328027}, "2": {"num": 12, "%": 0.008174386920980926}, "3": {"num": 2, "%": 0.009569377990430622}, "4": {"num": 2, "%": 0.004454342984409799}, "6": {"num": 6, "%": 0.0079155672823219}, "8": {"num": 1, "%": 0.0015748031496062992}, "9": {"num": 1, "%": 0.005376344086021506}, "11": {"num": 2, "%": 0.004405286343612335}, "12": {"num": 1, "%": 0.04}, "14": {"num": 1, "%": 0.003076923076923077}, "15": {"num": 1, "%": 0.0035842293906810036}, "18": {"num": 2, "%": 0.004962779156327543}, "22": {"num": 3, "%": 0.010033444816053512}, "23": {"num": 2, "%": 0.044444444444444446}, "24": {"num": 1, "%": 0.005952380952380952}, "28": {"num": 1, "%": 0.011904761904761904}}}, "4": {"num": 54, "community_belong": {"0": {"num": 1, "%": 0.0027247956403269754}, "1": {"num": 3, "%": 0.0008841732979664014}, "2": {"num": 6, "%": 0.004087193460490463}, "6": {"num": 2, "%": 0.002638522427440633}, "7": {"num": 1, "%": 0.002976190476190476}, "10": {"num": 3, "%": 0.038461538461538464}, "11": {"num": 2, "%": 0.004405286343612335}, "30": {"num": 1, "%": 0.02564102564102564}}}, "5": {"num": 91, "community_belong": {"0": {"num": 6, "%": 0.01634877384196185}, "1": {"num": 5, "%": 0.0014736221632773356}, "2": {"num": 5, "%": 0.0034059945504087193}, "3": {"num": 2, "%": 0.009569377990430622}, "4": {"num": 1, "%": 0.0022271714922048997}, "6": {"num": 2, "%": 0.002638522427440633}, "8": {"num": 1, "%": 0.0015748031496062992}, "10": {"num": 1, "%": 0.01282051282051282}, "14": {"num": 1, "%": 0.003076923076923077}, "18": {"num": 3, "%": 0.007444168734491315}, "21": {"num": 1, "%": 0.009259259259259259}, "22": {"num": 1, "%": 0.0033444816053511705}, "26": {"num": 1, "%": 0.08333333333333333}, "29": {"num": 7, "%": 0.022364217252396165}}}, "6": {"num": 300, "community_belong": {"0": {"num": 3, "%": 0.008174386920980926}, "1": {"num": 21, "%": 0.00618921308576481}, "2": {"num": 15, "%": 0.010217983651226158}, "3": {"num": 4, "%": 0.019138755980861243}, "4": {"num": 8, "%": 0.017817371937639197}, "5": {"num": 1, "%": 0.017241379310344827}, "6": {"num": 7, "%": 0.009234828496042216}, "7": {"num": 3, "%": 0.008928571428571428}, "8": {"num": 1, "%": 0.0015748031496062992}, "9": {"num": 2, "%": 0.010752688172043012}, "10": {"num": 1, "%": 0.01282051282051282}, "11": {"num": 5, "%": 0.011013215859030838}, "14": {"num": 2, "%": 0.006153846153846154}, "15": {"num": 1, "%": 0.0035842293906810036}, "18": {"num": 5, "%": 0.01240694789081886}, "22": {"num": 2, "%": 0.006688963210702341}, "24": {"num": 1, "%": 0.005952380952380952}, "28": {"num": 1, "%": 0.011904761904761904}, "29": {"num": 6, "%": 0.019169329073482427}}}, "7": {"num": 89, "community_belong": {"0": {"num": 4, "%": 0.010899182561307902}, "1": {"num": 6, "%": 0.0017683465959328027}, "2": {"num": 7, "%": 0.004768392370572207}, "3": {"num": 7, "%": 0.03349282296650718}, "5": {"num": 1, "%": 0.017241379310344827}, "6": {"num": 2, "%": 0.002638522427440633}, "11": {"num": 5, "%": 0.011013215859030838}, "15": {"num": 2, "%": 0.007168458781362007}}}, "8": {"num": 31, "community_belong": {"1": {"num": 4, "%": 0.0011788977306218685}, "2": {"num": 3, "%": 0.0020435967302452314}, "4": {"num": 1, "%": 0.0022271714922048997}, "6": {"num": 1, "%": 0.0013192612137203166}, "11": {"num": 1, "%": 0.0022026431718061676}, "14": {"num": 2, "%": 0.006153846153846154}, "18": {"num": 1, "%": 0.0024813895781637717}, "22": {"num": 1, "%": 0.0033444816053511705}, "29": {"num": 1, "%": 0.003194888178913738}, "33": {"num": 1, "%": 0.2}}}, "9": {"num": 77, "community_belong": {"0": {"num": 3, "%": 0.008174386920980926}, "1": {"num": 4, "%": 0.0011788977306218685}, "2": {"num": 3, "%": 0.0020435967302452314}, "3": {"num": 5, "%": 0.023923444976076555}, "5": {"num": 1, "%": 0.017241379310344827}, "6": {"num": 4, "%": 0.005277044854881266}, "11": {"num": 2, "%": 0.004405286343612335}, "13": {"num": 1, "%": 0.005747126436781609}, "14": {"num": 1, "%": 0.003076923076923077}, "17": {"num": 1, "%": 0.005050505050505051}, "18": {"num": 2, "%": 0.004962779156327543}, "19": {"num": 1, "%": 0.043478260869565216}, "21": {"num": 1, "%": 0.009259259259259259}, "23": {"num": 1, "%": 0.022222222222222223}, "28": {"num": 1, "%": 0.011904761904761904}, "29": {"num": 1, "%": 0.003194888178913738}, "32": {"num": 1, "%": 0.022222222222222223}}}, "10": {"num": 49, "community_belong": {"1": {"num": 3, "%": 0.0008841732979664014}, "2": {"num": 2, "%": 0.0013623978201634877}, "3": {"num": 1, "%": 0.004784688995215311}, "5": {"num": 1, "%": 0.017241379310344827}, "6": {"num": 2, "%": 0.002638522427440633}, "7": {"num": 1, "%": 0.002976190476190476}, "8": {"num": 3, "%": 0.004724409448818898}, "14": {"num": 1, "%": 0.003076923076923077}, "20": {"num": 1, "%": 0.07142857142857142}, "22": {"num": 3, "%": 0.010033444816053512}}}, "11": {"num": 77, "community_belong": {"0": {"num": 1, "%": 0.0027247956403269754}, "1": {"num": 6, "%": 0.0017683465959328027}, "2": {"num": 7, "%": 0.004768392370572207}, "3": {"num": 3, "%": 0.014354066985645933}, "4": {"num": 2, "%": 0.004454342984409799}, "6": {"num": 2, "%": 0.002638522427440633}, "7": {"num": 2, "%": 0.005952380952380952}, "8": {"num": 1, "%": 0.0015748031496062992}, "9": {"num": 1, "%": 0.005376344086021506}, "17": {"num": 1, "%": 0.005050505050505051}, "18": {"num": 1, "%": 0.0024813895781637717}, "29": {"num": 2, "%": 0.006389776357827476}}}, "12": {"num": 17, "community_belong": {"1": {"num": 3, "%": 0.0008841732979664014}, "4": {"num": 1, "%": 0.0022271714922048997}, "18": {"num": 1, "%": 0.0024813895781637717}, "22": {"num": 1, "%": 0.0033444816053511705}}}, "13": {"num": 102, "community_belong": {"1": {"num": 13, "%": 0.0038314176245210726}, "2": {"num": 2, "%": 0.0013623978201634877}, "3": {"num": 3, "%": 0.014354066985645933}, "4": {"num": 3, "%": 0.0066815144766146995},