{"0": {"num": 324, "community_belong": {"0": {"num": 21, "%": 0.05722070844686648}, "1": {"num": 198, "%": 0.058355437665782495}, "2": {"num": 9, "%": 0.006130790190735695}, "3": {"num": 5, "%": 0.023923444976076555}, "4": {"num": 14, "%": 0.031180400890868598}, "5": {"num": 2, "%": 0.034482758620689655}, "6": {"num": 3, "%": 0.00395778364116095}, "7": {"num": 2, "%": 0.005952380952380952}, "8": {"num": 22, "%": 0.03464566929133858}, "9": {"num": 2, "%": 0.010752688172043012}, "10": {"num": 4, "%": 0.05128205128205128}, "11": {"num": 1, "%": 0.0022026431718061676}, "12": {"num": 1, "%": 0.04}, "13": {"num": 4, "%": 0.022988505747126436}, "14": {"num": 10, "%": 0.03076923076923077}, "16": {"num": 19, "%": 0.10270270270270271}, "17": {"num": 5, "%": 0.025252525252525252}, "18": {"num": 1, "%": 0.0024813895781637717}, "19": {"num": 1, "%": 0.043478260869565216}}}, "1": {"num": 1507, "community_belong": {"0": {"num": 36, "%": 0.09809264305177112}, "1": {"num": 1031, "%": 0.3038608900677866}, "2": {"num": 18, "%": 0.01226158038147139}, "3": {"num": 8, "%": 0.03827751196172249}, "4": {"num": 39, "%": 0.08685968819599109}, "5": {"num": 6, "%": 0.10344827586206896}, "6": {"num": 30, "%": 0.0395778364116095}, "7": {"num": 19, "%": 0.05654761904761905}, "8": {"num": 85, "%": 0.13385826771653545}, "9": {"num": 2, "%": 0.010752688172043012}, "10": {"num": 12, "%": 0.15384615384615385}, "11": {"num": 47, "%": 0.10352422907488987}, "13": {"num": 29, "%": 0.16666666666666666}, "14": {"num": 55, "%": 0.16923076923076924}, "15": {"num": 1, "%": 0.0035842293906810036}, "16": {"num": 25, "%": 0.13513513513513514}, "17": {"num": 33, "%": 0.16666666666666666}, "18": {"num": 5, "%": 0.01240694789081886}, "19": {"num": 4, "%": 0.17391304347826086}, "20": {"num": 1, "%": 0.07142857142857142}, "21": {"num": 1, "%": 0.009259259259259259}, "22": {"num": 2, "%": 0.006688963210702341}, "24": {"num": 1, "%": 0.005952380952380952}, "25": {"num": 2, "%": 0.08333333333333333}, "28": {"num": 8, "%": 0.09523809523809523}, "29": {"num": 4, "%": 0.012779552715654952}, "30": {"num": 2, "%": 0.05128205128205128}, "31": {"num": 1, "%": 0.125}}}, "2": {"num": 120, "community_belong": {"0": {"num": 7, "%": 0.01907356948228883}, "1": {"num": 15, "%": 0.004420866489832007}, "2": {"num": 21, "%": 0.01430517711171662}, "3": {"num": 2, "%": 0.009569377990430622}, "4": {"num": 13, "%": 0.028953229398663696}, "6": {"num": 5, "%": 0.006596306068601583}, "8": {"num": 6, "%": 0.009448818897637795}, "10": {"num": 1, "%": 0.01282051282051282}, "13": {"num": 3, "%": 0.017241379310344827}, "14": {"num": 39, "%": 0.12}, "15": {"num": 1, "%": 0.0035842293906810036}, "17": {"num": 4, "%": 0.020202020202020204}, "19": {"num": 1, "%": 0.043478260869565216}, "20": {"num": 1, "%": 0.07142857142857142}, "28": {"num": 1, "%": 0.011904761904761904}}}, "3": {"num": 64, "community_belong": {"1": {"num": 1, "%": 0.0002947244326554671}, "2": {"num": 50, "%": 0.0340599455040872}, "11": {"num": 1, "%": 0.0022026431718061676}, "15": {"num": 1, "%": 0.0035842293906810036}, "21": {"num": 7, "%": 0.06481481481481481}, "24": {"num": 1, "%": 0.005952380952380952}, "26": {"num": 1, "%": 0.08333333333333333}, "27": {"num": 1, "%": 0.14285714285714285}, "30": {"num": 1, "%": 0.02564102564102564}}}, "4": {"num": 185, "community_belong": {"0": {"num": 5, "%": 0.013623978201634877}, "1": {"num": 28, "%": 0.00825228411435308}, "2": {"num": 51, "%": 0.03474114441416894}, "3": {"num": 1, "%": 0.004784688995215311}, "4": {"num": 4, "%": 0.008908685968819599}, "5": {"num": 1, "%": 0.017241379310344827}, "6": {"num": 6, "%": 0.0079155672823219}, "7": {"num": 1, "%": 0.002976190476190476}, "8": {"num": 34, "%": 0.05354330708661417}, "10": {"num": 3, "%": 0.038461538461538464}, "11": {"num": 27, "%": 0.05947136563876652}, "13": {"num": 2, "%": 0.011494252873563218}, "14": {"num": 1, "%": 0.003076923076923077}, "15": {"num": 6, "%": 0.021505376344086023}, "16": {"num": 14, "%": 0.07567567567567568}, "24": {"num": 1, "%": 0.005952380952380952}}}, "5": {"num": 327, "community_belong": {"0": {"num": 7, "%": 0.01907356948228883}, "1": {"num": 28, "%": 0.00825228411435308}, "2": {"num": 190, "%": 0.12942779291553133}, "4": {"num": 49, "%": 0.1091314031180401}, "6": {"num": 13, "%": 0.017150395778364115}, "7": {"num": 1, "%": 0.002976190476190476}, "8": {"num": 7, "%": 0.011023622047244094}, "10": {"num": 1, "%": 0.01282051282051282}, "11": {"num": 6, "%": 0.013215859030837005}, "13": {"num": 2, "%": 0.011494252873563218}, "14": {"num": 3, "%": 0.009230769230769232}, "15": {"num": 7, "%": 0.025089605734767026}, "16": {"num": 1, "%": 0.005405405405405406}, "17": {"num": 5, "%": 0.025252525252525252}, "18": {"num": 1, "%": 0.0024813895781637717}, "22": {"num": 2, "%": 0.006688963210702341}, "24": {"num": 3, "%": 0.017857142857142856}, "30": {"num": 1, "%": 0.02564102564102564}}}, "6": {"num": 63, "community_belong": {"0": {"num": 1, "%": 0.0027247956403269754}, "1": {"num": 49, "%": 0.01444149720011789}, "2": {"num": 2, "%": 0.0013623978201634877}, "4": {"num": 2, "%": 0.004454342984409799}, "13": {"num": 3, "%": 0.017241379310344827}, "16": {"num": 2, "%": 0.010810810810810811}, "17": {"num": 4, "%": 0.020202020202020204}}}, "7": {"num": 104, "community_belong": {"0": {"num": 2, "%": 0.005449591280653951}, "1": {"num": 83, "%": 0.024462127910403773}, "2": {"num": 2, "%": 0.0013623978201634877}, "4": {"num": 2, "%": 0.004454342984409799}, "6": {"num": 1, "%": 0.0013192612137203166}, "8": {"num": 8, "%": 0.012598425196850394}, "11": {"num": 2, "%": 0.004405286343612335}, "14": {"num": 1, "%": 0.003076923076923077}, "17": {"num": 2, "%": 0.010101010101010102}, "33": {"num": 1, "%": 0.2}}}, "8": {"num": 99, "community_belong": {"6": {"num": 1, "%": 0.0013192612137203166}, "22": {"num": 98, "%": 0.3277591973244147}}}}