{"0": {"num": 537, "community_belong": {"0": {"num": 3, "%": 0.008174386920980926}, "1": {"num": 8, "%": 0.002357795461243737}, "2": {"num": 5, "%": 0.0034059945504087193}, "4": {"num": 3, "%": 0.0066815144766146995}, "5": {"num": 1, "%": 0.017241379310344827}, "6": {"num": 39, "%": 0.051451187335092345}, "7": {"num": 147, "%": 0.4375}, "8": {"num": 4, "%": 0.006299212598425197}, "9": {"num": 5, "%": 0.026881720430107527}, "10": {"num": 1, "%": 0.01282051282051282}, "11": {"num": 314, "%": 0.6916299559471366}, "13": {"num": 1, "%": 0.005747126436781609}, "14": {"num": 1, "%": 0.003076923076923077}, "18": {"num": 5, "%": 0.01240694789081886}}}, "1": {"num": 168, "community_belong": {"0": {"num": 3, "%": 0.008174386920980926}, "1": {"num": 114, "%": 0.03359858532272325}, "4": {"num": 6, "%": 0.013363028953229399}, "7": {"num": 6, "%": 0.017857142857142856}, "10": {"num": 5, "%": 0.0641025641025641}, "11": {"num": 3, "%": 0.006607929515418502}, "13": {"num": 20, "%": 0.11494252873563218}, "16": {"num": 3, "%": 0.016216216216216217}, "17": {"num": 5, "%": 0.025252525252525252}, "20": {"num": 1, "%": 0.07142857142857142}, "23": {"num": 2, "%": 0.044444444444444446}}}, "2": {"num": 1243, "community_belong": {"0": {"num": 37, "%": 0.1008174386920981}, "1": {"num": 988, "%": 0.29118773946360155}, "2": {"num": 9, "%": 0.006130790190735695}, "3": {"num": 8, "%": 0.03827751196172249}, "4": {"num": 28, "%": 0.062360801781737196}, "5": {"num": 1, "%": 0.017241379310344827}, "6": {"num": 6, "%": 0.0079155672823219}, "7": {"num": 6, "%": 0.017857142857142856}, "8": {"num": 29, "%": 0.04566929133858268}, "10": {"num": 8, "%": 0.10256410256410256}, "11": {"num": 15, "%": 0.03303964757709251}, "13": {"num": 14, "%": 0.08045977011494253}, "14": {"num": 43, "%": 0.13230769230769232}, "16": {"num": 33, "%": 0.1783783783783784}, "17": {"num": 10, "%": 0.050505050505050504}, "19": {"num": 5, "%": 0.21739130434782608}, "20": {"num": 1, "%": 0.07142857142857142}, "29": {"num": 1, "%": 0.003194888178913738}, "31": {"num": 1, "%": 0.125}}}, "3": {"num": 1422, "community_belong": {"1": {"num": 13, "%": 0.0038314176245210726}, "2": {"num": 1050, "%": 0.715258855585831}, "4": {"num": 6, "%": 0.013363028953229399}, "5": {"num": 1, "%": 0.017241379310344827}, "6": {"num": 3, "%": 0.00395778364116095}, "8": {"num": 3, "%": 0.004724409448818898}, "9": {"num": 41, "%": 0.22043010752688172}, "11": {"num": 37, "%": 0.08149779735682819}, "12": {"num": 3, "%": 0.12}, "14": {"num": 4, "%": 0.012307692307692308}, "15": {"num": 202, "%": 0.7240143369175627}, "17": {"num": 1, "%": 0.005050505050505051}, "18": {"num": 19, "%": 0.04714640198511166}, "21": {"num": 3, "%": 0.027777777777777776}, "23": {"num": 12, "%": 0.26666666666666666}, "24": {"num": 6, "%": 0.03571428571428571}, "26": {"num": 10, "%": 0.8333333333333334}, "29": {"num": 8, "%": 0.025559105431309903}}}, "4": {"num": 637, "community_belong": {"0": {"num": 6, "%": 0.01634877384196185}, "1": {"num": 523, "%": 0.15414087827880932}, "4": {"num": 51, "%": 0.11358574610244988}, "5": {"num": 3, "%": 0.05172413793103448}, "6": {"num": 5, "%": 0.006596306068601583}, "8": {"num": 28, "%": 0.04409448818897638}, "10": {"num": 1, "%": 0.01282051282051282}, "11": {"num": 1, "%": 0.0022026431718061676}, "13": {"num": 3, "%": 0.017241379310344827}, "16": {"num": 2, "%": 0.010810810810810811}, "17": {"num": 10, "%": 0.050505050505050504}, "25": {"num": 4, "%": 0.16666666666666666}}}, "5": {"num": 247, "community_belong": {"1": {"num": 1, "%": 0.0002947244326554671}, "2": {"num": 3, "%": 0.0020435967302452314}, "9": {"num": 6, "%": 0.03225806451612903}, "18": {"num": 195, "%": 0.4838709677419355}, "29": {"num": 8, "%": 0.025559105431309903}, "32": {"num": 34, "%": 0.7555555555555555}}}, "6": {"num": 449, "community_belong": {"0": {"num": 47, "%": 0.12806539509536785}, "1": {"num": 327, "%": 0.09637488947833775}, "2": {"num": 1, "%": 0.0006811989100817438}, "3": {"num": 6, "%": 0.028708133971291867}, "4": {"num": 10, "%": 0.022271714922048998}, "8": {"num": 8, "%": 0.012598425196850394}, "10": {"num": 4, "%": 0.05128205128205128}, "13": {"num": 9, "%": 0.05172413793103448}, "14": {"num": 9, "%": 0.027692307692307693}, "16": {"num": 11, "%": 0.05945945945945946}, "17": {"num": 1, "%": 0.005050505050505051}, "18": {"num": 2, "%": 0.004962779156327543}, "25": {"num": 8, "%": 0.3333333333333333}, "31": {"num": 6, "%": 0.75}}}, "7": {"num": 421, "community_belong": {"0": {"num": 5, "%": 0.013623978201634877}, "1": {"num": 26, "%": 0.007662835249042145}, "2": {"num": 2, "%": 0.0013623978201634877}, "3": {"num": 1, "%": 0.004784688995215311}, "4": {"num": 13, "%": 0.028953229398663696}, "5": {"num": 8, "%": 0.13793103448275862}, "6": {"num": 11, "%": 0.014511873350923483}, "7": {"num": 1, "%": 0.002976190476190476}, "8": {"num": 315, "%": 0.49606299212598426}, "10": {"num": 11, "%": 0.14102564102564102}, "11": {"num": 1, "%": 0.0022026431718061676}, "13": {"num": 5, "%": 0.028735632183908046}, "14": {"num": 12, "%": 0.036923076923076927}, "16": {"num": 6, "%": 0.032432432432432434}, "17": {"num": 2, "%": 0.010101010101010102}, "18": {"num": 2, "%": 0.004962779156327543}}}, "8": {"num": 248, "community_belong": {"0": {"num": 2, "%": 0.005449591280653951}, "1": {"num": 104, "%": 0.03065134099616858}, "2": {"num": 1, "%": 0.0006811989100817438}, "4": {"num": 6, "%": 0.013363028953229399}, "8": {"num": 4, "%": 0.006299212598425197}, "13": {"num": 6, "%": 0.034482758620689655}, "14": {"num": 88, "%": 0.27076923076923076}, "16": {"num": 29, "%": 0.15675675675675677}, "17": {"num": 3, "%": 0.015151515151515152}, "33": {"num": 5, "%": 1.0}}}, "9": {"num": 122, "community_belong": {"3": {"num": 122, "%": 0.583732057416268}}}, "10": {"num": 133, "community_belong": {"2": {"num": 8, "%": 0.005449591280653951}, "24": {"num": 125, "%": 0.7440476190476191}}}, "11": {"num": 444, "community_belong": {"0": {"num": 6, "%": 0.01634877384196185}, "1": {"num": 362, "%": 0.1066902446212791}, "2": {"num": 1, "%": 0.0006811989100817438}, "4": {"num": 9, "%": 0.0200445434298441}, "5": {"num": 1, "%": 0.017241379310344827}, "6": {"num": 2, "%": 0.002638522427440633}, "7": {"num": 3, "%": 0.008928571428571428}, "8": {"num": 6, "%": 0.009448818897637795}, "10": {"num": 15, "%": 0.19230769230769232}, "11": {"num": 4, "%": 0.00881057268722467}, "13": {"num": 11, "%": 0.06321839080459771}, "14": {"num": 9, "%": 0.027692307692307693}, "16": {"num": 10, "%": 0.05405405405405406}, "17": {"num": 2, "%": 0.010101010101010102}, "20": {"num": 1, "%": 0.07142857142857142}, "25": {"num": 1, "%": 0.041666666666666664}, "29": {"num": 1, "%": 0.003194888178913738}}}, "12": {"num": 73, "community_belong": {"6": {"num": 5, "%": 0.006596306068601583}, "18": {"num": 50, "%": 0.12406947890818859}, "28": {"num": 1, "%": 0.011904761904761904}, "30": {"num": 17, "%": 0.4358974358974359}}}, "13": {"num": 356, "community_belong": {"0": {"num": 65, "%": 0.1771117166212534}, "1": {"num": 149, "%": 0.0439139404656646}, "2": {"num": 62, "%": 0.04223433242506812}, "4": {"num": 7, "%": 0.015590200445434299}, "5": {"num": 1, "%": 0.017241379310344827}, "6": {"num": 18, "%": 0.023746701846965697}, "7": {"num": 1, "%": 0.002976190476190476}, "8": {"num": 17, "%": 0.026771653543307086}, "10": {"num": 5, "%": 0.0641025641025641}, "13": {"num": 14, "%": 0.08045977011494253}, "14": {"num": 3, "%": 0.009230769230769232}, "16": {"num": 1, "%": 0.005405405405405406}, "17": {"num": 1, "%": 0.005050505050505051}, "19": {"num": 11, "%": 0.4782608695652174}, "31": {"num": 1, "%": 0.125}}}, "14": {"num": 181, "community_belong": {"1": {"num": 9, "%": 0.002652519893899204}, "4": {"num": 6, "%": 0.013363028953229399}, "6": {"num": 6, "%": 0.0079155672823219}, "8": {"num": 9, "%": 0.014173228346456693}, "14": {"num": 26, "%": 0.08}, "17": {"num": 125, "%": 0.6313131313131313}}}, "15": {"num": 167, "community_belong": {"0": {"num": 2, "%": 0.005449591280653951}, "2": {"num": 5, "%": 0.0034059945504087193}, "4": {"num": 142,