{"0": {"num": 939, "community_belong": {"0": {"num": 22, "%": 0.05994550408719346}, "1": {"num": 688, "%": 0.2027704096669614}, "2": {"num": 15, "%": 0.010217983651226158}, "3": {"num": 1, "%": 0.004784688995215311}, "4": {"num": 13, "%": 0.028953229398663696}, "5": {"num": 1, "%": 0.017241379310344827}, "7": {"num": 1, "%": 0.002976190476190476}, "8": {"num": 47, "%": 0.07401574803149606}, "10": {"num": 3, "%": 0.038461538461538464}, "11": {"num": 4, "%": 0.00881057268722467}, "13": {"num": 10, "%": 0.05747126436781609}, "14": {"num": 28, "%": 0.08615384615384615}, "16": {"num": 43, "%": 0.23243243243243245}, "17": {"num": 50, "%": 0.25252525252525254}, "19": {"num": 3, "%": 0.13043478260869565}, "20": {"num": 3, "%": 0.21428571428571427}, "25": {"num": 4, "%": 0.16666666666666666}, "29": {"num": 1, "%": 0.003194888178913738}, "33": {"num": 2, "%": 0.4}}}, "1": {"num": 526, "community_belong": {"0": {"num": 3, "%": 0.008174386920980926}, "2": {"num": 389, "%": 0.26498637602179836}, "4": {"num": 2, "%": 0.004454342984409799}, "6": {"num": 2, "%": 0.002638522427440633}, "8": {"num": 3, "%": 0.004724409448818898}, "9": {"num": 10, "%": 0.053763440860215055}, "11": {"num": 1, "%": 0.0022026431718061676}, "12": {"num": 2, "%": 0.08}, "15": {"num": 63, "%": 0.22580645161290322}, "18": {"num": 6, "%": 0.01488833746898263}, "23": {"num": 1, "%": 0.022222222222222223}, "24": {"num": 32, "%": 0.19047619047619047}, "27": {"num": 2, "%": 0.2857142857142857}, "32": {"num": 10, "%": 0.2222222222222222}}}, "2": {"num": 205, "community_belong": {"0": {"num": 1, "%": 0.0027247956403269754}, "2": {"num": 1, "%": 0.0006811989100817438}, "6": {"num": 9, "%": 0.011873350923482849}, "7": {"num": 16, "%": 0.047619047619047616}, "10": {"num": 1, "%": 0.01282051282051282}, "11": {"num": 74, "%": 0.16299559471365638}, "18": {"num": 72, "%": 0.17866004962779156}, "23": {"num": 6, "%": 0.13333333333333333}, "28": {"num": 1, "%": 0.011904761904761904}, "29": {"num": 8, "%": 0.025559105431309903}, "30": {"num": 12, "%": 0.3076923076923077}, "32": {"num": 4, "%": 0.08888888888888889}}}, "3": {"num": 357, "community_belong": {"0": {"num": 21, "%": 0.05722070844686648}, "1": {"num": 66, "%": 0.019451812555260833}, "2": {"num": 44, "%": 0.02997275204359673}, "3": {"num": 5, "%": 0.023923444976076555}, "4": {"num": 39, "%": 0.08685968819599109}, "6": {"num": 6, "%": 0.0079155672823219}, "8": {"num": 86, "%": 0.13543307086614173}, "10": {"num": 8, "%": 0.10256410256410256}, "11": {"num": 1, "%": 0.0022026431718061676}, "12": {"num": 1, "%": 0.04}, "13": {"num": 29, "%": 0.16666666666666666}, "14": {"num": 46, "%": 0.14153846153846153}, "17": {"num": 1, "%": 0.005050505050505051}, "18": {"num": 2, "%": 0.004962779156327543}, "25": {"num": 2, "%": 0.08333333333333333}}}, "4": {"num": 74, "community_belong": {"0": {"num": 55, "%": 0.14986376021798364}, "1": {"num": 2, "%": 0.0005894488653109342}, "10": {"num": 3, "%": 0.038461538461538464}, "13": {"num": 4, "%": 0.022988505747126436}, "14": {"num": 9, "%": 0.027692307692307693}, "19": {"num": 1, "%": 0.043478260869565216}}}, "5": {"num": 36, "community_belong": {"3": {"num": 36, "%": 0.1722488038277512}}}, "6": {"num": 189, "community_belong": {"2": {"num": 2, "%": 0.0013623978201634877}, "3": {"num": 4, "%": 0.019138755980861243}, "4": {"num": 3, "%": 0.0066815144766146995}, "6": {"num": 175, "%": 0.23087071240105542}, "7": {"num": 1, "%": 0.002976190476190476}, "8": {"num": 1, "%": 0.0015748031496062992}, "11": {"num": 3, "%": 0.006607929515418502}}}, "7": {"num": 87, "community_belong": {"1": {"num": 2, "%": 0.0005894488653109342}, "2": {"num": 8, "%": 0.005449591280653951}, "9": {"num": 41, "%": 0.22043010752688172}, "11": {"num": 11, "%": 0.024229074889867842}, "18": {"num": 4, "%": 0.009925558312655087}, "28": {"num": 21, "%": 0.25}}}, "8": {"num": 13, "community_belong": {"4": {"num": 4, "%": 0.008908685968819599}, "5": {"num": 9, "%": 0.15517241379310345}}}, "9": {"num": 4, "community_belong": {"18": {"num": 4, "%": 0.009925558312655087}}}, "10": {"num": 25, "community_belong": {"2": {"num": 3, "%": 0.0020435967302452314}, "8": {"num": 12, "%": 0.01889763779527559}, "13": {"num": 10, "%": 0.05747126436781609}}}, "11": {"num": 57, "community_belong": {"7": {"num": 57, "%": 0.16964285714285715}}}, "12": {"num": 23, "community_belong": {"21": {"num": 23, "%": 0.21296296296296297}}}, "13": {"num": 64, "community_belong": {"18": {"num": 7, "%": 0.017369727047146403}, "29": {"num": 57, "%": 0.18210862619808307}}}, "14": {"num": 101, "community_belong": {"0": {"num": 1, "%": 0.0027247956403269754}, "1": {"num": 4, "%": 0.0011788977306218685}, "2": {"num": 1, "%": 0.0006811989100817438}, "4": {"num": 66, "%": 0.14699331848552338}, "6": {"num": 5, "%": 0.006596306068601583}, "11": {"num": 21, "%": 0.046255506607929514}, "12": {"num": 1, "%": 0.04}, "24": {"num": 2, "%": 0.011904761904761904}}}, "15": {"num": 61, "community_belong": {"22": {"num": 61, "%": 0.2040133779264214}}}, "16": {"num": 11, "community_belong": {"1": {"num": 7, "%": 0.00206307102858827}, "31": {"num": 4, "%": 0.5}}}, "17": {"num": 13, "community_belong": {"5": {"num": 13, "%": 0.22413793103448276}}}, "18": {"num": 3, "community_belong": {"17": {"num": 3, "%": 0.015151515151515152}}}, "19": {"num": 5, "community_belong": {"26": {"num": 5, "%": 0.4166666666666667}}}}