{"0": {"num": 731, "community_belong": {"0": {"num": 9, "%": 0.02452316076294278}, "1": {"num": 11, "%": 0.0032419687592101384}, "2": {"num": 575, "%": 0.3916893732970027}, "4": {"num": 19, "%": 0.042316258351893093}, "5": {"num": 1, "%": 0.017241379310344827}, "6": {"num": 4, "%": 0.005277044854881266}, "8": {"num": 4, "%": 0.006299212598425197}, "9": {"num": 9, "%": 0.04838709677419355}, "11": {"num": 3, "%": 0.006607929515418502}, "12": {"num": 5, "%": 0.2}, "13": {"num": 2, "%": 0.011494252873563218}, "14": {"num": 4, "%": 0.012307692307692308}, "15": {"num": 44, "%": 0.15770609318996415}, "17": {"num": 2, "%": 0.010101010101010102}, "18": {"num": 10, "%": 0.02481389578163772}, "21": {"num": 1, "%": 0.009259259259259259}, "22": {"num": 1, "%": 0.0033444816053511705}, "23": {"num": 3, "%": 0.06666666666666667}, "24": {"num": 17, "%": 0.10119047619047619}, "26": {"num": 2, "%": 0.16666666666666666}, "28": {"num": 1, "%": 0.011904761904761904}, "29": {"num": 3, "%": 0.009584664536741214}, "30": {"num": 1, "%": 0.02564102564102564}}}, "1": {"num": 127, "community_belong": {"0": {"num": 1, "%": 0.0027247956403269754}, "1": {"num": 42, "%": 0.01237842617152962}, "2": {"num": 8, "%": 0.005449591280653951}, "4": {"num": 6, "%": 0.013363028953229399}, "6": {"num": 1, "%": 0.0013192612137203166}, "7": {"num": 5, "%": 0.01488095238095238}, "8": {"num": 5, "%": 0.007874015748031496}, "11": {"num": 6, "%": 0.013215859030837005}, "13": {"num": 48, "%": 0.27586206896551724}, "15": {"num": 1, "%": 0.0035842293906810036}, "18": {"num": 2, "%": 0.004962779156327543}, "23": {"num": 2, "%": 0.044444444444444446}}}, "2": {"num": 430, "community_belong": {"0": {"num": 12, "%": 0.0326975476839237}, "1": {"num": 323, "%": 0.09519599174771588}, "2": {"num": 12, "%": 0.008174386920980926}, "3": {"num": 8, "%": 0.03827751196172249}, "4": {"num": 6, "%": 0.013363028953229399}, "5": {"num": 1, "%": 0.017241379310344827}, "6": {"num": 1, "%": 0.0013192612137203166}, "7": {"num": 3, "%": 0.008928571428571428}, "8": {"num": 20, "%": 0.031496062992125984}, "9": {"num": 3, "%": 0.016129032258064516}, "10": {"num": 6, "%": 0.07692307692307693}, "11": {"num": 5, "%": 0.011013215859030838}, "13": {"num": 6, "%": 0.034482758620689655}, "14": {"num": 9, "%": 0.027692307692307693}, "16": {"num": 4, "%": 0.021621621621621623}, "17": {"num": 6, "%": 0.030303030303030304}, "19": {"num": 5, "%": 0.21739130434782608}}}, "3": {"num": 101, "community_belong": {"15": {"num": 101, "%": 0.36200716845878134}}}, "4": {"num": 194, "community_belong": {"2": {"num": 14, "%": 0.009536784741144414}, "7": {"num": 74, "%": 0.22023809523809523}, "9": {"num": 84, "%": 0.45161290322580644}, "11": {"num": 2, "%": 0.004405286343612335}, "12": {"num": 4, "%": 0.16}, "15": {"num": 1, "%": 0.0035842293906810036}, "18": {"num": 1, "%": 0.0024813895781637717}, "28": {"num": 12, "%": 0.14285714285714285}, "29": {"num": 2, "%": 0.006389776357827476}}}, "5": {"num": 138, "community_belong": {"0": {"num": 1, "%": 0.0027247956403269754}, "2": {"num": 1, "%": 0.0006811989100817438}, "11": {"num": 136, "%": 0.29955947136563876}}}, "6": {"num": 37, "community_belong": {"3": {"num": 37, "%": 0.17703349282296652}}}, "7": {"num": 44, "community_belong": {"2": {"num": 44, "%": 0.02997275204359673}}}, "8": {"num": 78, "community_belong": {"2": {"num": 2, "%": 0.0013623978201634877}, "6": {"num": 2, "%": 0.002638522427440633}, "24": {"num": 59, "%": 0.35119047619047616}, "28": {"num": 15, "%": 0.17857142857142858}}}, "9": {"num": 271, "community_belong": {"0": {"num": 19, "%": 0.051771117166212535}, "1": {"num": 47, "%": 0.013852048334806955}, "2": {"num": 42, "%": 0.02861035422343324}, "3": {"num": 2, "%": 0.009569377990430622}, "4": {"num": 88, "%": 0.19599109131403117}, "6": {"num": 26, "%": 0.03430079155672823}, "8": {"num": 7, "%": 0.011023622047244094}, "9": {"num": 1, "%": 0.005376344086021506}, "10": {"num": 5, "%": 0.0641025641025641}, "11": {"num": 9, "%": 0.019823788546255508}, "13": {"num": 2, "%": 0.011494252873563218}, "14": {"num": 8, "%": 0.024615384615384615}, "15": {"num": 2, "%": 0.007168458781362007}, "16": {"num": 3, "%": 0.016216216216216217}, "17": {"num": 7, "%": 0.03535353535353535}, "19": {"num": 1, "%": 0.043478260869565216}, "24": {"num": 1, "%": 0.005952380952380952}, "29": {"num": 1, "%": 0.003194888178913738}}}, "10": {"num": 135, "community_belong": {"2": {"num": 1, "%": 0.0006811989100817438}, "3": {"num": 5, "%": 0.023923444976076555}, "4": {"num": 2, "%": 0.004454342984409799}, "6": {"num": 119, "%": 0.15699208443271767}, "11": {"num": 7, "%": 0.015418502202643172}, "21": {"num": 1, "%": 0.009259259259259259}}}, "11": {"num": 78, "community_belong": {"2": {"num": 3, "%": 0.0020435967302452314}, "9": {"num": 2, "%": 0.010752688172043012}, "18": {"num": 67, "%": 0.1662531017369727}, "23": {"num": 1, "%": 0.022222222222222223}, "29": {"num": 2, "%": 0.006389776357827476}, "32": {"num": 3, "%": 0.06666666666666667}}}, "12": {"num": 143, "community_belong": {"29": {"num": 143, "%": 0.45686900958466453}}}, "13": {"num": 5, "community_belong": {"32": {"num": 5, "%": 0.1111111111111111}}}, "14": {"num": 218, "community_belong": {"0": {"num": 2, "%": 0.005449591280653951}, "1": {"num": 15, "%": 0.004420866489832007}, "2": {"num": 2, "%": 0.0013623978201634877}, "3": {"num": 1, "%": 0.004784688995215311}, "4": {"num": 2, "%": 0.004454342984409799}, "6": {"num": 10, "%": 0.013192612137203167}, "8": {"num": 146, "%": 0.22992125984251968}, "10": {"num": 2, "%": 0.02564102564102564}, "11": {"num": 2, "%": 0.004405286343612335}, "13": {"num": 2, "%": 0.011494252873563218}, "14": {"num": 25, "%": 0.07692307692307693}, "16": {"num": 3, "%": 0.016216216216216217}, "17": {"num": 2, "%": 0.010101010101010102}, "18": {"num": 3, "%": 0.007444168734491315}, "25": {"num": 1, "%": 0.041666666666666664}}}, "15": {"num": 22, "community_belong": {"21": {"num": 22, "%": 0.2037037037037037}}}, "16": {"num": 663, "community_belong": {"0": {"num": 10, "%": 0.027247956403269755}, "1": {"num": 490, "%": 0.1444149720011789}, "2": {"num": 6, "%": 0.004087193460490463}, "4": {"num": 21, "%": 0.0467706013363029}, "5": {"num": 1, "%": 0.017241379310344827}, "6": {"num": 3, "%": 0.00395778364116095}, "7": {"num": 3, "%": 0.008928571428571428}, "8": {"num": 14, "%": 0.02204724409448819}, "10": {"num": 3, "%": 0.038461538461538464}, "11": {"num": 15, "%": 0.03303964757709251}, "13": {"num": 8, "%": 0.04597701149425287}, "14": {"num": 16, "%": 0.04923076923076923}, "16": {"num": 20, "%": 0.10810810810810811}, "17": {"num": 49, "%": 0.2474747474747475}, "18": {"num": 2, "%": 0.004962779156327543}, "25": {"num": 2, "%": 0.08333333333333333}}}, "17": {"num": 393, "community_belong": {"0": {"num": 24, "%": 0.0653950953678474}, "1": {"num": 268, "%": 0.0789861479516652}, "2": {"num": 3, "%": 0.0020435967302452314}, "3": {"num": 5, "%": 0.023923444976076555}, "4": {"num": 7, "%": 0.015590200445434299}, "5": {"num": 1, "%": 0.017241379310344827}, "6": {"num": 1, "%": 0.0013192612137203166}, "8": {"num": 13, "%": 0.02047244094488189}, "10": {"num": 9, "%": 0.11538461538461539}, "11": {"num": 2, "%": 0.004405286343612335}, "13": {"num": 6, "%": 0.034482758620689655}, "14": {"num": 13, "%": 0.04}, "16": {"num": 34, "%": 0.1837837837837838}, "17": {"num": 3, "%": 0.015151515151515152}, "19": {"num": 2, "%": 0.08695652173913043}, "25": {"num": 2, "%": 0.08333333333333333}}}, "18": {"num": 168, "community_belong": {"22": {"num": 168, "%": 0.5618729096989966}}}, "19": {"num": 174, "community_belong": {"0": {"num": 109, "%": 0.2970027247956403}, "1": {"num": 29, "%": 0.008547008547008548}, "2": {"num": 1, "%": 0.0006811989100817438}, "3": {"num": 1, "%": 0.004784688995215311}, "4": {"num": 9, "%": 0.0200445434298441}, "5": {"num": 1, "%": 0.017241379310344827}, "8": {"num": 2, "%": 0.0031496062992125984}, "13": {"num": 2, "%": 0.011494252873563218}, "14": {"num": 2, "%": 0.006153846153846154}, "17": {"num": 8, "%": 0.04040404040404041},