{"0": {"num": 1217, "community_belong": {"0": {"num": 32, "%": 0.08719346049046321}, "1": {"num": 80, "%": 0.02357795461243737}, "2": {"num": 58, "%": 0.039509536784741145}, "3": {"num": 20, "%": 0.09569377990430622}, "4": {"num": 25, "%": 0.0556792873051225}, "5": {"num": 3, "%": 0.05172413793103448}, "6": {"num": 39, "%": 0.051451187335092345}, "7": {"num": 9, "%": 0.026785714285714284}, "8": {"num": 6, "%": 0.009448818897637795}, "9": {"num": 4, "%": 0.021505376344086023}, "10": {"num": 7, "%": 0.08974358974358974}, "11": {"num": 18, "%": 0.039647577092511016}, "12": {"num": 2, "%": 0.08}, "13": {"num": 5, "%": 0.028735632183908046}, "14": {"num": 9, "%": 0.027692307692307693}, "15": {"num": 11, "%": 0.03942652329749104}, "16": {"num": 5, "%": 0.02702702702702703}, "17": {"num": 4, "%": 0.020202020202020204}, "18": {"num": 10, "%": 0.02481389578163772}, "20": {"num": 1, "%": 0.07142857142857142}, "21": {"num": 3, "%": 0.027777777777777776}, "22": {"num": 16, "%": 0.05351170568561873}, "23": {"num": 1, "%": 0.022222222222222223}, "24": {"num": 12, "%": 0.07142857142857142}, "25": {"num": 1, "%": 0.041666666666666664}, "26": {"num": 1, "%": 0.08333333333333333}, "28": {"num": 3, "%": 0.03571428571428571}, "29": {"num": 19, "%": 0.06070287539936102}, "30": {"num": 2, "%": 0.05128205128205128}, "32": {"num": 2, "%": 0.044444444444444446}}}, "1": {"num": 549, "community_belong": {"0": {"num": 16, "%": 0.043596730245231606}, "1": {"num": 66, "%": 0.019451812555260833}, "2": {"num": 26, "%": 0.017711171662125342}, "3": {"num": 11, "%": 0.05263157894736842}, "4": {"num": 8, "%": 0.017817371937639197}, "5": {"num": 8, "%": 0.13793103448275862}, "6": {"num": 15, "%": 0.01978891820580475}, "7": {"num": 7, "%": 0.020833333333333332}, "8": {"num": 9, "%": 0.014173228346456693}, "9": {"num": 2, "%": 0.010752688172043012}, "10": {"num": 1, "%": 0.01282051282051282}, "11": {"num": 9, "%": 0.019823788546255508}, "13": {"num": 3, "%": 0.017241379310344827}, "14": {"num": 4, "%": 0.012307692307692308}, "15": {"num": 5, "%": 0.017921146953405017}, "16": {"num": 3, "%": 0.016216216216216217}, "17": {"num": 7, "%": 0.03535353535353535}, "18": {"num": 4, "%": 0.009925558312655087}, "19": {"num": 1, "%": 0.043478260869565216}, "21": {"num": 2, "%": 0.018518518518518517}, "22": {"num": 7, "%": 0.023411371237458192}, "24": {"num": 5, "%": 0.02976190476190476}, "25": {"num": 1, "%": 0.041666666666666664}, "28": {"num": 2, "%": 0.023809523809523808}, "29": {"num": 3, "%": 0.009584664536741214}, "30": {"num": 3, "%": 0.07692307692307693}, "32": {"num": 1, "%": 0.022222222222222223}}}, "2": {"num": 65, "community_belong": {"1": {"num": 6, "%": 0.0017683465959328027}, "2": {"num": 2, "%": 0.0013623978201634877}, "3": {"num": 3, "%": 0.014354066985645933}, "6": {"num": 2, "%": 0.002638522427440633}, "7": {"num": 1, "%": 0.002976190476190476}, "8": {"num": 1, "%": 0.0015748031496062992}, "10": {"num": 1, "%": 0.01282051282051282}, "11": {"num": 3, "%": 0.006607929515418502}, "13": {"num": 1, "%": 0.005747126436781609}, "22": {"num": 1, "%": 0.0033444816053511705}, "24": {"num": 1, "%": 0.005952380952380952}, "25": {"num": 1, "%": 0.041666666666666664}, "29": {"num": 1, "%": 0.003194888178913738}}}, "3": {"num": 103, "community_belong": {"0": {"num": 1, "%": 0.0027247956403269754}, "1": {"num": 8, "%": 0.002357795461243737}, "2": {"num": 5, "%": 0.0034059945504087193}, "3": {"num": 2, "%": 0.009569377990430622}, "6": {"num": 3, "%": 0.00395778364116095}, "7": {"num": 2, "%": 0.005952380952380952}, "8": {"num": 4, "%": 0.006299212598425197}, "9": {"num": 1, "%": 0.005376344086021506}, "10": {"num": 1, "%": 0.01282051282051282}, "11": {"num": 3, "%": 0.006607929515418502}, "14": {"num": 1, "%": 0.003076923076923077}, "15": {"num": 1, "%": 0.0035842293906810036}, "21": {"num": 1, "%": 0.009259259259259259}, "22": {"num": 3, "%": 0.010033444816053512}, "23": {"num": 1, "%": 0.022222222222222223}, "24": {"num": 1, "%": 0.005952380952380952}, "29": {"num": 1, "%": 0.003194888178913738}}}, "4": {"num": 385, "community_belong": {"0": {"num": 12, "%": 0.0326975476839237}, "1": {"num": 52, "%": 0.01532567049808429}, "2": {"num": 16, "%": 0.010899182561307902}, "3": {"num": 10, "%": 0.04784688995215311}, "4": {"num": 7, "%": 0.015590200445434299}, "5": {"num": 2, "%": 0.034482758620689655}, "6": {"num": 18, "%": 0.023746701846965697}, "7": {"num": 4, "%": 0.011904761904761904}, "8": {"num": 9, "%": 0.014173228346456693}, "9": {"num": 2, "%": 0.010752688172043012}, "11": {"num": 8, "%": 0.01762114537444934}, "12": {"num": 1, "%": 0.04}, "14": {"num": 4, "%": 0.012307692307692308}, "16": {"num": 2, "%": 0.010810810810810811}, "17": {"num": 1, "%": 0.005050505050505051}, "18": {"num": 2, "%": 0.004962779156327543}, "22": {"num": 15, "%": 0.05016722408026756}, "23": {"num": 1, "%": 0.022222222222222223}, "24": {"num": 4, "%": 0.023809523809523808}, "25": {"num": 1, "%": 0.041666666666666664}, "29": {"num": 2, "%": 0.006389776357827476}, "30": {"num": 2, "%": 0.05128205128205128}, "32": {"num": 1, "%": 0.022222222222222223}}}, "5": {"num": 148, "community_belong": {"0": {"num": 3, "%": 0.008174386920980926}, "1": {"num": 9, "%": 0.002652519893899204}, "2": {"num": 11, "%": 0.007493188010899182}, "4": {"num": 9, "%": 0.0200445434298441}, "5": {"num": 3, "%": 0.05172413793103448}, "6": {"num": 3, "%": 0.00395778364116095}, "7": {"num": 2, "%": 0.005952380952380952}, "8": {"num": 3, "%": 0.004724409448818898}, "11": {"num": 1, "%": 0.0022026431718061676}, "14": {"num": 2, "%": 0.006153846153846154}, "17": {"num": 1, "%": 0.005050505050505051}, "18": {"num": 5, "%": 0.01240694789081886}, "22": {"num": 5, "%": 0.016722408026755852}, "23": {"num": 1, "%": 0.022222222222222223}, "24": {"num": 1, "%": 0.005952380952380952}, "29": {"num": 5, "%": 0.01597444089456869}, "32": {"num": 1, "%": 0.022222222222222223}}}, "6": {"num": 276, "community_belong": {"0": {"num": 6, "%": 0.01634877384196185}, "1": {"num": 21, "%": 0.00618921308576481}, "2": {"num": 17, "%": 0.011580381471389645}, "3": {"num": 7, "%": 0.03349282296650718}, "4": {"num": 7, "%": 0.015590200445434299}, "5": {"num": 1, "%": 0.017241379310344827}, "6": {"num": 14, "%": 0.018469656992084433}, "7": {"num": 2, "%": 0.005952380952380952}, "8": {"num": 4, "%": 0.006299212598425197}, "9": {"num": 2, "%": 0.010752688172043012}, "11": {"num": 4, "%": 0.00881057268722467}, "13": {"num": 2, "%": 0.011494252873563218}, "14": {"num": 4, "%": 0.012307692307692308}, "15": {"num": 9, "%": 0.03225806451612903}, "16": {"num": 2, "%": 0.010810810810810811}, "17": {"num": 2, "%": 0.010101010101010102}, "18": {"num": 4, "%": 0.009925558312655087}, "22": {"num": 11, "%": 0.03678929765886288}, "23": {"num": 1, "%": 0.022222222222222223}, "24": {"num": 4, "%": 0.023809523809523808}, "29": {"num": 4, "%": 0.012779552715654952}}}, "7": {"num": 275, "community_belong": {"0": {"num": 8, "%": 0.021798365122615803}, "1": {"num": 32, "%": 0.009431181844974948}, "2": {"num": 20, "%": 0.013623978201634877}, "3": {"num": 1, "%": 0.004784688995215311}, "4": {"num": 1, "%": 0.0022271714922048997}, "5": {"num": 2, "%": 0.034482758620689655}, "6": {"num": 12, "%": 0.0158311345646438}, "7": {"num": 2, "%": 0.005952380952380952}, "8": {"num": 8, "%": 0.012598425196850394}, "9": {"num": 1, "%": 0.005376344086021506}, "10": {"num": 2, "%": 0.02564102564102564}, "11": {"num": 8, "%": 0.01762114537444934}, "12": {"num": 1, "%": 0.04}, "14": {"num": 2, "%": 0.006153846153846154}, "15": {"num": 3, "%": 0.010752688172043012}, "16": {"num": 2, "%": 0.010810810810810811}, "17": {"num": 1, "%": 0.005050505050505051}, "18": {"num": 9, "%": 0.022332506203473945}, "21": {"num": 3, "%": 0.027777777777777776}, "22": {"num": 4, "%": 0.013377926421404682}, "24": {"num": 2, "%": 0.011904761904761904}, "29": {"num": 4, "%": 0.012779552715654952}}}, "8": {"num": 85, "community_belong": {"0": {"num": 3, "%": 0.008174386920980926}, "1": {"num": 3, "%": 0.0008841732979664014}, "2": {"num": 3,