{"0": {"num": 355, "community_belong": {"0": {"num": 8, "%": 0.021798365122615803}, "1": {"num": 23, "%": 0.006778661951075744}, "2": {"num": 23, "%": 0.015667574931880108}, "3": {"num": 5, "%": 0.023923444976076555}, "4": {"num": 4, "%": 0.008908685968819599}, "5": {"num": 1, "%": 0.017241379310344827}, "6": {"num": 9, "%": 0.011873350923482849}, "7": {"num": 2, "%": 0.005952380952380952}, "8": {"num": 2, "%": 0.0031496062992125984}, "9": {"num": 6, "%": 0.03225806451612903}, "11": {"num": 8, "%": 0.01762114537444934}, "12": {"num": 1, "%": 0.04}, "13": {"num": 3, "%": 0.017241379310344827}, "14": {"num": 3, "%": 0.009230769230769232}, "15": {"num": 1, "%": 0.0035842293906810036}, "16": {"num": 1, "%": 0.005405405405405406}, "17": {"num": 1, "%": 0.005050505050505051}, "18": {"num": 5, "%": 0.01240694789081886}, "22": {"num": 4, "%": 0.013377926421404682}, "23": {"num": 1, "%": 0.022222222222222223}, "24": {"num": 1, "%": 0.005952380952380952}, "28": {"num": 2, "%": 0.023809523809523808}, "29": {"num": 5, "%": 0.01597444089456869}}}, "1": {"num": 942, "community_belong": {"0": {"num": 24, "%": 0.0653950953678474}, "1": {"num": 54, "%": 0.015915119363395226}, "2": {"num": 45, "%": 0.030653950953678476}, "3": {"num": 17, "%": 0.08133971291866028}, "4": {"num": 27, "%": 0.060133630289532294}, "5": {"num": 7, "%": 0.1206896551724138}, "6": {"num": 40, "%": 0.052770448548812667}, "7": {"num": 14, "%": 0.041666666666666664}, "8": {"num": 8, "%": 0.012598425196850394}, "9": {"num": 4, "%": 0.021505376344086023}, "10": {"num": 3, "%": 0.038461538461538464}, "11": {"num": 17, "%": 0.037444933920704845}, "12": {"num": 1, "%": 0.04}, "13": {"num": 3, "%": 0.017241379310344827}, "14": {"num": 4, "%": 0.012307692307692308}, "15": {"num": 5, "%": 0.017921146953405017}, "16": {"num": 2, "%": 0.010810810810810811}, "17": {"num": 2, "%": 0.010101010101010102}, "18": {"num": 7, "%": 0.017369727047146403}, "20": {"num": 1, "%": 0.07142857142857142}, "21": {"num": 2, "%": 0.018518518518518517}, "22": {"num": 14, "%": 0.046822742474916385}, "23": {"num": 2, "%": 0.044444444444444446}, "24": {"num": 7, "%": 0.041666666666666664}, "26": {"num": 1, "%": 0.08333333333333333}, "28": {"num": 3, "%": 0.03571428571428571}, "29": {"num": 14, "%": 0.04472843450479233}, "30": {"num": 1, "%": 0.02564102564102564}, "32": {"num": 1, "%": 0.022222222222222223}}}, "2": {"num": 121, "community_belong": {"0": {"num": 4, "%": 0.010899182561307902}, "1": {"num": 7, "%": 0.00206307102858827}, "2": {"num": 1, "%": 0.0006811989100817438}, "3": {"num": 4, "%": 0.019138755980861243}, "4": {"num": 1, "%": 0.0022271714922048997}, "7": {"num": 1, "%": 0.002976190476190476}, "8": {"num": 1, "%": 0.0015748031496062992}, "10": {"num": 1, "%": 0.01282051282051282}, "11": {"num": 5, "%": 0.011013215859030838}, "14": {"num": 2, "%": 0.006153846153846154}, "17": {"num": 1, "%": 0.005050505050505051}, "18": {"num": 1, "%": 0.0024813895781637717}, "24": {"num": 2, "%": 0.011904761904761904}, "25": {"num": 1, "%": 0.041666666666666664}, "29": {"num": 1, "%": 0.003194888178913738}}}, "3": {"num": 160, "community_belong": {"0": {"num": 4, "%": 0.010899182561307902}, "1": {"num": 18, "%": 0.005305039787798408}, "2": {"num": 11, "%": 0.007493188010899182}, "3": {"num": 2, "%": 0.009569377990430622}, "4": {"num": 1, "%": 0.0022271714922048997}, "6": {"num": 13, "%": 0.017150395778364115}, "7": {"num": 1, "%": 0.002976190476190476}, "8": {"num": 1, "%": 0.0015748031496062992}, "9": {"num": 1, "%": 0.005376344086021506}, "11": {"num": 1, "%": 0.0022026431718061676}, "12": {"num": 1, "%": 0.04}, "14": {"num": 3, "%": 0.009230769230769232}, "16": {"num": 1, "%": 0.005405405405405406}, "18": {"num": 3, "%": 0.007444168734491315}, "21": {"num": 1, "%": 0.009259259259259259}, "22": {"num": 5, "%": 0.016722408026755852}, "23": {"num": 1, "%": 0.022222222222222223}, "24": {"num": 3, "%": 0.017857142857142856}, "29": {"num": 3, "%": 0.009584664536741214}, "30": {"num": 1, "%": 0.02564102564102564}}}, "4": {"num": 24, "community_belong": {"0": {"num": 1, "%": 0.0027247956403269754}, "1": {"num": 1, "%": 0.0002947244326554671}, "2": {"num": 1, "%": 0.0006811989100817438}, "4": {"num": 1, "%": 0.0022271714922048997}, "6": {"num": 1, "%": 0.0013192612137203166}, "7": {"num": 1, "%": 0.002976190476190476}, "8": {"num": 2, "%": 0.0031496062992125984}}}, "5": {"num": 542, "community_belong": {"0": {"num": 15, "%": 0.04087193460490463}, "1": {"num": 70, "%": 0.0206307102858827}, "2": {"num": 17, "%": 0.011580381471389645}, "3": {"num": 9, "%": 0.0430622009569378}, "4": {"num": 6, "%": 0.013363028953229399}, "5": {"num": 8, "%": 0.13793103448275862}, "6": {"num": 23, "%": 0.030343007915567283}, "7": {"num": 11, "%": 0.03273809523809524}, "8": {"num": 10, "%": 0.015748031496062992}, "9": {"num": 2, "%": 0.010752688172043012}, "10": {"num": 1, "%": 0.01282051282051282}, "11": {"num": 11, "%": 0.024229074889867842}, "12": {"num": 1, "%": 0.04}, "13": {"num": 5, "%": 0.028735632183908046}, "14": {"num": 7, "%": 0.021538461538461538}, "15": {"num": 2, "%": 0.007168458781362007}, "16": {"num": 4, "%": 0.021621621621621623}, "17": {"num": 3, "%": 0.015151515151515152}, "18": {"num": 6, "%": 0.01488833746898263}, "19": {"num": 1, "%": 0.043478260869565216}, "21": {"num": 3, "%": 0.027777777777777776}, "22": {"num": 6, "%": 0.020066889632107024}, "24": {"num": 5, "%": 0.02976190476190476}, "25": {"num": 1, "%": 0.041666666666666664}, "28": {"num": 1, "%": 0.011904761904761904}, "29": {"num": 4, "%": 0.012779552715654952}, "30": {"num": 1, "%": 0.02564102564102564}, "32": {"num": 1, "%": 0.022222222222222223}}}, "6": {"num": 190, "community_belong": {"0": {"num": 3, "%": 0.008174386920980926}, "1": {"num": 11, "%": 0.0032419687592101384}, "2": {"num": 15, "%": 0.010217983651226158}, "3": {"num": 2, "%": 0.009569377990430622}, "4": {"num": 4, "%": 0.008908685968819599}, "5": {"num": 1, "%": 0.017241379310344827}, "6": {"num": 6, "%": 0.0079155672823219}, "7": {"num": 3, "%": 0.008928571428571428}, "8": {"num": 2, "%": 0.0031496062992125984}, "9": {"num": 5, "%": 0.026881720430107527}, "11": {"num": 3, "%": 0.006607929515418502}, "14": {"num": 1, "%": 0.003076923076923077}, "15": {"num": 3, "%": 0.010752688172043012}, "16": {"num": 1, "%": 0.005405405405405406}, "17": {"num": 1, "%": 0.005050505050505051}, "18": {"num": 4, "%": 0.009925558312655087}, "22": {"num": 6, "%": 0.020066889632107024}, "24": {"num": 1, "%": 0.005952380952380952}, "27": {"num": 1, "%": 0.14285714285714285}, "28": {"num": 1, "%": 0.011904761904761904}, "29": {"num": 3, "%": 0.009584664536741214}}}, "7": {"num": 52, "community_belong": {"0": {"num": 1, "%": 0.0027247956403269754}, "1": {"num": 12, "%": 0.0035366931918656055}, "3": {"num": 3, "%": 0.014354066985645933}, "4": {"num": 1, "%": 0.0022271714922048997}, "6": {"num": 4, "%": 0.005277044854881266}, "13": {"num": 1, "%": 0.005747126436781609}, "24": {"num": 1, "%": 0.005952380952380952}}}, "8": {"num": 82, "community_belong": {"0": {"num": 2, "%": 0.005449591280653951}, "1": {"num": 12, "%": 0.0035366931918656055}, "2": {"num": 2, "%": 0.0013623978201634877}, "3": {"num": 5, "%": 0.023923444976076555}, "6": {"num": 5, "%": 0.006596306068601583}, "8": {"num": 2, "%": 0.0031496062992125984}, "10": {"num": 1, "%": 0.01282051282051282}, "11": {"num": 3, "%": 0.006607929515418502}, "14": {"num": 3, "%": 0.009230769230769232}, "17": {"num": 1, "%": 0.005050505050505051}, "29": {"num": 1, "%": 0.003194888178913738}}}, "9": {"num": 27, "community_belong": {"2": {"num": 3, "%": 0.0020435967302452314}, "4": {"num": 1, "%": 0.0022271714922048997}, "18": {"num": 2, "%": 0.004962779156327543}, "29": {"num": 1, "%": 0.003194888178913738}}}, "10": {"num": 3, "community_belong": {"15": {"num": 1, "%": 0.0035842293906810036}}}, "11": {"num": 91, "community_belong": {"1": {"num": 9, "%": 0.002652519893899204}, "2": {"num": 9, "%": 0.006130790190735695}, "4": {"num": 1, "%": 0.0022271714922048997}, "6": {"num": 5,