{"0": {"num": 284, "community_belong": {"0": {"num": 5, "%": 0.013623978201634877}, "1": {"num": 205, "%": 0.060418508694370765}, "4": {"num": 8, "%": 0.017817371937639197}, "7": {"num": 4, "%": 0.011904761904761904}, "8": {"num": 18, "%": 0.028346456692913385}, "11": {"num": 3, "%": 0.006607929515418502}, "13": {"num": 4, "%": 0.022988505747126436}, "14": {"num": 2, "%": 0.006153846153846154}, "16": {"num": 9, "%": 0.04864864864864865}, "17": {"num": 24, "%": 0.12121212121212122}, "25": {"num": 2, "%": 0.08333333333333333}}}, "1": {"num": 127, "community_belong": {"0": {"num": 6, "%": 0.01634877384196185}, "1": {"num": 2, "%": 0.0005894488653109342}, "2": {"num": 100, "%": 0.0681198910081744}, "7": {"num": 3, "%": 0.008928571428571428}, "9": {"num": 3, "%": 0.016129032258064516}, "11": {"num": 8, "%": 0.01762114537444934}, "14": {"num": 1, "%": 0.003076923076923077}, "15": {"num": 3, "%": 0.010752688172043012}, "23": {"num": 1, "%": 0.022222222222222223}}}, "2": {"num": 103, "community_belong": {"0": {"num": 1, "%": 0.0027247956403269754}, "1": {"num": 4, "%": 0.0011788977306218685}, "6": {"num": 95, "%": 0.12532981530343007}, "9": {"num": 1, "%": 0.005376344086021506}, "22": {"num": 1, "%": 0.0033444816053511705}, "24": {"num": 1, "%": 0.005952380952380952}}}, "3": {"num": 2, "community_belong": {"11": {"num": 2, "%": 0.004405286343612335}}}, "4": {"num": 2, "community_belong": {"29": {"num": 2, "%": 0.006389776357827476}}}, "5": {"num": 114, "community_belong": {"0": {"num": 90, "%": 0.2452316076294278}, "1": {"num": 1, "%": 0.0002947244326554671}, "2": {"num": 2, "%": 0.0013623978201634877}, "3": {"num": 9, "%": 0.0430622009569378}, "5": {"num": 2, "%": 0.034482758620689655}, "8": {"num": 6, "%": 0.009448818897637795}, "13": {"num": 4, "%": 0.022988505747126436}}}, "6": {"num": 7, "community_belong": {"0": {"num": 1, "%": 0.0027247956403269754}, "3": {"num": 6, "%": 0.028708133971291867}}}, "7": {"num": 16, "community_belong": {"22": {"num": 16, "%": 0.05351170568561873}}}, "8": {"num": 70, "community_belong": {"2": {"num": 20, "%": 0.013623978201634877}, "4": {"num": 1, "%": 0.0022271714922048997}, "15": {"num": 48, "%": 0.17204301075268819}, "18": {"num": 1, "%": 0.0024813895781637717}}}, "9": {"num": 3, "community_belong": {"18": {"num": 3, "%": 0.007444168734491315}}}, "10": {"num": 36, "community_belong": {"1": {"num": 6, "%": 0.0017683465959328027}, "4": {"num": 4, "%": 0.008908685968819599}, "7": {"num": 4, "%": 0.011904761904761904}, "9": {"num": 2, "%": 0.010752688172043012}, "11": {"num": 20, "%": 0.04405286343612335}}}, "11": {"num": 97, "community_belong": {"2": {"num": 73, "%": 0.0497275204359673}, "9": {"num": 12, "%": 0.06451612903225806}, "11": {"num": 1, "%": 0.0022026431718061676}, "18": {"num": 1, "%": 0.0024813895781637717}, "22": {"num": 6, "%": 0.020066889632107024}, "29": {"num": 4, "%": 0.012779552715654952}}}, "12": {"num": 314, "community_belong": {"0": {"num": 9, "%": 0.02452316076294278}, "1": {"num": 44, "%": 0.012967875036840553}, "2": {"num": 28, "%": 0.01907356948228883}, "4": {"num": 151, "%": 0.3363028953229399}, "5": {"num": 1, "%": 0.017241379310344827}, "6": {"num": 5, "%": 0.006596306068601583}, "7": {"num": 5, "%": 0.01488095238095238}, "8": {"num": 22, "%": 0.03464566929133858}, "9": {"num": 3, "%": 0.016129032258064516}, "10": {"num": 4, "%": 0.05128205128205128}, "11": {"num": 9, "%": 0.019823788546255508}, "13": {"num": 8, "%": 0.04597701149425287}, "14": {"num": 2, "%": 0.006153846153846154}, "15": {"num": 2, "%": 0.007168458781362007}, "16": {"num": 12, "%": 0.06486486486486487}, "17": {"num": 6, "%": 0.030303030303030304}, "24": {"num": 2, "%": 0.011904761904761904}, "25": {"num": 1, "%": 0.041666666666666664}}}, "13": {"num": 82, "community_belong": {"0": {"num": 1, "%": 0.0027247956403269754}, "2": {"num": 1, "%": 0.0006811989100817438}, "4": {"num": 2, "%": 0.004454342984409799}, "5": {"num": 2, "%": 0.034482758620689655}, "6": {"num": 62, "%": 0.08179419525065963}, "8": {"num": 1, "%": 0.0015748031496062992}, "11": {"num": 12, "%": 0.02643171806167401}, "14": {"num": 1, "%": 0.003076923076923077}}}, "14": {"num": 5, "community_belong": {"7": {"num": 5, "%": 0.01488095238095238}}}, "15": {"num": 73, "community_belong": {"0": {"num": 2, "%": 0.005449591280653951}, "1": {"num": 8, "%": 0.002357795461243737}, "2": {"num": 16, "%": 0.010899182561307902}, "4": {"num": 28, "%": 0.062360801781737196}, "6": {"num": 2, "%": 0.002638522427440633}, "8": {"num": 8, "%": 0.012598425196850394}, "13": {"num": 9, "%": 0.05172413793103448}}}, "16": {"num": 2, "community_belong": {"6": {"num": 2, "%": 0.002638522427440633}}}, "17": {"num": 200, "community_belong": {"2": {"num": 150, "%": 0.10217983651226158}, "4": {"num": 1, "%": 0.0022271714922048997}, "8": {"num": 1, "%": 0.0015748031496062992}, "11": {"num": 1, "%": 0.0022026431718061676}, "15": {"num": 31, "%": 0.1111111111111111}, "18": {"num": 2, "%": 0.004962779156327543}, "24": {"num": 14, "%": 0.08333333333333333}}}, "18": {"num": 3, "community_belong": {"11": {"num": 3, "%": 0.006607929515418502}}}, "19": {"num": 43, "community_belong": {"2": {"num": 1, "%": 0.0006811989100817438}, "4": {"num": 40, "%": 0.08908685968819599}, "6": {"num": 1, "%": 0.0013192612137203166}, "11": {"num": 1, "%": 0.0022026431718061676}}}, "20": {"num": 5, "community_belong": {"6": {"num": 5, "%": 0.006596306068601583}}}, "21": {"num": 4, "community_belong": {"7": {"num": 4, "%": 0.011904761904761904}}}, "22": {"num": 324, "community_belong": {"0": {"num": 7, "%": 0.01907356948228883}, "1": {"num": 50, "%": 0.014736221632773357}, "2": {"num": 23, "%": 0.015667574931880108}, "3": {"num": 2, "%": 0.009569377990430622}, "4": {"num": 10, "%": 0.022271714922048998}, "6": {"num": 2, "%": 0.002638522427440633}, "7": {"num": 2, "%": 0.005952380952380952}, "8": {"num": 26, "%": 0.04094488188976378}, "11": {"num": 3, "%": 0.006607929515418502}, "13": {"num": 8, "%": 0.04597701149425287}, "14": {"num": 176, "%": 0.5415384615384615}, "16": {"num": 2, "%": 0.010810810810810811}, "17": {"num": 7, "%": 0.03535353535353535}, "18": {"num": 2, "%": 0.004962779156327543}, "19": {"num": 3, "%": 0.13043478260869565}, "28": {"num": 1, "%": 0.011904761904761904}}}, "23": {"num": 2, "community_belong": {"29": {"num": 2, "%": 0.006389776357827476}}}, "24": {"num": 2, "community_belong": {"11": {"num": 2, "%": 0.004405286343612335}}}, "25": {"num": 5, "community_belong": {"18": {"num": 5, "%": 0.01240694789081886}}}, "26": {"num": 2, "community_belong": {"15": {"num": 2, "%": 0.007168458781362007}}}, "27": {"num": 2, "community_belong": {"7": {"num": 2, "%": 0.005952380952380952}}}, "28": {"num": 2, "community_belong": {"25": {"num": 2, "%": 0.08333333333333333}}}, "29": {"num": 2, "community_belong": {"32": {"num": 2, "%": 0.044444444444444446}}}, "30": {"num": 2, "community_belong": {"18": {"num": 2, "%": 0.004962779156327543}}}, "31": {"num": 2, "community_belong": {"0": {"num": 2, "%": 0.005449591280653951}}}, "32": {"num": 6, "community_belong": {"18": {"num": 1, "%": 0.0024813895781637717}, "28": {"num": 5, "%": 0.05952380952380952}}}, "33": {"num": 2, "community_belong": {"15": {"num": 2, "%": 0.007168458781362007}}}, "34": {"num": 3, "community_belong": {"7": {"num": 3, "%": 0.008928571428571428}}}, "35": {"num": 2, "community_belong": {"18": {"num": 2, "%": 0.004962779156327543}}}, "36": {"num": 5, "community_belong": {"22": {"num": 5, "%": 0.016722408026755852}}}, "37": {"num": 3, "community_belong": {"18": {"num": 3, "%": 0.007444168734491315}}}, "38": {"num": 2, "community_belong": {"0": {"num": 2, "%": 0.005449591280653951}}}, "39": {"num": 3, "community_belong": {"0": {"num": 3, "%": 0.008174386920980926}}}, "40": {"num": 2, "community_belong": {"2": {"num": 2, "%": 0.0013623978201634877}}}, "41": {"num": 2, "community_belong": {"21": {"num": 2, "%": 0.018518518518518517}}}, "42": {"num": 2, "community_belong": {"2": {"num": 2, "%": 0.0013623978201634877}}}, "43": {"num": 10,