{"0": {"num": 146, "community_belong": {"1": {"num": 8, "%": 0.002357795461243737}, "2": {"num": 8, "%": 0.005449591280653951}, "3": {"num": 4, "%": 0.019138755980861243}, "4": {"num": 8, "%": 0.017817371937639197}, "6": {"num": 6, "%": 0.0079155672823219}, "8": {"num": 1, "%": 0.0015748031496062992}, "9": {"num": 1, "%": 0.005376344086021506}, "14": {"num": 1, "%": 0.003076923076923077}, "16": {"num": 1, "%": 0.005405405405405406}, "18": {"num": 3, "%": 0.007444168734491315}, "21": {"num": 1, "%": 0.009259259259259259}, "23": {"num": 1, "%": 0.022222222222222223}, "29": {"num": 5, "%": 0.01597444089456869}}}, "1": {"num": 480, "community_belong": {"0": {"num": 6, "%": 0.01634877384196185}, "1": {"num": 36, "%": 0.010610079575596816}, "2": {"num": 19, "%": 0.012942779291553134}, "3": {"num": 6, "%": 0.028708133971291867}, "4": {"num": 15, "%": 0.0334075723830735}, "5": {"num": 2, "%": 0.034482758620689655}, "6": {"num": 27, "%": 0.03562005277044855}, "7": {"num": 11, "%": 0.03273809523809524}, "8": {"num": 8, "%": 0.012598425196850394}, "10": {"num": 2, "%": 0.02564102564102564}, "11": {"num": 7, "%": 0.015418502202643172}, "12": {"num": 1, "%": 0.04}, "13": {"num": 2, "%": 0.011494252873563218}, "14": {"num": 3, "%": 0.009230769230769232}, "16": {"num": 4, "%": 0.021621621621621623}, "17": {"num": 2, "%": 0.010101010101010102}, "18": {"num": 4, "%": 0.009925558312655087}, "19": {"num": 1, "%": 0.043478260869565216}, "22": {"num": 3, "%": 0.010033444816053512}, "24": {"num": 5, "%": 0.02976190476190476}, "28": {"num": 1, "%": 0.011904761904761904}, "29": {"num": 8, "%": 0.025559105431309903}, "32": {"num": 1, "%": 0.022222222222222223}}}, "2": {"num": 655, "community_belong": {"0": {"num": 21, "%": 0.05722070844686648}, "1": {"num": 31, "%": 0.009136457412319481}, "2": {"num": 35, "%": 0.023841961852861037}, "3": {"num": 10, "%": 0.04784688995215311}, "4": {"num": 16, "%": 0.035634743875278395}, "5": {"num": 6, "%": 0.10344827586206896}, "6": {"num": 31, "%": 0.040897097625329816}, "7": {"num": 2, "%": 0.005952380952380952}, "8": {"num": 3, "%": 0.004724409448818898}, "9": {"num": 5, "%": 0.026881720430107527}, "11": {"num": 8, "%": 0.01762114537444934}, "12": {"num": 5, "%": 0.2}, "13": {"num": 1, "%": 0.005747126436781609}, "14": {"num": 5, "%": 0.015384615384615385}, "15": {"num": 3, "%": 0.010752688172043012}, "16": {"num": 1, "%": 0.005405405405405406}, "17": {"num": 2, "%": 0.010101010101010102}, "18": {"num": 14, "%": 0.034739454094292806}, "19": {"num": 1, "%": 0.043478260869565216}, "22": {"num": 18, "%": 0.06020066889632107}, "23": {"num": 2, "%": 0.044444444444444446}, "24": {"num": 7, "%": 0.041666666666666664}, "27": {"num": 1, "%": 0.14285714285714285}, "28": {"num": 1, "%": 0.011904761904761904}, "29": {"num": 12, "%": 0.038338658146964855}}}, "3": {"num": 217, "community_belong": {"0": {"num": 4, "%": 0.010899182561307902}, "1": {"num": 4, "%": 0.0011788977306218685}, "2": {"num": 10, "%": 0.006811989100817439}, "4": {"num": 3, "%": 0.0066815144766146995}, "6": {"num": 1, "%": 0.0013192612137203166}, "7": {"num": 1, "%": 0.002976190476190476}, "9": {"num": 2, "%": 0.010752688172043012}, "10": {"num": 1, "%": 0.01282051282051282}, "11": {"num": 3, "%": 0.006607929515418502}, "13": {"num": 2, "%": 0.011494252873563218}, "14": {"num": 1, "%": 0.003076923076923077}, "15": {"num": 3, "%": 0.010752688172043012}, "16": {"num": 1, "%": 0.005405405405405406}, "17": {"num": 1, "%": 0.005050505050505051}, "18": {"num": 2, "%": 0.004962779156327543}, "21": {"num": 1, "%": 0.009259259259259259}, "24": {"num": 1, "%": 0.005952380952380952}, "25": {"num": 1, "%": 0.041666666666666664}, "29": {"num": 1, "%": 0.003194888178913738}, "30": {"num": 1, "%": 0.02564102564102564}}}, "4": {"num": 106, "community_belong": {"0": {"num": 1, "%": 0.0027247956403269754}, "1": {"num": 13, "%": 0.0038314176245210726}, "2": {"num": 7, "%": 0.004768392370572207}, "3": {"num": 3, "%": 0.014354066985645933}, "4": {"num": 1, "%": 0.0022271714922048997}, "5": {"num": 1, "%": 0.017241379310344827}, "6": {"num": 4, "%": 0.005277044854881266}, "7": {"num": 1, "%": 0.002976190476190476}, "8": {"num": 2, "%": 0.0031496062992125984}, "9": {"num": 1, "%": 0.005376344086021506}, "10": {"num": 1, "%": 0.01282051282051282}, "11": {"num": 1, "%": 0.0022026431718061676}, "13": {"num": 1, "%": 0.005747126436781609}, "14": {"num": 1, "%": 0.003076923076923077}, "20": {"num": 1, "%": 0.07142857142857142}, "24": {"num": 1, "%": 0.005952380952380952}, "29": {"num": 2, "%": 0.006389776357827476}}}, "5": {"num": 109, "community_belong": {"0": {"num": 2, "%": 0.005449591280653951}, "1": {"num": 8, "%": 0.002357795461243737}, "2": {"num": 11, "%": 0.007493188010899182}, "3": {"num": 3, "%": 0.014354066985645933}, "6": {"num": 2, "%": 0.002638522427440633}, "7": {"num": 3, "%": 0.008928571428571428}, "8": {"num": 1, "%": 0.0015748031496062992}, "10": {"num": 1, "%": 0.01282051282051282}, "11": {"num": 4, "%": 0.00881057268722467}, "14": {"num": 1, "%": 0.003076923076923077}, "15": {"num": 2, "%": 0.007168458781362007}, "17": {"num": 1, "%": 0.005050505050505051}, "18": {"num": 1, "%": 0.0024813895781637717}, "21": {"num": 1, "%": 0.009259259259259259}, "24": {"num": 1, "%": 0.005952380952380952}, "28": {"num": 1, "%": 0.011904761904761904}, "29": {"num": 5, "%": 0.01597444089456869}}}, "6": {"num": 111, "community_belong": {"0": {"num": 5, "%": 0.013623978201634877}, "1": {"num": 9, "%": 0.002652519893899204}, "2": {"num": 12, "%": 0.008174386920980926}, "3": {"num": 1, "%": 0.004784688995215311}, "4": {"num": 3, "%": 0.0066815144766146995}, "5": {"num": 1, "%": 0.017241379310344827}, "6": {"num": 5, "%": 0.006596306068601583}, "7": {"num": 1, "%": 0.002976190476190476}, "8": {"num": 2, "%": 0.0031496062992125984}, "9": {"num": 2, "%": 0.010752688172043012}, "11": {"num": 2, "%": 0.004405286343612335}, "12": {"num": 1, "%": 0.04}, "18": {"num": 1, "%": 0.0024813895781637717}, "21": {"num": 1, "%": 0.009259259259259259}, "22": {"num": 2, "%": 0.006688963210702341}, "28": {"num": 2, "%": 0.023809523809523808}, "29": {"num": 4, "%": 0.012779552715654952}, "30": {"num": 1, "%": 0.02564102564102564}}}, "7": {"num": 119, "community_belong": {"0": {"num": 3, "%": 0.008174386920980926}, "1": {"num": 8, "%": 0.002357795461243737}, "2": {"num": 5, "%": 0.0034059945504087193}, "6": {"num": 2, "%": 0.002638522427440633}, "7": {"num": 1, "%": 0.002976190476190476}, "8": {"num": 2, "%": 0.0031496062992125984}, "10": {"num": 1, "%": 0.01282051282051282}, "11": {"num": 3, "%": 0.006607929515418502}, "14": {"num": 1, "%": 0.003076923076923077}, "17": {"num": 2, "%": 0.010101010101010102}, "19": {"num": 1, "%": 0.043478260869565216}, "22": {"num": 1, "%": 0.0033444816053511705}, "29": {"num": 3, "%": 0.009584664536741214}}}, "8": {"num": 278, "community_belong": {"0": {"num": 11, "%": 0.02997275204359673}, "1": {"num": 16, "%": 0.004715590922487474}, "2": {"num": 18, "%": 0.01226158038147139}, "3": {"num": 7, "%": 0.03349282296650718}, "4": {"num": 4, "%": 0.008908685968819599}, "5": {"num": 1, "%": 0.017241379310344827}, "6": {"num": 9, "%": 0.011873350923482849}, "7": {"num": 5, "%": 0.01488095238095238}, "9": {"num": 2, "%": 0.010752688172043012}, "11": {"num": 8, "%": 0.01762114537444934}, "14": {"num": 4, "%": 0.012307692307692308}, "17": {"num": 2, "%": 0.010101010101010102}, "18": {"num": 5, "%": 0.01240694789081886}, "22": {"num": 2, "%": 0.006688963210702341}, "23": {"num": 3, "%": 0.06666666666666667}, "24": {"num": 7, "%": 0.041666666666666664}, "26": {"num": 1, "%": 0.08333333333333333}, "29": {"num": 3, "%": 0.009584664536741214}}}, "9": {"num": 720, "community_belong": {"0": {"num": 20, "%": 0.05449591280653951}, "1": {"num": 75, "%": 0.022104332449160036}, "2": {"num": 34, "%": 0.02316076294277929}, "3": {"num": 19, "%": 0.09090909090909091}, "4": {"num": 10, "%": 0.022271714922048998}, "5": {"num": 8, "%": 0.13793103448275862}, "6": {"num": 28, "%": 0.036939313984168866}, "7": {"num": 7,