{"0": {"num": 224, "community_belong": {"0": {"num": 4, "%": 0.010899182561307902}, "1": {"num": 134, "%": 0.0394930739758326}, "2": {"num": 4, "%": 0.0027247956403269754}, "3": {"num": 1, "%": 0.004784688995215311}, "4": {"num": 8, "%": 0.017817371937639197}, "5": {"num": 3, "%": 0.05172413793103448}, "6": {"num": 2, "%": 0.002638522427440633}, "7": {"num": 1, "%": 0.002976190476190476}, "8": {"num": 12, "%": 0.01889763779527559}, "10": {"num": 3, "%": 0.038461538461538464}, "11": {"num": 3, "%": 0.006607929515418502}, "13": {"num": 6, "%": 0.034482758620689655}, "14": {"num": 15, "%": 0.046153846153846156}, "16": {"num": 13, "%": 0.07027027027027027}, "17": {"num": 7, "%": 0.03535353535353535}, "18": {"num": 1, "%": 0.0024813895781637717}, "20": {"num": 2, "%": 0.14285714285714285}, "25": {"num": 2, "%": 0.08333333333333333}, "29": {"num": 2, "%": 0.006389776357827476}, "31": {"num": 1, "%": 0.125}}}, "1": {"num": 129, "community_belong": {"1": {"num": 1, "%": 0.0002947244326554671}, "2": {"num": 76, "%": 0.051771117166212535}, "6": {"num": 3, "%": 0.00395778364116095}, "9": {"num": 9, "%": 0.04838709677419355}, "11": {"num": 3, "%": 0.006607929515418502}, "15": {"num": 17, "%": 0.06093189964157706}, "18": {"num": 4, "%": 0.009925558312655087}, "24": {"num": 7, "%": 0.041666666666666664}, "27": {"num": 1, "%": 0.14285714285714285}, "29": {"num": 2, "%": 0.006389776357827476}, "30": {"num": 2, "%": 0.05128205128205128}, "32": {"num": 4, "%": 0.08888888888888889}}}, "2": {"num": 65, "community_belong": {"0": {"num": 5, "%": 0.013623978201634877}, "1": {"num": 7, "%": 0.00206307102858827}, "2": {"num": 12, "%": 0.008174386920980926}, "4": {"num": 13, "%": 0.028953229398663696}, "6": {"num": 1, "%": 0.0013192612137203166}, "8": {"num": 10, "%": 0.015748031496062992}, "10": {"num": 3, "%": 0.038461538461538464}, "11": {"num": 1, "%": 0.0022026431718061676}, "13": {"num": 5, "%": 0.028735632183908046}, "14": {"num": 4, "%": 0.012307692307692308}, "16": {"num": 1, "%": 0.005405405405405406}, "17": {"num": 2, "%": 0.010101010101010102}, "18": {"num": 1, "%": 0.0024813895781637717}}}, "3": {"num": 53, "community_belong": {"0": {"num": 2, "%": 0.005449591280653951}, "4": {"num": 5, "%": 0.011135857461024499}, "6": {"num": 6, "%": 0.0079155672823219}, "11": {"num": 24, "%": 0.05286343612334802}, "18": {"num": 6, "%": 0.01488833746898263}, "21": {"num": 6, "%": 0.05555555555555555}, "28": {"num": 4, "%": 0.047619047619047616}}}, "4": {"num": 40, "community_belong": {"2": {"num": 1, "%": 0.0006811989100817438}, "4": {"num": 1, "%": 0.0022271714922048997}, "6": {"num": 26, "%": 0.03430079155672823}, "11": {"num": 2, "%": 0.004405286343612335}, "22": {"num": 10, "%": 0.033444816053511704}}}, "5": {"num": 9, "community_belong": {"1": {"num": 5, "%": 0.0014736221632773356}, "7": {"num": 4, "%": 0.011904761904761904}}}, "6": {"num": 8, "community_belong": {"7": {"num": 8, "%": 0.023809523809523808}}}, "7": {"num": 2, "community_belong": {"18": {"num": 2, "%": 0.004962779156327543}}}, "8": {"num": 10, "community_belong": {"29": {"num": 10, "%": 0.03194888178913738}}}, "9": {"num": 2, "community_belong": {"18": {"num": 2, "%": 0.004962779156327543}}}, "10": {"num": 4, "community_belong": {"28": {"num": 4, "%": 0.047619047619047616}}}, "11": {"num": 8, "community_belong": {"0": {"num": 2, "%": 0.005449591280653951}, "3": {"num": 6, "%": 0.028708133971291867}}}, "12": {"num": 2, "community_belong": {"24": {"num": 2, "%": 0.011904761904761904}}}, "13": {"num": 2, "community_belong": {"18": {"num": 2, "%": 0.004962779156327543}}}}