{"0": {"num": 240, "community_belong": {"1": {"num": 1, "%": 0.0002947244326554671}, "2": {"num": 154, "%": 0.10490463215258855}, "8": {"num": 2, "%": 0.0031496062992125984}, "9": {"num": 15, "%": 0.08064516129032258}, "11": {"num": 7, "%": 0.015418502202643172}, "15": {"num": 33, "%": 0.11827956989247312}, "18": {"num": 6, "%": 0.01488833746898263}, "23": {"num": 4, "%": 0.08888888888888889}, "24": {"num": 14, "%": 0.08333333333333333}, "29": {"num": 1, "%": 0.003194888178913738}, "30": {"num": 1, "%": 0.02564102564102564}, "32": {"num": 2, "%": 0.044444444444444446}}}, "1": {"num": 40, "community_belong": {"29": {"num": 40, "%": 0.12779552715654952}}}, "2": {"num": 341, "community_belong": {"0": {"num": 7, "%": 0.01907356948228883}, "1": {"num": 210, "%": 0.0618921308576481}, "2": {"num": 7, "%": 0.004768392370572207}, "4": {"num": 7, "%": 0.015590200445434299}, "5": {"num": 4, "%": 0.06896551724137931}, "6": {"num": 3, "%": 0.00395778364116095}, "7": {"num": 2, "%": 0.005952380952380952}, "8": {"num": 48, "%": 0.07559055118110236}, "10": {"num": 2, "%": 0.02564102564102564}, "13": {"num": 4, "%": 0.022988505747126436}, "14": {"num": 20, "%": 0.06153846153846154}, "16": {"num": 13, "%": 0.07027027027027027}, "17": {"num": 7, "%": 0.03535353535353535}, "20": {"num": 2, "%": 0.14285714285714285}, "25": {"num": 3, "%": 0.125}, "28": {"num": 2, "%": 0.023809523809523808}}}, "3": {"num": 3, "community_belong": {"9": {"num": 3, "%": 0.016129032258064516}}}, "4": {"num": 146, "community_belong": {"0": {"num": 4, "%": 0.010899182561307902}, "1": {"num": 28, "%": 0.00825228411435308}, "2": {"num": 19, "%": 0.012942779291553134}, "3": {"num": 2, "%": 0.009569377990430622}, "4": {"num": 35, "%": 0.0779510022271715}, "6": {"num": 4, "%": 0.005277044854881266}, "8": {"num": 22, "%": 0.03464566929133858}, "10": {"num": 2, "%": 0.02564102564102564}, "13": {"num": 5, "%": 0.028735632183908046}, "14": {"num": 11, "%": 0.033846153846153845}, "15": {"num": 1, "%": 0.0035842293906810036}, "16": {"num": 2, "%": 0.010810810810810811}, "17": {"num": 11, "%": 0.05555555555555555}}}, "5": {"num": 64, "community_belong": {"0": {"num": 1, "%": 0.0027247956403269754}, "6": {"num": 59, "%": 0.07783641160949868}, "11": {"num": 3, "%": 0.006607929515418502}, "28": {"num": 1, "%": 0.011904761904761904}}}, "6": {"num": 100, "community_belong": {"1": {"num": 10, "%": 0.0029472443265546712}, "2": {"num": 2, "%": 0.0013623978201634877}, "4": {"num": 1, "%": 0.0022271714922048997}, "6": {"num": 9, "%": 0.011873350923482849}, "7": {"num": 26, "%": 0.07738095238095238}, "11": {"num": 40, "%": 0.0881057268722467}, "13": {"num": 1, "%": 0.005747126436781609}, "18": {"num": 2, "%": 0.004962779156327543}, "28": {"num": 4, "%": 0.047619047619047616}, "30": {"num": 5, "%": 0.1282051282051282}}}, "7": {"num": 6, "community_belong": {"8": {"num": 2, "%": 0.0031496062992125984}, "9": {"num": 4, "%": 0.021505376344086023}}}, "8": {"num": 23, "community_belong": {"2": {"num": 1, "%": 0.0006811989100817438}, "22": {"num": 22, "%": 0.07357859531772576}}}, "9": {"num": 2, "community_belong": {"28": {"num": 2, "%": 0.023809523809523808}}}, "10": {"num": 108, "community_belong": {"0": {"num": 28, "%": 0.07629427792915532}, "1": {"num": 34, "%": 0.010020630710285883}, "2": {"num": 1, "%": 0.0006811989100817438}, "3": {"num": 9, "%": 0.0430622009569378}, "4": {"num": 5, "%": 0.011135857461024499}, "5": {"num": 6, "%": 0.10344827586206896}, "8": {"num": 1, "%": 0.0015748031496062992}, "10": {"num": 3, "%": 0.038461538461538464}, "13": {"num": 7, "%": 0.040229885057471264}, "14": {"num": 5, "%": 0.015384615384615385}, "16": {"num": 4, "%": 0.021621621621621623}, "18": {"num": 1, "%": 0.0024813895781637717}, "19": {"num": 1, "%": 0.043478260869565216}, "21": {"num": 2, "%": 0.018518518518518517}, "24": {"num": 1, "%": 0.005952380952380952}}}, "11": {"num": 3, "community_belong": {"15": {"num": 3, "%": 0.010752688172043012}}}, "12": {"num": 4, "community_belong": {"18": {"num": 4, "%": 0.009925558312655087}}}, "13": {"num": 2, "community_belong": {"6": {"num": 2, "%": 0.002638522427440633}}}, "14": {"num": 9, "community_belong": {"21": {"num": 9, "%": 0.08333333333333333}}}, "15": {"num": 2, "community_belong": {"31": {"num": 2, "%": 0.25}}}, "16": {"num": 2, "community_belong": {"18": {"num": 2, "%": 0.004962779156327543}}}, "17": {"num": 4, "community_belong": {"18": {"num": 4, "%": 0.009925558312655087}}}, "18": {"num": 2, "community_belong": {"18": {"num": 2, "%": 0.004962779156327543}}}, "19": {"num": 3, "community_belong": {"18": {"num": 3, "%": 0.007444168734491315}}}, "20": {"num": 5, "community_belong": {"18": {"num": 5, "%": 0.01240694789081886}}}, "21": {"num": 2, "community_belong": {"7": {"num": 2, "%": 0.005952380952380952}}}, "22": {"num": 2, "community_belong": {"18": {"num": 2, "%": 0.004962779156327543}}}, "23": {"num": 2, "community_belong": {"2": {"num": 2, "%": 0.0013623978201634877}}}, "24": {"num": 2, "community_belong": {"22": {"num": 2, "%": 0.006688963210702341}}}}