{"0": {"num": 1017, "community_belong": {"0": {"num": 12, "%": 0.0326975476839237}, "1": {"num": 851, "%": 0.25081049218980256}, "2": {"num": 5, "%": 0.0034059945504087193}, "4": {"num": 4, "%": 0.008908685968819599}, "5": {"num": 1, "%": 0.017241379310344827}, "6": {"num": 2, "%": 0.002638522427440633}, "7": {"num": 1, "%": 0.002976190476190476}, "8": {"num": 22, "%": 0.03464566929133858}, "11": {"num": 3, "%": 0.006607929515418502}, "13": {"num": 10, "%": 0.05747126436781609}, "14": {"num": 82, "%": 0.2523076923076923}, "16": {"num": 19, "%": 0.10270270270270271}, "17": {"num": 1, "%": 0.005050505050505051}, "25": {"num": 2, "%": 0.08333333333333333}, "29": {"num": 2, "%": 0.006389776357827476}}}, "1": {"num": 170, "community_belong": {"0": {"num": 1, "%": 0.0027247956403269754}, "1": {"num": 104, "%": 0.03065134099616858}, "2": {"num": 12, "%": 0.008174386920980926}, "4": {"num": 6, "%": 0.013363028953229399}, "7": {"num": 35, "%": 0.10416666666666667}, "8": {"num": 3, "%": 0.004724409448818898}, "9": {"num": 2, "%": 0.010752688172043012}, "11": {"num": 1, "%": 0.0022026431718061676}, "13": {"num": 3, "%": 0.017241379310344827}, "17": {"num": 1, "%": 0.005050505050505051}, "23": {"num": 1, "%": 0.022222222222222223}, "24": {"num": 1, "%": 0.005952380952380952}}}, "2": {"num": 193, "community_belong": {"0": {"num": 2, "%": 0.005449591280653951}, "4": {"num": 114, "%": 0.25389755011135856}, "6": {"num": 67, "%": 0.08839050131926121}, "7": {"num": 1, "%": 0.002976190476190476}, "8": {"num": 3, "%": 0.004724409448818898}, "9": {"num": 1, "%": 0.005376344086021506}, "29": {"num": 5, "%": 0.01597444089456869}}}, "3": {"num": 257, "community_belong": {"0": {"num": 4, "%": 0.010899182561307902}, "1": {"num": 46, "%": 0.013557323902151489}, "2": {"num": 1, "%": 0.0006811989100817438}, "4": {"num": 53, "%": 0.11804008908685969}, "6": {"num": 1, "%": 0.0013192612137203166}, "8": {"num": 121, "%": 0.19055118110236222}, "11": {"num": 2, "%": 0.004405286343612335}, "14": {"num": 19, "%": 0.05846153846153846}, "16": {"num": 10, "%": 0.05405405405405406}}}, "4": {"num": 855, "community_belong": {"0": {"num": 6, "%": 0.01634877384196185}, "1": {"num": 23, "%": 0.006778661951075744}, "2": {"num": 714, "%": 0.48637602179836514}, "4": {"num": 5, "%": 0.011135857461024499}, "5": {"num": 1, "%": 0.017241379310344827}, "6": {"num": 4, "%": 0.005277044854881266}, "7": {"num": 1, "%": 0.002976190476190476}, "8": {"num": 4, "%": 0.006299212598425197}, "9": {"num": 18, "%": 0.0967741935483871}, "11": {"num": 20, "%": 0.04405286343612335}, "12": {"num": 1, "%": 0.04}, "14": {"num": 2, "%": 0.006153846153846154}, "15": {"num": 19, "%": 0.06810035842293907}, "18": {"num": 10, "%": 0.02481389578163772}, "21": {"num": 4, "%": 0.037037037037037035}, "22": {"num": 1, "%": 0.0033444816053511705}, "23": {"num": 2, "%": 0.044444444444444446}, "24": {"num": 11, "%": 0.06547619047619048}, "27": {"num": 1, "%": 0.14285714285714285}, "28": {"num": 6, "%": 0.07142857142857142}, "29": {"num": 1, "%": 0.003194888178913738}, "30": {"num": 1, "%": 0.02564102564102564}}}, "5": {"num": 344, "community_belong": {"1": {"num": 6, "%": 0.0017683465959328027}, "2": {"num": 15, "%": 0.010217983651226158}, "6": {"num": 93, "%": 0.12269129287598944}, "7": {"num": 11, "%": 0.03273809523809524}, "8": {"num": 1, "%": 0.0015748031496062992}, "9": {"num": 9, "%": 0.04838709677419355}, "11": {"num": 153, "%": 0.3370044052863436}, "12": {"num": 2, "%": 0.08}, "13": {"num": 2, "%": 0.011494252873563218}, "18": {"num": 22, "%": 0.05459057071960298}, "22": {"num": 1, "%": 0.0033444816053511705}, "24": {"num": 1, "%": 0.005952380952380952}, "28": {"num": 2, "%": 0.023809523809523808}, "29": {"num": 3, "%": 0.009584664536741214}, "30": {"num": 18, "%": 0.46153846153846156}, "32": {"num": 5, "%": 0.1111111111111111}}}, "6": {"num": 416, "community_belong": {"0": {"num": 1, "%": 0.0027247956403269754}, "2": {"num": 3, "%": 0.0020435967302452314}, "3": {"num": 10, "%": 0.04784688995215311}, "4": {"num": 4, "%": 0.008908685968819599}, "6": {"num": 381, "%": 0.5026385224274407}, "7": {"num": 1, "%": 0.002976190476190476}, "10": {"num": 4, "%": 0.05128205128205128}, "11": {"num": 10, "%": 0.022026431718061675}, "13": {"num": 1, "%": 0.005747126436781609}, "22": {"num": 1, "%": 0.0033444816053511705}}}, "7": {"num": 38, "community_belong": {"1": {"num": 7, "%": 0.00206307102858827}, "8": {"num": 1, "%": 0.0015748031496062992}, "10": {"num": 30, "%": 0.38461538461538464}}}, "8": {"num": 169, "community_belong": {"2": {"num": 1, "%": 0.0006811989100817438}, "18": {"num": 6, "%": 0.01488833746898263}, "29": {"num": 162, "%": 0.5175718849840255}}}, "9": {"num": 182, "community_belong": {"0": {"num": 6, "%": 0.01634877384196185}, "2": {"num": 1, "%": 0.0006811989100817438}, "9": {"num": 3, "%": 0.016129032258064516}, "18": {"num": 169, "%": 0.41935483870967744}, "28": {"num": 2, "%": 0.023809523809523808}, "29": {"num": 1, "%": 0.003194888178913738}}}, "10": {"num": 222, "community_belong": {"0": {"num": 7, "%": 0.01907356948228883}, "1": {"num": 42, "%": 0.01237842617152962}, "2": {"num": 35, "%": 0.023841961852861037}, "3": {"num": 1, "%": 0.004784688995215311}, "4": {"num": 46, "%": 0.10244988864142539}, "8": {"num": 66, "%": 0.10393700787401575}, "10": {"num": 3, "%": 0.038461538461538464}, "12": {"num": 2, "%": 0.08}, "13": {"num": 14, "%": 0.08045977011494253}, "17": {"num": 4, "%": 0.020202020202020204}, "18": {"num": 2, "%": 0.004962779156327543}}}, "11": {"num": 81, "community_belong": {"2": {"num": 1, "%": 0.0006811989100817438}, "21": {"num": 80, "%": 0.7407407407407407}}}, "12": {"num": 893, "community_belong": {"0": {"num": 5, "%": 0.013623978201634877}, "1": {"num": 713, "%": 0.21013852048334808}, "2": {"num": 11, "%": 0.007493188010899182}, "4": {"num": 34, "%": 0.0757238307349666}, "5": {"num": 4, "%": 0.06896551724137931}, "7": {"num": 1, "%": 0.002976190476190476}, "8": {"num": 40, "%": 0.06299212598425197}, "10": {"num": 4, "%": 0.05128205128205128}, "11": {"num": 2, "%": 0.004405286343612335}, "13": {"num": 16, "%": 0.09195402298850575}, "14": {"num": 25, "%": 0.07692307692307693}, "15": {"num": 1, "%": 0.0035842293906810036}, "16": {"num": 14, "%": 0.07567567567567568}, "17": {"num": 20, "%": 0.10101010101010101}, "20": {"num": 1, "%": 0.07142857142857142}, "24": {"num": 1, "%": 0.005952380952380952}, "25": {"num": 1, "%": 0.041666666666666664}}}, "13": {"num": 133, "community_belong": {"7": {"num": 133, "%": 0.3958333333333333}}}, "14": {"num": 146, "community_belong": {"1": {"num": 13, "%": 0.0038314176245210726}, "4": {"num": 1, "%": 0.0022271714922048997}, "6": {"num": 2, "%": 0.002638522427440633}, "8": {"num": 3, "%": 0.004724409448818898}, "14": {"num": 14, "%": 0.043076923076923075}, "17": {"num": 113, "%": 0.5707070707070707}}}, "15": {"num": 296, "community_belong": {"0": {"num": 156, "%": 0.4250681198910082}, "1": {"num": 29, "%": 0.008547008547008548}, "2": {"num": 8, "%": 0.005449591280653951}, "3": {"num": 69, "%": 0.33014354066985646}, "4": {"num": 2, "%": 0.004454342984409799}, "5": {"num": 1, "%": 0.017241379310344827}, "6": {"num": 1, "%": 0.0013192612137203166}, "14": {"num": 18, "%": 0.055384615384615386}, "16": {"num": 1, "%": 0.005405405405405406}, "19": {"num": 11, "%": 0.4782608695652174}}}, "16": {"num": 104, "community_belong": {"0": {"num": 2, "%": 0.005449591280653951}, "1": {"num": 5, "%": 0.0014736221632773356}, "2": {"num": 7, "%": 0.004768392370572207}, "5": {"num": 14, "%": 0.2413793103448276}, "16": {"num": 76, "%": 0.41081081081081083}}}, "17": {"num": 119, "community_belong": {"22": {"num": 119, "%": 0.3979933110367893}}}, "18": {"num": 65, "community_belong": {"1": {"num": 5, "%": 0.0014736221632773356}, "2": {"num": 2, "%": 0.0013623978201634877}, "7": {"num": 53, "%": 0.15773809523809523}, "14": {"num": 5, "%": 0.015384615384615385}}}, "19": {"num": 28, "community_belong": {"1": {"num": 12, "%": 0.0035366931918656055}, "2": {"num": 5, "%": 0.0034059945504087193},