{"0": {"num": 45, "community_belong": {"1": {"num": 21, "%": 0.00618921308576481}, "2": {"num": 12, "%": 0.008174386920980926}, "6": {"num": 1, "%": 0.0013192612137203166}, "8": {"num": 9, "%": 0.014173228346456693}, "13": {"num": 2, "%": 0.011494252873563218}}}, "1": {"num": 209, "community_belong": {"0": {"num": 3, "%": 0.008174386920980926}, "1": {"num": 35, "%": 0.01031535514294135}, "2": {"num": 16, "%": 0.010899182561307902}, "3": {"num": 1, "%": 0.004784688995215311}, "4": {"num": 5, "%": 0.011135857461024499}, "6": {"num": 5, "%": 0.006596306068601583}, "7": {"num": 1, "%": 0.002976190476190476}, "8": {"num": 112, "%": 0.1763779527559055}, "10": {"num": 4, "%": 0.05128205128205128}, "11": {"num": 3, "%": 0.006607929515418502}, "13": {"num": 3, "%": 0.017241379310344827}, "14": {"num": 6, "%": 0.018461538461538463}, "15": {"num": 1, "%": 0.0035842293906810036}, "16": {"num": 4, "%": 0.021621621621621623}, "17": {"num": 5, "%": 0.025252525252525252}, "18": {"num": 1, "%": 0.0024813895781637717}, "19": {"num": 1, "%": 0.043478260869565216}, "22": {"num": 1, "%": 0.0033444816053511705}, "25": {"num": 2, "%": 0.08333333333333333}}}, "2": {"num": 37, "community_belong": {"0": {"num": 4, "%": 0.010899182561307902}, "1": {"num": 2, "%": 0.0005894488653109342}, "2": {"num": 8, "%": 0.005449591280653951}, "4": {"num": 13, "%": 0.028953229398663696}, "6": {"num": 6, "%": 0.0079155672823219}, "10": {"num": 1, "%": 0.01282051282051282}, "13": {"num": 1, "%": 0.005747126436781609}, "14": {"num": 2, "%": 0.006153846153846154}}}, "3": {"num": 200, "community_belong": {"0": {"num": 2, "%": 0.005449591280653951}, "1": {"num": 21, "%": 0.00618921308576481}, "2": {"num": 102, "%": 0.06948228882833787}, "3": {"num": 2, "%": 0.009569377990430622}, "4": {"num": 26, "%": 0.05790645879732739}, "6": {"num": 10, "%": 0.013192612137203167}, "8": {"num": 6, "%": 0.009448818897637795}, "10": {"num": 2, "%": 0.02564102564102564}, "11": {"num": 6, "%": 0.013215859030837005}, "13": {"num": 3, "%": 0.017241379310344827}, "14": {"num": 2, "%": 0.006153846153846154}, "15": {"num": 5, "%": 0.017921146953405017}, "16": {"num": 2, "%": 0.010810810810810811}, "17": {"num": 3, "%": 0.015151515151515152}, "22": {"num": 3, "%": 0.010033444816053512}, "24": {"num": 3, "%": 0.017857142857142856}, "30": {"num": 2, "%": 0.05128205128205128}}}, "4": {"num": 33, "community_belong": {"1": {"num": 1, "%": 0.0002947244326554671}, "2": {"num": 17, "%": 0.011580381471389645}, "6": {"num": 1, "%": 0.0013192612137203166}, "7": {"num": 1, "%": 0.002976190476190476}, "9": {"num": 7, "%": 0.03763440860215054}, "11": {"num": 1, "%": 0.0022026431718061676}, "18": {"num": 1, "%": 0.0024813895781637717}, "24": {"num": 1, "%": 0.005952380952380952}, "28": {"num": 1, "%": 0.011904761904761904}, "29": {"num": 2, "%": 0.006389776357827476}}}, "5": {"num": 34, "community_belong": {"2": {"num": 1, "%": 0.0006811989100817438}, "7": {"num": 31, "%": 0.09226190476190477}, "11": {"num": 2, "%": 0.004405286343612335}}}}