{"0": {"num": 86, "community_belong": {"0": {"num": 8, "%": 0.021798365122615803}, "1": {"num": 26, "%": 0.007662835249042145}, "2": {"num": 36, "%": 0.02452316076294278}, "4": {"num": 1, "%": 0.0022271714922048997}, "9": {"num": 8, "%": 0.043010752688172046}, "11": {"num": 2, "%": 0.004405286343612335}, "13": {"num": 1, "%": 0.005747126436781609}, "15": {"num": 2, "%": 0.007168458781362007}, "16": {"num": 2, "%": 0.010810810810810811}}}, "1": {"num": 82, "community_belong": {"0": {"num": 4, "%": 0.010899182561307902}, "1": {"num": 3, "%": 0.0008841732979664014}, "2": {"num": 56, "%": 0.03814713896457766}, "9": {"num": 2, "%": 0.010752688172043012}, "11": {"num": 1, "%": 0.0022026431718061676}, "14": {"num": 7, "%": 0.021538461538461538}, "15": {"num": 8, "%": 0.02867383512544803}, "30": {"num": 1, "%": 0.02564102564102564}}}, "2": {"num": 65, "community_belong": {"0": {"num": 6, "%": 0.01634877384196185}, "1": {"num": 29, "%": 0.008547008547008548}, "2": {"num": 7, "%": 0.004768392370572207}, "3": {"num": 2, "%": 0.009569377990430622}, "4": {"num": 6, "%": 0.013363028953229399}, "6": {"num": 1, "%": 0.0013192612137203166}, "7": {"num": 1, "%": 0.002976190476190476}, "8": {"num": 2, "%": 0.0031496062992125984}, "10": {"num": 2, "%": 0.02564102564102564}, "11": {"num": 5, "%": 0.011013215859030838}, "14": {"num": 1, "%": 0.003076923076923077}, "16": {"num": 1, "%": 0.005405405405405406}, "17": {"num": 1, "%": 0.005050505050505051}, "22": {"num": 1, "%": 0.0033444816053511705}}}, "3": {"num": 90, "community_belong": {"0": {"num": 5, "%": 0.013623978201634877}, "1": {"num": 6, "%": 0.0017683465959328027}, "2": {"num": 3, "%": 0.0020435967302452314}, "4": {"num": 54, "%": 0.12026726057906459}, "6": {"num": 10, "%": 0.013192612137203167}, "7": {"num": 1, "%": 0.002976190476190476}, "8": {"num": 2, "%": 0.0031496062992125984}, "10": {"num": 2, "%": 0.02564102564102564}, "11": {"num": 1, "%": 0.0022026431718061676}, "13": {"num": 1, "%": 0.005747126436781609}, "15": {"num": 1, "%": 0.0035842293906810036}, "17": {"num": 1, "%": 0.005050505050505051}, "22": {"num": 2, "%": 0.006688963210702341}, "24": {"num": 1, "%": 0.005952380952380952}}}, "4": {"num": 39, "community_belong": {"2": {"num": 35, "%": 0.023841961852861037}, "11": {"num": 1, "%": 0.0022026431718061676}, "15": {"num": 1, "%": 0.0035842293906810036}, "24": {"num": 1, "%": 0.005952380952380952}, "26": {"num": 1, "%": 0.08333333333333333}}}, "5": {"num": 50, "community_belong": {"1": {"num": 31, "%": 0.009136457412319481}, "4": {"num": 5, "%": 0.011135857461024499}, "6": {"num": 7, "%": 0.009234828496042216}, "8": {"num": 4, "%": 0.006299212598425197}, "14": {"num": 2, "%": 0.006153846153846154}, "25": {"num": 1, "%": 0.041666666666666664}}}, "6": {"num": 39, "community_belong": {"1": {"num": 1, "%": 0.0002947244326554671}, "2": {"num": 27, "%": 0.018392370572207085}, "9": {"num": 11, "%": 0.05913978494623656}}}, "7": {"num": 5, "community_belong": {"24": {"num": 5, "%": 0.02976190476190476}}}, "8": {"num": 234, "community_belong": {"0": {"num": 2, "%": 0.005449591280653951}, "1": {"num": 191, "%": 0.056292366637194224}, "2": {"num": 3, "%": 0.0020435967302452314}, "4": {"num": 2, "%": 0.004454342984409799}, "6": {"num": 1, "%": 0.0013192612137203166}, "8": {"num": 13, "%": 0.02047244094488189}, "11": {"num": 3, "%": 0.006607929515418502}, "13": {"num": 4, "%": 0.022988505747126436}, "14": {"num": 5, "%": 0.015384615384615385}, "16": {"num": 3, "%": 0.016216216216216217}, "17": {"num": 4, "%": 0.020202020202020204}, "19": {"num": 2, "%": 0.08695652173913043}, "33": {"num": 1, "%": 0.2}}}, "9": {"num": 273, "community_belong": {"0": {"num": 7, "%": 0.01907356948228883}, "1": {"num": 24, "%": 0.007073386383731211}, "2": {"num": 170, "%": 0.11580381471389646}, "4": {"num": 25, "%": 0.0556792873051225}, "6": {"num": 10, "%": 0.013192612137203167}, "7": {"num": 1, "%": 0.002976190476190476}, "8": {"num": 5, "%": 0.007874015748031496}, "11": {"num": 6, "%": 0.013215859030837005}, "13": {"num": 2, "%": 0.011494252873563218}, "14": {"num": 4, "%": 0.012307692307692308}, "15": {"num": 7, "%": 0.025089605734767026}, "17": {"num": 5, "%": 0.025252525252525252}, "18": {"num": 1, "%": 0.0024813895781637717}, "22": {"num": 3, "%": 0.010033444816053512}, "24": {"num": 2, "%": 0.011904761904761904}, "30": {"num": 1, "%": 0.02564102564102564}}}, "10": {"num": 67, "community_belong": {"1": {"num": 6, "%": 0.0017683465959328027}, "2": {"num": 4, "%": 0.0027247956403269754}, "3": {"num": 1, "%": 0.004784688995215311}, "4": {"num": 1, "%": 0.0022271714922048997}, "5": {"num": 1, "%": 0.017241379310344827}, "6": {"num": 3, "%": 0.00395778364116095}, "7": {"num": 1, "%": 0.002976190476190476}, "8": {"num": 41, "%": 0.06456692913385827}, "11": {"num": 4, "%": 0.00881057268722467}, "13": {"num": 2, "%": 0.011494252873563218}, "14": {"num": 1, "%": 0.003076923076923077}, "22": {"num": 2, "%": 0.006688963210702341}}}, "11": {"num": 25, "community_belong": {"1": {"num": 1, "%": 0.0002947244326554671}, "2": {"num": 1, "%": 0.0006811989100817438}, "4": {"num": 1, "%": 0.0022271714922048997}, "6": {"num": 17, "%": 0.022427440633245383}, "11": {"num": 2, "%": 0.004405286343612335}, "16": {"num": 1, "%": 0.005405405405405406}, "28": {"num": 1, "%": 0.011904761904761904}, "30": {"num": 1, "%": 0.02564102564102564}}}, "12": {"num": 62, "community_belong": {"4": {"num": 1, "%": 0.0022271714922048997}, "6": {"num": 1, "%": 0.0013192612137203166}, "22": {"num": 60, "%": 0.20066889632107024}}}}