{"0": {"num": 882, "community_belong": {"0": {"num": 16, "%": 0.043596730245231606}, "1": {"num": 624, "%": 0.1839080459770115}, "2": {"num": 4, "%": 0.0027247956403269754}, "3": {"num": 7, "%": 0.03349282296650718}, "4": {"num": 45, "%": 0.10022271714922049}, "5": {"num": 3, "%": 0.05172413793103448}, "6": {"num": 2, "%": 0.002638522427440633}, "7": {"num": 2, "%": 0.005952380952380952}, "8": {"num": 88, "%": 0.13858267716535433}, "10": {"num": 9, "%": 0.11538461538461539}, "11": {"num": 5, "%": 0.011013215859030838}, "13": {"num": 7, "%": 0.040229885057471264}, "14": {"num": 7, "%": 0.021538461538461538}, "16": {"num": 32, "%": 0.17297297297297298}, "17": {"num": 29, "%": 0.14646464646464646}, "25": {"num": 2, "%": 0.08333333333333333}}}, "1": {"num": 200, "community_belong": {"18": {"num": 50, "%": 0.12406947890818859}, "29": {"num": 150, "%": 0.4792332268370607}}}, "2": {"num": 39, "community_belong": {"1": {"num": 26, "%": 0.007662835249042145}, "19": {"num": 11, "%": 0.4782608695652174}, "31": {"num": 2, "%": 0.25}}}, "3": {"num": 1014, "community_belong": {"0": {"num": 11, "%": 0.02997275204359673}, "1": {"num": 38, "%": 0.011199528440907752}, "2": {"num": 795, "%": 0.5415531335149864}, "4": {"num": 19, "%": 0.042316258351893093}, "6": {"num": 6, "%": 0.0079155672823219}, "8": {"num": 20, "%": 0.031496062992125984}, "9": {"num": 14, "%": 0.07526881720430108}, "11": {"num": 8, "%": 0.01762114537444934}, "12": {"num": 8, "%": 0.32}, "14": {"num": 12, "%": 0.036923076923076927}, "15": {"num": 41, "%": 0.14695340501792115}, "17": {"num": 1, "%": 0.005050505050505051}, "18": {"num": 12, "%": 0.02977667493796526}, "22": {"num": 2, "%": 0.006688963210702341}, "23": {"num": 3, "%": 0.06666666666666667}, "24": {"num": 21, "%": 0.125}, "27": {"num": 1, "%": 0.14285714285714285}, "29": {"num": 1, "%": 0.003194888178913738}, "30": {"num": 1, "%": 0.02564102564102564}}}, "4": {"num": 57, "community_belong": {"2": {"num": 5, "%": 0.0034059945504087193}, "9": {"num": 52, "%": 0.27956989247311825}}}, "5": {"num": 84, "community_belong": {"0": {"num": 9, "%": 0.02452316076294278}, "2": {"num": 3, "%": 0.0020435967302452314}, "6": {"num": 2, "%": 0.002638522427440633}, "8": {"num": 38, "%": 0.05984251968503937}, "13": {"num": 31, "%": 0.1781609195402299}, "14": {"num": 1, "%": 0.003076923076923077}}}, "6": {"num": 100, "community_belong": {"0": {"num": 1, "%": 0.0027247956403269754}, "1": {"num": 3, "%": 0.0008841732979664014}, "2": {"num": 8, "%": 0.005449591280653951}, "5": {"num": 1, "%": 0.017241379310344827}, "6": {"num": 1, "%": 0.0013192612137203166}, "8": {"num": 80, "%": 0.12598425196850394}, "13": {"num": 1, "%": 0.005747126436781609}, "19": {"num": 5, "%": 0.21739130434782608}}}, "7": {"num": 160, "community_belong": {"2": {"num": 1, "%": 0.0006811989100817438}, "6": {"num": 157, "%": 0.20712401055408972}, "10": {"num": 1, "%": 0.01282051282051282}, "11": {"num": 1, "%": 0.0022026431718061676}}}, "8": {"num": 634, "community_belong": {"0": {"num": 14, "%": 0.03814713896457766}, "1": {"num": 493, "%": 0.1452991452991453}, "2": {"num": 6, "%": 0.004087193460490463}, "4": {"num": 18, "%": 0.0400890868596882}, "6": {"num": 6, "%": 0.0079155672823219}, "7": {"num": 3, "%": 0.008928571428571428}, "8": {"num": 20, "%": 0.031496062992125984}, "9": {"num": 4, "%": 0.021505376344086023}, "10": {"num": 6, "%": 0.07692307692307693}, "11": {"num": 9, "%": 0.019823788546255508}, "13": {"num": 5, "%": 0.028735632183908046}, "14": {"num": 15, "%": 0.046153846153846156}, "16": {"num": 16, "%": 0.08648648648648649}, "17": {"num": 3, "%": 0.015151515151515152}, "18": {"num": 2, "%": 0.004962779156327543}, "20": {"num": 1, "%": 0.07142857142857142}, "25": {"num": 1, "%": 0.041666666666666664}, "28": {"num": 5, "%": 0.05952380952380952}, "29": {"num": 1, "%": 0.003194888178913738}, "30": {"num": 6, "%": 0.15384615384615385}}}, "9": {"num": 92, "community_belong": {"22": {"num": 92, "%": 0.3076923076923077}}}, "10": {"num": 147, "community_belong": {"6": {"num": 8, "%": 0.010554089709762533}, "7": {"num": 135, "%": 0.4017857142857143}, "11": {"num": 4, "%": 0.00881057268722467}}}, "11": {"num": 280, "community_belong": {"0": {"num": 84, "%": 0.22888283378746593}, "1": {"num": 41, "%": 0.012083701738874153}, "2": {"num": 57, "%": 0.0388283378746594}, "4": {"num": 5, "%": 0.011135857461024499}, "5": {"num": 1, "%": 0.017241379310344827}, "6": {"num": 8, "%": 0.010554089709762533}, "8": {"num": 3, "%": 0.004724409448818898}, "10": {"num": 3, "%": 0.038461538461538464}, "11": {"num": 4, "%": 0.00881057268722467}, "13": {"num": 38, "%": 0.21839080459770116}, "14": {"num": 3, "%": 0.009230769230769232}, "16": {"num": 11, "%": 0.05945945945945946}, "17": {"num": 1, "%": 0.005050505050505051}, "20": {"num": 4, "%": 0.2857142857142857}, "21": {"num": 1, "%": 0.009259259259259259}, "22": {"num": 3, "%": 0.010033444816053512}, "25": {"num": 3, "%": 0.125}, "29": {"num": 10, "%": 0.03194888178913738}}}, "12": {"num": 120, "community_belong": {"0": {"num": 1, "%": 0.0027247956403269754}, "2": {"num": 1, "%": 0.0006811989100817438}, "4": {"num": 1, "%": 0.0022271714922048997}, "6": {"num": 80, "%": 0.10554089709762533}, "13": {"num": 3, "%": 0.017241379310344827}, "22": {"num": 2, "%": 0.006688963210702341}, "24": {"num": 32, "%": 0.19047619047619047}}}, "13": {"num": 140, "community_belong": {"0": {"num": 4, "%": 0.010899182561307902}, "1": {"num": 8, "%": 0.002357795461243737}, "2": {"num": 4, "%": 0.0027247956403269754}, "4": {"num": 5, "%": 0.011135857461024499}, "8": {"num": 9, "%": 0.014173228346456693}, "11": {"num": 2, "%": 0.004405286343612335}, "13": {"num": 4, "%": 0.022988505747126436}, "14": {"num": 96, "%": 0.2953846153846154}, "17": {"num": 8, "%": 0.04040404040404041}}}, "14": {"num": 206, "community_belong": {"1": {"num": 2, "%": 0.0005894488653109342}, "2": {"num": 2, "%": 0.0013623978201634877}, "4": {"num": 2, "%": 0.004454342984409799}, "6": {"num": 2, "%": 0.002638522427440633}, "7": {"num": 1, "%": 0.002976190476190476}, "8": {"num": 1, "%": 0.0015748031496062992}, "11": {"num": 167, "%": 0.36784140969163}, "13": {"num": 21, "%": 0.1206896551724138}, "18": {"num": 3, "%": 0.007444168734491315}, "29": {"num": 5, "%": 0.01597444089456869}}}, "15": {"num": 6, "community_belong": {"2": {"num": 4, "%": 0.0027247956403269754}, "27": {"num": 2, "%": 0.2857142857142857}}}, "16": {"num": 5, "community_belong": {"23": {"num": 5, "%": 0.1111111111111111}}}, "17": {"num": 88, "community_belong": {"0": {"num": 9, "%": 0.02452316076294278}, "1": {"num": 6, "%": 0.0017683465959328027}, "2": {"num": 50, "%": 0.0340599455040872}, "11": {"num": 1, "%": 0.0022026431718061676}, "18": {"num": 8, "%": 0.019851116625310174}, "28": {"num": 9, "%": 0.10714285714285714}, "30": {"num": 5, "%": 0.1282051282051282}}}, "18": {"num": 81, "community_belong": {"0": {"num": 7, "%": 0.01907356948228883}, "2": {"num": 7, "%": 0.004768392370572207}, "11": {"num": 7, "%": 0.015418502202643172}, "18": {"num": 49, "%": 0.12158808933002481}, "23": {"num": 11, "%": 0.24444444444444444}}}, "19": {"num": 166, "community_belong": {"0": {"num": 2, "%": 0.005449591280653951}, "1": {"num": 1, "%": 0.0002947244326554671}, "3": {"num": 163, "%": 0.7799043062200957}}}, "20": {"num": 159, "community_belong": {"1": {"num": 1, "%": 0.0002947244326554671}, "2": {"num": 5, "%": 0.0034059945504087193}, "4": {"num": 117, "%": 0.26057906458797325}, "6": {"num": 12, "%": 0.0158311345646438}, "7": {"num": 2, "%": 0.005952380952380952}, "10": {"num": 3, "%": 0.038461538461538464}, "11": {"num": 18, "%": 0.039647577092511016}, "13": {"num": 1, "%": 0.005747126436781609}}}, "21": {"num": 203, "community_belong": {"0": {"num": 5, "%": 0.013623978201634877}, "1": {"num": 158, "%": 0.046566460359563806}, "2": {"num": 3, "%": 0.0020435967302452314}, "3": {"num": 1, "%": 0.004784688995215311}, "4": {"num": 4, "%": 0.008908685968819599}, "8": {"num": 11, "%": 0.01732283464566929}, "10": {"num": 2, "%": 0.02564102564102564},