{"0": {"num": 176, "community_belong": {"0": {"num": 12, "%": 0.0326975476839237}, "1": {"num": 9, "%": 0.002652519893899204}, "2": {"num": 9, "%": 0.006130790190735695}, "3": {"num": 8, "%": 0.03827751196172249}, "4": {"num": 2, "%": 0.004454342984409799}, "6": {"num": 10, "%": 0.013192612137203167}, "7": {"num": 2, "%": 0.005952380952380952}, "10": {"num": 1, "%": 0.01282051282051282}, "11": {"num": 2, "%": 0.004405286343612335}, "12": {"num": 1, "%": 0.04}, "14": {"num": 3, "%": 0.009230769230769232}, "15": {"num": 1, "%": 0.0035842293906810036}, "17": {"num": 1, "%": 0.005050505050505051}, "22": {"num": 1, "%": 0.0033444816053511705}, "24": {"num": 3, "%": 0.017857142857142856}, "29": {"num": 1, "%": 0.003194888178913738}}}, "1": {"num": 10, "community_belong": {"1": {"num": 1, "%": 0.0002947244326554671}, "4": {"num": 1, "%": 0.0022271714922048997}, "6": {"num": 1, "%": 0.0013192612137203166}, "14": {"num": 1, "%": 0.003076923076923077}}}, "2": {"num": 329, "community_belong": {"0": {"num": 13, "%": 0.035422343324250684}, "1": {"num": 32, "%": 0.009431181844974948}, "2": {"num": 13, "%": 0.008855585831062671}, "3": {"num": 6, "%": 0.028708133971291867}, "4": {"num": 12, "%": 0.026726057906458798}, "5": {"num": 3, "%": 0.05172413793103448}, "6": {"num": 5, "%": 0.006596306068601583}, "7": {"num": 4, "%": 0.011904761904761904}, "8": {"num": 7, "%": 0.011023622047244094}, "9": {"num": 4, "%": 0.021505376344086023}, "11": {"num": 4, "%": 0.00881057268722467}, "12": {"num": 1, "%": 0.04}, "13": {"num": 2, "%": 0.011494252873563218}, "14": {"num": 3, "%": 0.009230769230769232}, "15": {"num": 4, "%": 0.014336917562724014}, "16": {"num": 1, "%": 0.005405405405405406}, "17": {"num": 1, "%": 0.005050505050505051}, "18": {"num": 2, "%": 0.004962779156327543}, "19": {"num": 1, "%": 0.043478260869565216}, "22": {"num": 5, "%": 0.016722408026755852}, "24": {"num": 5, "%": 0.02976190476190476}, "28": {"num": 1, "%": 0.011904761904761904}, "29": {"num": 6, "%": 0.019169329073482427}}}, "3": {"num": 83, "community_belong": {"0": {"num": 1, "%": 0.0027247956403269754}, "1": {"num": 2, "%": 0.0005894488653109342}, "2": {"num": 5, "%": 0.0034059945504087193}, "6": {"num": 2, "%": 0.002638522427440633}, "7": {"num": 1, "%": 0.002976190476190476}, "9": {"num": 1, "%": 0.005376344086021506}, "11": {"num": 4, "%": 0.00881057268722467}, "17": {"num": 2, "%": 0.010101010101010102}, "19": {"num": 1, "%": 0.043478260869565216}, "22": {"num": 2, "%": 0.006688963210702341}, "28": {"num": 1, "%": 0.011904761904761904}}}, "4": {"num": 221, "community_belong": {"0": {"num": 5, "%": 0.013623978201634877}, "1": {"num": 21, "%": 0.00618921308576481}, "2": {"num": 16, "%": 0.010899182561307902}, "3": {"num": 3, "%": 0.014354066985645933}, "5": {"num": 9, "%": 0.15517241379310345}, "6": {"num": 9, "%": 0.011873350923482849}, "7": {"num": 5, "%": 0.01488095238095238}, "8": {"num": 7, "%": 0.011023622047244094}, "9": {"num": 1, "%": 0.005376344086021506}, "11": {"num": 4, "%": 0.00881057268722467}, "13": {"num": 2, "%": 0.011494252873563218}, "14": {"num": 2, "%": 0.006153846153846154}, "17": {"num": 3, "%": 0.015151515151515152}, "18": {"num": 3, "%": 0.007444168734491315}, "22": {"num": 2, "%": 0.006688963210702341}, "23": {"num": 1, "%": 0.022222222222222223}, "24": {"num": 2, "%": 0.011904761904761904}, "28": {"num": 1, "%": 0.011904761904761904}, "29": {"num": 2, "%": 0.006389776357827476}}}, "5": {"num": 44, "community_belong": {"1": {"num": 2, "%": 0.0005894488653109342}, "3": {"num": 2, "%": 0.009569377990430622}, "8": {"num": 1, "%": 0.0015748031496062992}, "10": {"num": 1, "%": 0.01282051282051282}, "11": {"num": 4, "%": 0.00881057268722467}, "14": {"num": 1, "%": 0.003076923076923077}}}, "6": {"num": 61, "community_belong": {"1": {"num": 10, "%": 0.0029472443265546712}, "2": {"num": 6, "%": 0.004087193460490463}, "3": {"num": 1, "%": 0.004784688995215311}, "4": {"num": 1, "%": 0.0022271714922048997}, "6": {"num": 3, "%": 0.00395778364116095}, "8": {"num": 1, "%": 0.0015748031496062992}, "9": {"num": 1, "%": 0.005376344086021506}, "11": {"num": 2, "%": 0.004405286343612335}, "18": {"num": 1, "%": 0.0024813895781637717}, "19": {"num": 1, "%": 0.043478260869565216}, "22": {"num": 1, "%": 0.0033444816053511705}, "24": {"num": 2, "%": 0.011904761904761904}, "30": {"num": 1, "%": 0.02564102564102564}}}, "7": {"num": 81, "community_belong": {"0": {"num": 1, "%": 0.0027247956403269754}, "1": {"num": 7, "%": 0.00206307102858827}, "2": {"num": 3, "%": 0.0020435967302452314}, "3": {"num": 2, "%": 0.009569377990430622}, "4": {"num": 1, "%": 0.0022271714922048997}, "6": {"num": 6, "%": 0.0079155672823219}, "10": {"num": 1, "%": 0.01282051282051282}, "11": {"num": 3, "%": 0.006607929515418502}, "14": {"num": 2, "%": 0.006153846153846154}, "17": {"num": 1, "%": 0.005050505050505051}, "18": {"num": 1, "%": 0.0024813895781637717}, "22": {"num": 6, "%": 0.020066889632107024}, "29": {"num": 1, "%": 0.003194888178913738}, "32": {"num": 1, "%": 0.022222222222222223}}}, "8": {"num": 56, "community_belong": {"0": {"num": 2, "%": 0.005449591280653951}, "1": {"num": 7, "%": 0.00206307102858827}, "2": {"num": 1, "%": 0.0006811989100817438}, "3": {"num": 1, "%": 0.004784688995215311}, "4": {"num": 2, "%": 0.004454342984409799}, "6": {"num": 1, "%": 0.0013192612137203166}, "7": {"num": 2, "%": 0.005952380952380952}, "8": {"num": 3, "%": 0.004724409448818898}, "11": {"num": 1, "%": 0.0022026431718061676}, "13": {"num": 1, "%": 0.005747126436781609}, "14": {"num": 1, "%": 0.003076923076923077}, "30": {"num": 1, "%": 0.02564102564102564}}}, "9": {"num": 23, "community_belong": {"1": {"num": 4, "%": 0.0011788977306218685}, "2": {"num": 2, "%": 0.0013623978201634877}, "6": {"num": 2, "%": 0.002638522427440633}, "7": {"num": 1, "%": 0.002976190476190476}, "15": {"num": 1, "%": 0.0035842293906810036}, "16": {"num": 1, "%": 0.005405405405405406}, "18": {"num": 1, "%": 0.0024813895781637717}}}, "10": {"num": 10, "community_belong": {"1": {"num": 1, "%": 0.0002947244326554671}, "2": {"num": 3, "%": 0.0020435967302452314}, "6": {"num": 1, "%": 0.0013192612137203166}, "21": {"num": 1, "%": 0.009259259259259259}}}, "11": {"num": 20, "community_belong": {"1": {"num": 2, "%": 0.0005894488653109342}, "2": {"num": 2, "%": 0.0013623978201634877}, "15": {"num": 1, "%": 0.0035842293906810036}, "18": {"num": 1, "%": 0.0024813895781637717}, "22": {"num": 4, "%": 0.013377926421404682}, "32": {"num": 1, "%": 0.022222222222222223}}}, "12": {"num": 3, "community_belong": {"17": {"num": 1, "%": 0.005050505050505051}}}}