{"0": {"num": 1629, "community_belong": {"0": {"num": 35, "%": 0.09536784741144415}, "1": {"num": 111, "%": 0.032714412024756855}, "2": {"num": 96, "%": 0.0653950953678474}, "3": {"num": 28, "%": 0.1339712918660287}, "4": {"num": 37, "%": 0.08240534521158129}, "5": {"num": 8, "%": 0.13793103448275862}, "6": {"num": 64, "%": 0.08443271767810026}, "7": {"num": 19, "%": 0.05654761904761905}, "8": {"num": 13, "%": 0.02047244094488189}, "9": {"num": 6, "%": 0.03225806451612903}, "10": {"num": 4, "%": 0.05128205128205128}, "11": {"num": 29, "%": 0.06387665198237885}, "12": {"num": 3, "%": 0.12}, "13": {"num": 8, "%": 0.04597701149425287}, "14": {"num": 14, "%": 0.043076923076923075}, "15": {"num": 11, "%": 0.03942652329749104}, "16": {"num": 10, "%": 0.05405405405405406}, "17": {"num": 6, "%": 0.030303030303030304}, "18": {"num": 18, "%": 0.04466501240694789}, "19": {"num": 1, "%": 0.043478260869565216}, "20": {"num": 1, "%": 0.07142857142857142}, "21": {"num": 2, "%": 0.018518518518518517}, "22": {"num": 13, "%": 0.043478260869565216}, "23": {"num": 4, "%": 0.08888888888888889}, "24": {"num": 14, "%": 0.08333333333333333}, "26": {"num": 3, "%": 0.25}, "28": {"num": 2, "%": 0.023809523809523808}, "29": {"num": 23, "%": 0.07348242811501597}, "30": {"num": 4, "%": 0.10256410256410256}, "32": {"num": 4, "%": 0.08888888888888889}, "33": {"num": 1, "%": 0.2}}}, "1": {"num": 426, "community_belong": {"0": {"num": 13, "%": 0.035422343324250684}, "1": {"num": 33, "%": 0.009725906277630416}, "2": {"num": 29, "%": 0.019754768392370572}, "3": {"num": 8, "%": 0.03827751196172249}, "4": {"num": 11, "%": 0.024498886414253896}, "5": {"num": 1, "%": 0.017241379310344827}, "6": {"num": 6, "%": 0.0079155672823219}, "7": {"num": 5, "%": 0.01488095238095238}, "8": {"num": 3, "%": 0.004724409448818898}, "9": {"num": 3, "%": 0.016129032258064516}, "10": {"num": 1, "%": 0.01282051282051282}, "11": {"num": 12, "%": 0.02643171806167401}, "13": {"num": 1, "%": 0.005747126436781609}, "14": {"num": 4, "%": 0.012307692307692308}, "17": {"num": 2, "%": 0.010101010101010102}, "18": {"num": 1, "%": 0.0024813895781637717}, "20": {"num": 1, "%": 0.07142857142857142}, "21": {"num": 1, "%": 0.009259259259259259}, "22": {"num": 11, "%": 0.03678929765886288}, "23": {"num": 3, "%": 0.06666666666666667}, "24": {"num": 6, "%": 0.03571428571428571}, "28": {"num": 3, "%": 0.03571428571428571}, "29": {"num": 3, "%": 0.009584664536741214}}}, "2": {"num": 103, "community_belong": {"0": {"num": 4, "%": 0.010899182561307902}, "1": {"num": 7, "%": 0.00206307102858827}, "2": {"num": 5, "%": 0.0034059945504087193}, "3": {"num": 3, "%": 0.014354066985645933}, "4": {"num": 1, "%": 0.0022271714922048997}, "6": {"num": 1, "%": 0.0013192612137203166}, "7": {"num": 1, "%": 0.002976190476190476}, "8": {"num": 2, "%": 0.0031496062992125984}, "10": {"num": 2, "%": 0.02564102564102564}, "11": {"num": 2, "%": 0.004405286343612335}, "13": {"num": 1, "%": 0.005747126436781609}, "14": {"num": 2, "%": 0.006153846153846154}, "15": {"num": 1, "%": 0.0035842293906810036}, "16": {"num": 1, "%": 0.005405405405405406}, "18": {"num": 1, "%": 0.0024813895781637717}, "25": {"num": 1, "%": 0.041666666666666664}, "29": {"num": 2, "%": 0.006389776357827476}}}, "3": {"num": 58, "community_belong": {"0": {"num": 1, "%": 0.0027247956403269754}, "1": {"num": 4, "%": 0.0011788977306218685}, "2": {"num": 6, "%": 0.004087193460490463}, "3": {"num": 3, "%": 0.014354066985645933}, "5": {"num": 1, "%": 0.017241379310344827}, "6": {"num": 2, "%": 0.002638522427440633}, "7": {"num": 1, "%": 0.002976190476190476}, "8": {"num": 2, "%": 0.0031496062992125984}, "10": {"num": 1, "%": 0.01282051282051282}, "11": {"num": 3, "%": 0.006607929515418502}, "13": {"num": 1, "%": 0.005747126436781609}, "14": {"num": 2, "%": 0.006153846153846154}, "24": {"num": 2, "%": 0.011904761904761904}, "29": {"num": 1, "%": 0.003194888178913738}}}, "4": {"num": 303, "community_belong": {"0": {"num": 3, "%": 0.008174386920980926}, "1": {"num": 22, "%": 0.006483937518420277}, "2": {"num": 19, "%": 0.012942779291553134}, "3": {"num": 7, "%": 0.03349282296650718}, "4": {"num": 2, "%": 0.004454342984409799}, "5": {"num": 1, "%": 0.017241379310344827}, "6": {"num": 11, "%": 0.014511873350923483}, "7": {"num": 6, "%": 0.017857142857142856}, "8": {"num": 12, "%": 0.01889763779527559}, "9": {"num": 2, "%": 0.010752688172043012}, "11": {"num": 4, "%": 0.00881057268722467}, "13": {"num": 2, "%": 0.011494252873563218}, "14": {"num": 4, "%": 0.012307692307692308}, "16": {"num": 2, "%": 0.010810810810810811}, "17": {"num": 2, "%": 0.010101010101010102}, "18": {"num": 4, "%": 0.009925558312655087}, "22": {"num": 8, "%": 0.026755852842809364}, "23": {"num": 2, "%": 0.044444444444444446}, "27": {"num": 1, "%": 0.14285714285714285}, "28": {"num": 4, "%": 0.047619047619047616}, "29": {"num": 2, "%": 0.006389776357827476}}}, "5": {"num": 772, "community_belong": {"0": {"num": 22, "%": 0.05994550408719346}, "1": {"num": 91, "%": 0.02681992337164751}, "2": {"num": 37, "%": 0.025204359673024524}, "3": {"num": 13, "%": 0.06220095693779904}, "4": {"num": 16, "%": 0.035634743875278395}, "5": {"num": 10, "%": 0.1724137931034483}, "6": {"num": 34, "%": 0.044854881266490766}, "7": {"num": 9, "%": 0.026785714285714284}, "8": {"num": 13, "%": 0.02047244094488189}, "9": {"num": 4, "%": 0.021505376344086023}, "10": {"num": 1, "%": 0.01282051282051282}, "11": {"num": 11, "%": 0.024229074889867842}, "12": {"num": 1, "%": 0.04}, "13": {"num": 4, "%": 0.022988505747126436}, "14": {"num": 8, "%": 0.024615384615384615}, "15": {"num": 5, "%": 0.017921146953405017}, "16": {"num": 5, "%": 0.02702702702702703}, "17": {"num": 7, "%": 0.03535353535353535}, "18": {"num": 7, "%": 0.017369727047146403}, "19": {"num": 1, "%": 0.043478260869565216}, "21": {"num": 1, "%": 0.009259259259259259}, "22": {"num": 11, "%": 0.03678929765886288}, "23": {"num": 1, "%": 0.022222222222222223}, "24": {"num": 6, "%": 0.03571428571428571}, "25": {"num": 1, "%": 0.041666666666666664}, "26": {"num": 1, "%": 0.08333333333333333}, "28": {"num": 1, "%": 0.011904761904761904}, "29": {"num": 6, "%": 0.019169329073482427}, "30": {"num": 4, "%": 0.10256410256410256}, "32": {"num": 1, "%": 0.022222222222222223}, "33": {"num": 2, "%": 0.4}}}, "6": {"num": 163, "community_belong": {"0": {"num": 3, "%": 0.008174386920980926}, "1": {"num": 15, "%": 0.004420866489832007}, "2": {"num": 14, "%": 0.009536784741144414}, "3": {"num": 2, "%": 0.009569377990430622}, "4": {"num": 3, "%": 0.0066815144766146995}, "5": {"num": 1, "%": 0.017241379310344827}, "6": {"num": 14, "%": 0.018469656992084433}, "7": {"num": 4, "%": 0.011904761904761904}, "8": {"num": 1, "%": 0.0015748031496062992}, "9": {"num": 1, "%": 0.005376344086021506}, "10": {"num": 1, "%": 0.01282051282051282}, "11": {"num": 3, "%": 0.006607929515418502}, "13": {"num": 1, "%": 0.005747126436781609}, "14": {"num": 2, "%": 0.006153846153846154}, "15": {"num": 5, "%": 0.017921146953405017}, "17": {"num": 1, "%": 0.005050505050505051}, "18": {"num": 5, "%": 0.01240694789081886}, "22": {"num": 12, "%": 0.04013377926421405}, "23": {"num": 1, "%": 0.022222222222222223}, "24": {"num": 2, "%": 0.011904761904761904}, "29": {"num": 1, "%": 0.003194888178913738}}}, "7": {"num": 71, "community_belong": {"0": {"num": 4, "%": 0.010899182561307902}, "1": {"num": 12, "%": 0.0035366931918656055}, "2": {"num": 7, "%": 0.004768392370572207}, "6": {"num": 4, "%": 0.005277044854881266}, "8": {"num": 2, "%": 0.0031496062992125984}, "9": {"num": 1, "%": 0.005376344086021506}, "10": {"num": 1, "%": 0.01282051282051282}, "11": {"num": 1, "%": 0.0022026431718061676}, "12": {"num": 1, "%": 0.04}, "13": {"num": 1, "%": 0.005747126436781609}, "15": {"num": 1, "%": 0.0035842293906810036}, "17": {"num": 1, "%": 0.005050505050505051}, "18": {"num": 2, "%": 0.004962779156327543}, "29": {"num": 2, "%": 0.006389776357827476}}}, "8": {"num": 296, "community_belong": {"0": {"num": 7, "%": 0.01907356948228883}, "1": {"num": 47,