{"0": {"num": 157, "community_belong": {"0": {"num": 12, "%": 0.0326975476839237}, "1": {"num": 114, "%": 0.03359858532272325}, "2": {"num": 1, "%": 0.0006811989100817438}, "3": {"num": 2, "%": 0.009569377990430622}, "4": {"num": 1, "%": 0.0022271714922048997}, "8": {"num": 9, "%": 0.014173228346456693}, "10": {"num": 2, "%": 0.02564102564102564}, "11": {"num": 2, "%": 0.004405286343612335}, "13": {"num": 4, "%": 0.022988505747126436}, "14": {"num": 7, "%": 0.021538461538461538}, "16": {"num": 2, "%": 0.010810810810810811}, "25": {"num": 1, "%": 0.041666666666666664}}}, "1": {"num": 145, "community_belong": {"1": {"num": 110, "%": 0.032419687592101384}, "2": {"num": 7, "%": 0.004768392370572207}, "4": {"num": 7, "%": 0.015590200445434299}, "8": {"num": 3, "%": 0.004724409448818898}, "11": {"num": 6, "%": 0.013215859030837005}, "13": {"num": 1, "%": 0.005747126436781609}, "14": {"num": 3, "%": 0.009230769230769232}, "16": {"num": 5, "%": 0.02702702702702703}, "17": {"num": 2, "%": 0.010101010101010102}, "20": {"num": 1, "%": 0.07142857142857142}}}, "2": {"num": 216, "community_belong": {"0": {"num": 38, "%": 0.10354223433242507}, "1": {"num": 28, "%": 0.00825228411435308}, "2": {"num": 29, "%": 0.019754768392370572}, "3": {"num": 16, "%": 0.07655502392344497}, "4": {"num": 11, "%": 0.024498886414253896}, "5": {"num": 1, "%": 0.017241379310344827}, "6": {"num": 3, "%": 0.00395778364116095}, "8": {"num": 5, "%": 0.007874015748031496}, "11": {"num": 2, "%": 0.004405286343612335}, "13": {"num": 6, "%": 0.034482758620689655}, "14": {"num": 64, "%": 0.19692307692307692}, "16": {"num": 7, "%": 0.03783783783783784}, "17": {"num": 1, "%": 0.005050505050505051}, "19": {"num": 2, "%": 0.08695652173913043}, "24": {"num": 1, "%": 0.005952380952380952}, "28": {"num": 1, "%": 0.011904761904761904}, "29": {"num": 1, "%": 0.003194888178913738}}}, "3": {"num": 622, "community_belong": {"0": {"num": 20, "%": 0.05449591280653951}, "1": {"num": 426, "%": 0.125552608311229}, "2": {"num": 8, "%": 0.005449591280653951}, "3": {"num": 6, "%": 0.028708133971291867}, "4": {"num": 11, "%": 0.024498886414253896}, "5": {"num": 3, "%": 0.05172413793103448}, "6": {"num": 19, "%": 0.025065963060686015}, "7": {"num": 6, "%": 0.017857142857142856}, "8": {"num": 33, "%": 0.05196850393700787}, "10": {"num": 8, "%": 0.10256410256410256}, "11": {"num": 26, "%": 0.05726872246696035}, "13": {"num": 8, "%": 0.04597701149425287}, "14": {"num": 14, "%": 0.043076923076923075}, "16": {"num": 12, "%": 0.06486486486486487}, "17": {"num": 8, "%": 0.04040404040404041}, "18": {"num": 2, "%": 0.004962779156327543}, "19": {"num": 2, "%": 0.08695652173913043}, "20": {"num": 1, "%": 0.07142857142857142}, "21": {"num": 1, "%": 0.009259259259259259}, "28": {"num": 3, "%": 0.03571428571428571}, "29": {"num": 4, "%": 0.012779552715654952}, "31": {"num": 1, "%": 0.125}}}, "4": {"num": 490, "community_belong": {"0": {"num": 3, "%": 0.008174386920980926}, "1": {"num": 9, "%": 0.002652519893899204}, "2": {"num": 371, "%": 0.25272479564032696}, "4": {"num": 1, "%": 0.0022271714922048997}, "6": {"num": 2, "%": 0.002638522427440633}, "7": {"num": 1, "%": 0.002976190476190476}, "8": {"num": 3, "%": 0.004724409448818898}, "9": {"num": 24, "%": 0.12903225806451613}, "10": {"num": 1, "%": 0.01282051282051282}, "11": {"num": 7, "%": 0.015418502202643172}, "12": {"num": 6, "%": 0.24}, "13": {"num": 1, "%": 0.005747126436781609}, "15": {"num": 17, "%": 0.06093189964157706}, "17": {"num": 1, "%": 0.005050505050505051}, "18": {"num": 6, "%": 0.01488833746898263}, "21": {"num": 9, "%": 0.08333333333333333}, "23": {"num": 2, "%": 0.044444444444444446}, "24": {"num": 15, "%": 0.08928571428571429}, "26": {"num": 3, "%": 0.25}, "27": {"num": 1, "%": 0.14285714285714285}, "28": {"num": 1, "%": 0.011904761904761904}, "29": {"num": 3, "%": 0.009584664536741214}, "30": {"num": 2, "%": 0.05128205128205128}, "32": {"num": 1, "%": 0.022222222222222223}}}, "5": {"num": 97, "community_belong": {"0": {"num": 1, "%": 0.0027247956403269754}, "1": {"num": 12, "%": 0.0035366931918656055}, "2": {"num": 1, "%": 0.0006811989100817438}, "4": {"num": 1, "%": 0.0022271714922048997}, "6": {"num": 1, "%": 0.0013192612137203166}, "7": {"num": 5, "%": 0.01488095238095238}, "8": {"num": 32, "%": 0.050393700787401574}, "11": {"num": 44, "%": 0.09691629955947137}}}, "6": {"num": 147, "community_belong": {"0": {"num": 15, "%": 0.04087193460490463}, "1": {"num": 100, "%": 0.029472443265546714}, "2": {"num": 2, "%": 0.0013623978201634877}, "3": {"num": 6, "%": 0.028708133971291867}, "4": {"num": 2, "%": 0.004454342984409799}, "5": {"num": 6, "%": 0.10344827586206896}, "6": {"num": 2, "%": 0.002638522427440633}, "7": {"num": 1, "%": 0.002976190476190476}, "8": {"num": 3, "%": 0.004724409448818898}, "10": {"num": 1, "%": 0.01282051282051282}, "11": {"num": 2, "%": 0.004405286343612335}, "13": {"num": 1, "%": 0.005747126436781609}, "14": {"num": 2, "%": 0.006153846153846154}, "16": {"num": 2, "%": 0.010810810810810811}, "24": {"num": 1, "%": 0.005952380952380952}, "33": {"num": 1, "%": 0.2}}}, "7": {"num": 134, "community_belong": {"0": {"num": 1, "%": 0.0027247956403269754}, "1": {"num": 109, "%": 0.03212496315944592}, "4": {"num": 15, "%": 0.0334075723830735}, "8": {"num": 3, "%": 0.004724409448818898}, "10": {"num": 1, "%": 0.01282051282051282}, "14": {"num": 5, "%": 0.015384615384615385}}}, "8": {"num": 232, "community_belong": {"0": {"num": 2, "%": 0.005449591280653951}, "1": {"num": 8, "%": 0.002357795461243737}, "2": {"num": 10, "%": 0.006811989100817439}, "4": {"num": 92, "%": 0.20489977728285078}, "6": {"num": 100, "%": 0.13192612137203166}, "8": {"num": 4, "%": 0.006299212598425197}, "10": {"num": 1, "%": 0.01282051282051282}, "11": {"num": 5, "%": 0.011013215859030838}, "14": {"num": 1, "%": 0.003076923076923077}, "15": {"num": 3, "%": 0.010752688172043012}, "16": {"num": 2, "%": 0.010810810810810811}, "17": {"num": 2, "%": 0.010101010101010102}, "24": {"num": 1, "%": 0.005952380952380952}, "29": {"num": 1, "%": 0.003194888178913738}}}, "9": {"num": 88, "community_belong": {"0": {"num": 3, "%": 0.008174386920980926}, "1": {"num": 71, "%": 0.020925434718538166}, "2": {"num": 2, "%": 0.0013623978201634877}, "3": {"num": 5, "%": 0.023923444976076555}, "4": {"num": 1, "%": 0.0022271714922048997}, "10": {"num": 1, "%": 0.01282051282051282}, "13": {"num": 2, "%": 0.011494252873563218}, "19": {"num": 1, "%": 0.043478260869565216}, "20": {"num": 1, "%": 0.07142857142857142}, "30": {"num": 1, "%": 0.02564102564102564}}}, "10": {"num": 91, "community_belong": {"0": {"num": 1, "%": 0.0027247956403269754}, "1": {"num": 16, "%": 0.004715590922487474}, "2": {"num": 1, "%": 0.0006811989100817438}, "4": {"num": 3, "%": 0.0066815144766146995}, "6": {"num": 1, "%": 0.0013192612137203166}, "7": {"num": 1, "%": 0.002976190476190476}, "8": {"num": 51, "%": 0.08031496062992126}, "10": {"num": 5, "%": 0.0641025641025641}, "11": {"num": 1, "%": 0.0022026431718061676}, "13": {"num": 1, "%": 0.005747126436781609}, "14": {"num": 1, "%": 0.003076923076923077}, "16": {"num": 7, "%": 0.03783783783783784}, "19": {"num": 1, "%": 0.043478260869565216}, "25": {"num": 1, "%": 0.041666666666666664}}}, "11": {"num": 220, "community_belong": {"0": {"num": 4, "%": 0.010899182561307902}, "1": {"num": 127, "%": 0.03743000294724433}, "2": {"num": 17, "%": 0.011580381471389645}, "4": {"num": 7, "%": 0.015590200445434299}, "5": {"num": 1, "%": 0.017241379310344827}, "6": {"num": 6, "%": 0.0079155672823219}, "7": {"num": 4, "%": 0.011904761904761904}, "8": {"num": 8, "%": 0.012598425196850394}, "10": {"num": 1, "%": 0.01282051282051282}, "11": {"num": 17, "%": 0.037444933920704845}, "13": {"num": 4, "%": 0.022988505747126436}, "14": {"num": 6, "%": 0.018461538461538463}, "15": {"num": 1, "%": 0.0035842293906810036}, "16": {"num": 3, "%": 0.016216216216216217}, "17": {"num": 6, "%": 0.030303030303030304}, "18": {"num": 2, "%": 0.004962779156327543}, "22": {"num": 1, "%": 0.0033444816053511705},