{"0": {"num": 709, "community_belong": {"0": {"num": 1, "%": 0.0027247956403269754}, "1": {"num": 3, "%": 0.0008841732979664014}, "2": {"num": 550, "%": 0.3746594005449591}, "4": {"num": 3, "%": 0.0066815144766146995}, "9": {"num": 16, "%": 0.08602150537634409}, "11": {"num": 8, "%": 0.01762114537444934}, "12": {"num": 3, "%": 0.12}, "15": {"num": 95, "%": 0.34050179211469533}, "18": {"num": 2, "%": 0.004962779156327543}, "23": {"num": 1, "%": 0.022222222222222223}, "24": {"num": 16, "%": 0.09523809523809523}, "26": {"num": 3, "%": 0.25}, "27": {"num": 2, "%": 0.2857142857142857}, "29": {"num": 1, "%": 0.003194888178913738}, "32": {"num": 5, "%": 0.1111111111111111}}}, "1": {"num": 477, "community_belong": {"0": {"num": 26, "%": 0.07084468664850137}, "1": {"num": 83, "%": 0.024462127910403773}, "2": {"num": 53, "%": 0.036103542234332424}, "3": {"num": 2, "%": 0.009569377990430622}, "4": {"num": 62, "%": 0.13808463251670378}, "6": {"num": 3, "%": 0.00395778364116095}, "8": {"num": 117, "%": 0.18425196850393702}, "10": {"num": 14, "%": 0.1794871794871795}, "11": {"num": 2, "%": 0.004405286343612335}, "13": {"num": 32, "%": 0.1839080459770115}, "14": {"num": 70, "%": 0.2153846153846154}, "16": {"num": 6, "%": 0.032432432432432434}, "17": {"num": 6, "%": 0.030303030303030304}, "25": {"num": 1, "%": 0.041666666666666664}}}, "2": {"num": 325, "community_belong": {"2": {"num": 1, "%": 0.0006811989100817438}, "4": {"num": 74, "%": 0.16481069042316257}, "6": {"num": 231, "%": 0.30474934036939316}, "8": {"num": 1, "%": 0.0015748031496062992}, "10": {"num": 1, "%": 0.01282051282051282}, "11": {"num": 10, "%": 0.022026431718061675}, "13": {"num": 3, "%": 0.017241379310344827}, "22": {"num": 1, "%": 0.0033444816053511705}, "24": {"num": 2, "%": 0.011904761904761904}, "29": {"num": 1, "%": 0.003194888178913738}}}, "3": {"num": 143, "community_belong": {"1": {"num": 1, "%": 0.0002947244326554671}, "2": {"num": 5, "%": 0.0034059945504087193}, "7": {"num": 84, "%": 0.25}, "9": {"num": 53, "%": 0.2849462365591398}}}, "4": {"num": 1260, "community_belong": {"0": {"num": 15, "%": 0.04087193460490463}, "1": {"num": 943, "%": 0.2779251399941055}, "2": {"num": 12, "%": 0.008174386920980926}, "3": {"num": 6, "%": 0.028708133971291867}, "4": {"num": 15, "%": 0.0334075723830735}, "5": {"num": 1, "%": 0.017241379310344827}, "6": {"num": 2, "%": 0.002638522427440633}, "7": {"num": 5, "%": 0.01488095238095238}, "8": {"num": 80, "%": 0.12598425196850394}, "10": {"num": 4, "%": 0.05128205128205128}, "11": {"num": 6, "%": 0.013215859030837005}, "13": {"num": 23, "%": 0.13218390804597702}, "14": {"num": 31, "%": 0.09538461538461539}, "16": {"num": 41, "%": 0.22162162162162163}, "17": {"num": 64, "%": 0.32323232323232326}, "19": {"num": 12, "%": 0.5217391304347826}}}, "5": {"num": 37, "community_belong": {"0": {"num": 1, "%": 0.0027247956403269754}, "1": {"num": 2, "%": 0.0005894488653109342}, "5": {"num": 8, "%": 0.13793103448275862}, "16": {"num": 26, "%": 0.14054054054054055}}}, "6": {"num": 232, "community_belong": {"2": {"num": 2, "%": 0.0013623978201634877}, "6": {"num": 32, "%": 0.04221635883905013}, "7": {"num": 42, "%": 0.125}, "11": {"num": 127, "%": 0.27973568281938327}, "18": {"num": 3, "%": 0.007444168734491315}, "28": {"num": 11, "%": 0.13095238095238096}, "30": {"num": 15, "%": 0.38461538461538464}}}, "7": {"num": 153, "community_belong": {"10": {"num": 4, "%": 0.05128205128205128}, "15": {"num": 2, "%": 0.007168458781362007}, "18": {"num": 128, "%": 0.3176178660049628}, "28": {"num": 12, "%": 0.14285714285714285}, "29": {"num": 7, "%": 0.022364217252396165}}}, "8": {"num": 132, "community_belong": {"0": {"num": 78, "%": 0.2125340599455041}, "1": {"num": 4, "%": 0.0011788977306218685}, "2": {"num": 3, "%": 0.0020435967302452314}, "4": {"num": 1, "%": 0.0022271714922048997}, "5": {"num": 14, "%": 0.2413793103448276}, "6": {"num": 1, "%": 0.0013192612137203166}, "10": {"num": 5, "%": 0.0641025641025641}, "11": {"num": 1, "%": 0.0022026431718061676}, "13": {"num": 7, "%": 0.040229885057471264}, "23": {"num": 2, "%": 0.044444444444444446}, "24": {"num": 8, "%": 0.047619047619047616}, "25": {"num": 8, "%": 0.3333333333333333}}}, "9": {"num": 13, "community_belong": {"1": {"num": 10, "%": 0.0029472443265546712}, "5": {"num": 1, "%": 0.017241379310344827}, "31": {"num": 2, "%": 0.25}}}, "10": {"num": 28, "community_belong": {"24": {"num": 28, "%": 0.16666666666666666}}}, "11": {"num": 95, "community_belong": {"22": {"num": 95, "%": 0.3177257525083612}}}, "12": {"num": 54, "community_belong": {"0": {"num": 1, "%": 0.0027247956403269754}, "1": {"num": 2, "%": 0.0005894488653109342}, "3": {"num": 47, "%": 0.22488038277511962}, "14": {"num": 4, "%": 0.012307692307692308}}}, "13": {"num": 16, "community_belong": {"8": {"num": 16, "%": 0.025196850393700787}}}, "14": {"num": 21, "community_belong": {"18": {"num": 13, "%": 0.03225806451612903}, "23": {"num": 8, "%": 0.17777777777777778}}}, "15": {"num": 115, "community_belong": {"18": {"num": 13, "%": 0.03225806451612903}, "29": {"num": 102, "%": 0.3258785942492013}}}, "16": {"num": 45, "community_belong": {"21": {"num": 45, "%": 0.4166666666666667}}}, "17": {"num": 4, "community_belong": {"33": {"num": 4, "%": 0.8}}}, "18": {"num": 2, "community_belong": {"4": {"num": 2, "%": 0.004454342984409799}}}, "19": {"num": 3, "community_belong": {"11": {"num": 3, "%": 0.006607929515418502}}}, "20": {"num": 2, "community_belong": {"0": {"num": 2, "%": 0.005449591280653951}}}, "21": {"num": 13, "community_belong": {"1": {"num": 2, "%": 0.0005894488653109342}, "14": {"num": 6, "%": 0.018461538461538463}, "20": {"num": 5, "%": 0.35714285714285715}}}, "22": {"num": 3, "community_belong": {"14": {"num": 3, "%": 0.009230769230769232}}}, "23": {"num": 5, "community_belong": {"4": {"num": 5, "%": 0.011135857461024499}}}, "24": {"num": 6, "community_belong": {"8": {"num": 6, "%": 0.009448818897637795}}}, "25": {"num": 8, "community_belong": {"12": {"num": 8, "%": 0.32}}}, "26": {"num": 3, "community_belong": {"32": {"num": 3, "%": 0.06666666666666667}}}, "27": {"num": 2, "community_belong": {"8": {"num": 2, "%": 0.0031496062992125984}}}, "28": {"num": 4, "community_belong": {"8": {"num": 4, "%": 0.006299212598425197}}}}