{"0": {"num": 336, "community_belong": {"0": {"num": 3, "%": 0.008174386920980926}, "4": {"num": 66, "%": 0.14699331848552338}, "6": {"num": 248, "%": 0.32717678100263853}, "7": {"num": 4, "%": 0.011904761904761904}, "11": {"num": 11, "%": 0.024229074889867842}, "18": {"num": 2, "%": 0.004962779156327543}, "22": {"num": 1, "%": 0.0033444816053511705}, "29": {"num": 1, "%": 0.003194888178913738}}}, "1": {"num": 667, "community_belong": {"2": {"num": 480, "%": 0.32697547683923706}, "4": {"num": 2, "%": 0.004454342984409799}, "8": {"num": 1, "%": 0.0015748031496062992}, "9": {"num": 50, "%": 0.26881720430107525}, "11": {"num": 3, "%": 0.006607929515418502}, "12": {"num": 5, "%": 0.2}, "15": {"num": 88, "%": 0.3154121863799283}, "18": {"num": 9, "%": 0.022332506203473945}, "21": {"num": 1, "%": 0.009259259259259259}, "23": {"num": 3, "%": 0.06666666666666667}, "24": {"num": 8, "%": 0.047619047619047616}, "26": {"num": 7, "%": 0.5833333333333334}, "27": {"num": 3, "%": 0.42857142857142855}, "29": {"num": 4, "%": 0.012779552715654952}, "30": {"num": 1, "%": 0.02564102564102564}, "32": {"num": 2, "%": 0.044444444444444446}}}, "2": {"num": 72, "community_belong": {"18": {"num": 3, "%": 0.007444168734491315}, "29": {"num": 69, "%": 0.22044728434504793}}}, "3": {"num": 442, "community_belong": {"0": {"num": 39, "%": 0.10626702997275204}, "1": {"num": 62, "%": 0.018272914824638962}, "2": {"num": 50, "%": 0.0340599455040872}, "3": {"num": 5, "%": 0.023923444976076555}, "4": {"num": 60, "%": 0.133630289532294}, "6": {"num": 3, "%": 0.00395778364116095}, "7": {"num": 1, "%": 0.002976190476190476}, "8": {"num": 108, "%": 0.1700787401574803}, "10": {"num": 22, "%": 0.28205128205128205}, "11": {"num": 2, "%": 0.004405286343612335}, "13": {"num": 19, "%": 0.10919540229885058}, "14": {"num": 58, "%": 0.17846153846153845}, "17": {"num": 1, "%": 0.005050505050505051}, "18": {"num": 3, "%": 0.007444168734491315}, "19": {"num": 3, "%": 0.13043478260869565}, "25": {"num": 3, "%": 0.125}, "31": {"num": 3, "%": 0.375}}}, "4": {"num": 1062, "community_belong": {"0": {"num": 28, "%": 0.07629427792915532}, "1": {"num": 805, "%": 0.23725316828765106}, "2": {"num": 7, "%": 0.004768392370572207}, "3": {"num": 7, "%": 0.03349282296650718}, "4": {"num": 8, "%": 0.017817371937639197}, "5": {"num": 1, "%": 0.017241379310344827}, "7": {"num": 4, "%": 0.011904761904761904}, "8": {"num": 67, "%": 0.10551181102362205}, "10": {"num": 3, "%": 0.038461538461538464}, "11": {"num": 3, "%": 0.006607929515418502}, "13": {"num": 16, "%": 0.09195402298850575}, "14": {"num": 27, "%": 0.08307692307692308}, "16": {"num": 44, "%": 0.23783783783783785}, "17": {"num": 27, "%": 0.13636363636363635}, "19": {"num": 6, "%": 0.2608695652173913}, "20": {"num": 3, "%": 0.21428571428571427}, "25": {"num": 5, "%": 0.20833333333333334}, "33": {"num": 1, "%": 0.2}}}, "5": {"num": 36, "community_belong": {"1": {"num": 4, "%": 0.0011788977306218685}, "4": {"num": 3, "%": 0.0066815144766146995}, "17": {"num": 29, "%": 0.14646464646464646}}}, "6": {"num": 161, "community_belong": {"1": {"num": 27, "%": 0.007957559681697613}, "2": {"num": 8, "%": 0.005449591280653951}, "4": {"num": 5, "%": 0.011135857461024499}, "6": {"num": 2, "%": 0.002638522427440633}, "7": {"num": 1, "%": 0.002976190476190476}, "11": {"num": 105, "%": 0.23127753303964757}, "16": {"num": 3, "%": 0.016216216216216217}, "29": {"num": 1, "%": 0.003194888178913738}, "32": {"num": 9, "%": 0.2}}}, "7": {"num": 164, "community_belong": {"2": {"num": 2, "%": 0.0013623978201634877}, "7": {"num": 90, "%": 0.26785714285714285}, "9": {"num": 1, "%": 0.005376344086021506}, "11": {"num": 28, "%": 0.06167400881057269}, "12": {"num": 2, "%": 0.08}, "15": {"num": 1, "%": 0.0035842293906810036}, "24": {"num": 39, "%": 0.23214285714285715}, "29": {"num": 1, "%": 0.003194888178913738}}}, "8": {"num": 73, "community_belong": {"22": {"num": 73, "%": 0.24414715719063546}}}, "9": {"num": 80, "community_belong": {"18": {"num": 78, "%": 0.1935483870967742}, "23": {"num": 2, "%": 0.044444444444444446}}}, "10": {"num": 88, "community_belong": {"0": {"num": 31, "%": 0.08446866485013624}, "1": {"num": 2, "%": 0.0005894488653109342}, "3": {"num": 29, "%": 0.13875598086124402}, "5": {"num": 9, "%": 0.15517241379310345}, "16": {"num": 17, "%": 0.0918918918918919}}}, "11": {"num": 107, "community_belong": {"0": {"num": 5, "%": 0.013623978201634877}, "2": {"num": 1, "%": 0.0006811989100817438}, "5": {"num": 12, "%": 0.20689655172413793}, "6": {"num": 2, "%": 0.002638522427440633}, "18": {"num": 23, "%": 0.05707196029776675}, "21": {"num": 37, "%": 0.3425925925925926}, "23": {"num": 2, "%": 0.044444444444444446}, "28": {"num": 25, "%": 0.2976190476190476}}}, "12": {"num": 7, "community_belong": {"30": {"num": 7, "%": 0.1794871794871795}}}, "13": {"num": 15, "community_belong": {"2": {"num": 1, "%": 0.0006811989100817438}, "4": {"num": 1, "%": 0.0022271714922048997}, "13": {"num": 13, "%": 0.07471264367816093}}}, "14": {"num": 6, "community_belong": {"1": {"num": 3, "%": 0.0008841732979664014}, "10": {"num": 3, "%": 0.038461538461538464}}}, "15": {"num": 8, "community_belong": {"14": {"num": 8, "%": 0.024615384615384615}}}, "16": {"num": 6, "community_belong": {"3": {"num": 6, "%": 0.028708133971291867}}}, "17": {"num": 15, "community_belong": {"1": {"num": 6, "%": 0.0017683465959328027}, "8": {"num": 7, "%": 0.011023622047244094}, "31": {"num": 2, "%": 0.25}}}, "18": {"num": 3, "community_belong": {"1": {"num": 3, "%": 0.0008841732979664014}}}, "19": {"num": 2, "community_belong": {"6": {"num": 2, "%": 0.002638522427440633}}}, "20": {"num": 2, "community_belong": {"29": {"num": 2, "%": 0.006389776357827476}}}}