{"0": {"num": 43, "community_belong": {"0": {"num": 1, "%": 0.0027247956403269754}, "1": {"num": 1, "%": 0.0002947244326554671}, "2": {"num": 3, "%": 0.0020435967302452314}, "4": {"num": 2, "%": 0.004454342984409799}, "6": {"num": 3, "%": 0.00395778364116095}, "7": {"num": 1, "%": 0.002976190476190476}, "9": {"num": 1, "%": 0.005376344086021506}, "11": {"num": 3, "%": 0.006607929515418502}, "14": {"num": 2, "%": 0.006153846153846154}, "18": {"num": 1, "%": 0.0024813895781637717}, "21": {"num": 1, "%": 0.009259259259259259}, "22": {"num": 4, "%": 0.013377926421404682}, "24": {"num": 1, "%": 0.005952380952380952}, "29": {"num": 3, "%": 0.009584664536741214}}}, "1": {"num": 145, "community_belong": {"0": {"num": 4, "%": 0.010899182561307902}, "1": {"num": 14, "%": 0.00412614205717654}, "2": {"num": 4, "%": 0.0027247956403269754}, "3": {"num": 3, "%": 0.014354066985645933}, "4": {"num": 1, "%": 0.0022271714922048997}, "6": {"num": 4, "%": 0.005277044854881266}, "7": {"num": 1, "%": 0.002976190476190476}, "8": {"num": 1, "%": 0.0015748031496062992}, "11": {"num": 4, "%": 0.00881057268722467}, "13": {"num": 1, "%": 0.005747126436781609}, "14": {"num": 1, "%": 0.003076923076923077}, "17": {"num": 2, "%": 0.010101010101010102}, "18": {"num": 1, "%": 0.0024813895781637717}, "21": {"num": 1, "%": 0.009259259259259259}, "22": {"num": 1, "%": 0.0033444816053511705}, "24": {"num": 2, "%": 0.011904761904761904}, "29": {"num": 1, "%": 0.003194888178913738}}}, "2": {"num": 485, "community_belong": {"0": {"num": 15, "%": 0.04087193460490463}, "1": {"num": 13, "%": 0.0038314176245210726}, "2": {"num": 19, "%": 0.012942779291553134}, "3": {"num": 11, "%": 0.05263157894736842}, "4": {"num": 14, "%": 0.031180400890868598}, "5": {"num": 3, "%": 0.05172413793103448}, "6": {"num": 27, "%": 0.03562005277044855}, "7": {"num": 4, "%": 0.011904761904761904}, "9": {"num": 1, "%": 0.005376344086021506}, "10": {"num": 3, "%": 0.038461538461538464}, "11": {"num": 6, "%": 0.013215859030837005}, "12": {"num": 4, "%": 0.16}, "14": {"num": 1, "%": 0.003076923076923077}, "15": {"num": 3, "%": 0.010752688172043012}, "17": {"num": 3, "%": 0.015151515151515152}, "18": {"num": 5, "%": 0.01240694789081886}, "21": {"num": 1, "%": 0.009259259259259259}, "22": {"num": 8, "%": 0.026755852842809364}, "23": {"num": 1, "%": 0.022222222222222223}, "24": {"num": 12, "%": 0.07142857142857142}, "26": {"num": 1, "%": 0.08333333333333333}, "27": {"num": 1, "%": 0.14285714285714285}, "28": {"num": 1, "%": 0.011904761904761904}, "29": {"num": 8, "%": 0.025559105431309903}, "32": {"num": 1, "%": 0.022222222222222223}}}, "3": {"num": 230, "community_belong": {"0": {"num": 3, "%": 0.008174386920980926}, "1": {"num": 19, "%": 0.005599764220453876}, "2": {"num": 14, "%": 0.009536784741144414}, "3": {"num": 4, "%": 0.019138755980861243}, "4": {"num": 2, "%": 0.004454342984409799}, "5": {"num": 2, "%": 0.034482758620689655}, "6": {"num": 2, "%": 0.002638522427440633}, "7": {"num": 1, "%": 0.002976190476190476}, "8": {"num": 4, "%": 0.006299212598425197}, "9": {"num": 3, "%": 0.016129032258064516}, "11": {"num": 4, "%": 0.00881057268722467}, "14": {"num": 4, "%": 0.012307692307692308}, "15": {"num": 3, "%": 0.010752688172043012}, "17": {"num": 2, "%": 0.010101010101010102}, "18": {"num": 3, "%": 0.007444168734491315}, "22": {"num": 4, "%": 0.013377926421404682}, "23": {"num": 1, "%": 0.022222222222222223}, "24": {"num": 3, "%": 0.017857142857142856}, "25": {"num": 1, "%": 0.041666666666666664}, "26": {"num": 1, "%": 0.08333333333333333}, "29": {"num": 4, "%": 0.012779552715654952}, "30": {"num": 1, "%": 0.02564102564102564}}}, "4": {"num": 115, "community_belong": {"0": {"num": 4, "%": 0.010899182561307902}, "1": {"num": 10, "%": 0.0029472443265546712}, "2": {"num": 9, "%": 0.006130790190735695}, "3": {"num": 1, "%": 0.004784688995215311}, "4": {"num": 2, "%": 0.004454342984409799}, "5": {"num": 1, "%": 0.017241379310344827}, "6": {"num": 5, "%": 0.006596306068601583}, "7": {"num": 1, "%": 0.002976190476190476}, "8": {"num": 1, "%": 0.0015748031496062992}, "15": {"num": 5, "%": 0.017921146953405017}, "17": {"num": 1, "%": 0.005050505050505051}, "18": {"num": 3, "%": 0.007444168734491315}, "19": {"num": 1, "%": 0.043478260869565216}, "22": {"num": 3, "%": 0.010033444816053512}, "24": {"num": 1, "%": 0.005952380952380952}, "29": {"num": 3, "%": 0.009584664536741214}}}, "5": {"num": 38, "community_belong": {"1": {"num": 11, "%": 0.0032419687592101384}, "2": {"num": 1, "%": 0.0006811989100817438}, "3": {"num": 1, "%": 0.004784688995215311}, "4": {"num": 2, "%": 0.004454342984409799}, "6": {"num": 3, "%": 0.00395778364116095}, "7": {"num": 1, "%": 0.002976190476190476}, "8": {"num": 3, "%": 0.004724409448818898}, "11": {"num": 1, "%": 0.0022026431718061676}, "22": {"num": 1, "%": 0.0033444816053511705}, "29": {"num": 1, "%": 0.003194888178913738}}}, "6": {"num": 83, "community_belong": {"0": {"num": 3, "%": 0.008174386920980926}, "1": {"num": 12, "%": 0.0035366931918656055}, "2": {"num": 1, "%": 0.0006811989100817438}, "3": {"num": 2, "%": 0.009569377990430622}, "4": {"num": 3, "%": 0.0066815144766146995}, "6": {"num": 1, "%": 0.0013192612137203166}, "7": {"num": 2, "%": 0.005952380952380952}, "8": {"num": 2, "%": 0.0031496062992125984}, "11": {"num": 3, "%": 0.006607929515418502}, "13": {"num": 1, "%": 0.005747126436781609}, "14": {"num": 5, "%": 0.015384615384615385}, "17": {"num": 2, "%": 0.010101010101010102}}}, "7": {"num": 100, "community_belong": {"1": {"num": 14, "%": 0.00412614205717654}, "2": {"num": 7, "%": 0.004768392370572207}, "3": {"num": 3, "%": 0.014354066985645933}, "4": {"num": 6, "%": 0.013363028953229399}, "6": {"num": 8, "%": 0.010554089709762533}, "11": {"num": 2, "%": 0.004405286343612335}, "14": {"num": 1, "%": 0.003076923076923077}, "15": {"num": 1, "%": 0.0035842293906810036}, "18": {"num": 2, "%": 0.004962779156327543}, "22": {"num": 4, "%": 0.013377926421404682}, "29": {"num": 3, "%": 0.009584664536741214}, "32": {"num": 1, "%": 0.022222222222222223}}}, "8": {"num": 72, "community_belong": {"1": {"num": 9, "%": 0.002652519893899204}, "2": {"num": 3, "%": 0.0020435967302452314}, "3": {"num": 1, "%": 0.004784688995215311}, "4": {"num": 2, "%": 0.004454342984409799}, "6": {"num": 3, "%": 0.00395778364116095}, "7": {"num": 1, "%": 0.002976190476190476}, "8": {"num": 1, "%": 0.0015748031496062992}, "9": {"num": 1, "%": 0.005376344086021506}, "11": {"num": 2, "%": 0.004405286343612335}, "13": {"num": 2, "%": 0.011494252873563218}, "14": {"num": 1, "%": 0.003076923076923077}, "16": {"num": 2, "%": 0.010810810810810811}, "17": {"num": 1, "%": 0.005050505050505051}, "22": {"num": 5, "%": 0.016722408026755852}, "30": {"num": 1, "%": 0.02564102564102564}}}, "9": {"num": 47, "community_belong": {"0": {"num": 1, "%": 0.0027247956403269754}, "2": {"num": 9, "%": 0.006130790190735695}, "6": {"num": 4, "%": 0.005277044854881266}, "7": {"num": 2, "%": 0.005952380952380952}, "8": {"num": 1, "%": 0.0015748031496062992}, "9": {"num": 1, "%": 0.005376344086021506}, "11": {"num": 2, "%": 0.004405286343612335}, "18": {"num": 1, "%": 0.0024813895781637717}, "21": {"num": 1, "%": 0.009259259259259259}, "22": {"num": 1, "%": 0.0033444816053511705}, "29": {"num": 3, "%": 0.009584664536741214}}}, "10": {"num": 92, "community_belong": {"0": {"num": 3, "%": 0.008174386920980926}, "1": {"num": 5, "%": 0.0014736221632773356}, "2": {"num": 13, "%": 0.008855585831062671}, "4": {"num": 2, "%": 0.004454342984409799}, "6": {"num": 2, "%": 0.002638522427440633}, "7": {"num": 1, "%": 0.002976190476190476}, "10": {"num": 1, "%": 0.01282051282051282}, "11": {"num": 1, "%": 0.0022026431718061676}, "15": {"num": 2, "%": 0.007168458781362007}, "18": {"num": 4, "%": 0.009925558312655087}, "21": {"num": 1, "%": 0.009259259259259259}, "24": {"num": 2, "%": 0.011904761904761904}, "28": {"num": 1, "%": 0.011904761904761904}, "29": {"num": 3, "%": 0.009584664536741214}}}, "11": {"num": 126, "community_belong": {"0": {"num": 11,