{"0": {"num": 379, "community_belong": {"0": {"num": 4, "%": 0.010899182561307902}, "1": {"num": 312, "%": 0.09195402298850575}, "4": {"num": 6, "%": 0.013363028953229399}, "6": {"num": 8, "%": 0.010554089709762533}, "7": {"num": 2, "%": 0.005952380952380952}, "8": {"num": 4, "%": 0.006299212598425197}, "9": {"num": 2, "%": 0.010752688172043012}, "10": {"num": 2, "%": 0.02564102564102564}, "11": {"num": 2, "%": 0.004405286343612335}, "13": {"num": 2, "%": 0.011494252873563218}, "14": {"num": 11, "%": 0.033846153846153845}, "16": {"num": 8, "%": 0.043243243243243246}, "17": {"num": 14, "%": 0.0707070707070707}, "25": {"num": 2, "%": 0.08333333333333333}}}, "1": {"num": 81, "community_belong": {"2": {"num": 66, "%": 0.04495912806539509}, "8": {"num": 2, "%": 0.0031496062992125984}, "9": {"num": 10, "%": 0.053763440860215055}, "15": {"num": 2, "%": 0.007168458781362007}, "24": {"num": 1, "%": 0.005952380952380952}}}, "2": {"num": 126, "community_belong": {"2": {"num": 80, "%": 0.05449591280653951}, "6": {"num": 6, "%": 0.0079155672823219}, "9": {"num": 13, "%": 0.06989247311827956}, "11": {"num": 5, "%": 0.011013215859030838}, "15": {"num": 2, "%": 0.007168458781362007}, "18": {"num": 4, "%": 0.009925558312655087}, "23": {"num": 2, "%": 0.044444444444444446}, "24": {"num": 2, "%": 0.011904761904761904}, "29": {"num": 1, "%": 0.003194888178913738}, "30": {"num": 11, "%": 0.28205128205128205}}}, "3": {"num": 195, "community_belong": {"0": {"num": 10, "%": 0.027247956403269755}, "1": {"num": 65, "%": 0.019157088122605363}, "3": {"num": 2, "%": 0.009569377990430622}, "4": {"num": 48, "%": 0.10690423162583519}, "8": {"num": 4, "%": 0.006299212598425197}, "13": {"num": 6, "%": 0.034482758620689655}, "14": {"num": 32, "%": 0.09846153846153846}, "16": {"num": 20, "%": 0.10810810810810811}, "19": {"num": 8, "%": 0.34782608695652173}}}, "4": {"num": 426, "community_belong": {"0": {"num": 12, "%": 0.0326975476839237}, "1": {"num": 291, "%": 0.08576480990274093}, "2": {"num": 14, "%": 0.009536784741144414}, "3": {"num": 3, "%": 0.014354066985645933}, "4": {"num": 15, "%": 0.0334075723830735}, "5": {"num": 1, "%": 0.017241379310344827}, "6": {"num": 6, "%": 0.0079155672823219}, "7": {"num": 2, "%": 0.005952380952380952}, "8": {"num": 27, "%": 0.04251968503937008}, "9": {"num": 1, "%": 0.005376344086021506}, "10": {"num": 2, "%": 0.02564102564102564}, "11": {"num": 2, "%": 0.004405286343612335}, "13": {"num": 6, "%": 0.034482758620689655}, "14": {"num": 16, "%": 0.04923076923076923}, "16": {"num": 20, "%": 0.10810810810810811}, "17": {"num": 6, "%": 0.030303030303030304}, "18": {"num": 1, "%": 0.0024813895781637717}, "21": {"num": 1, "%": 0.009259259259259259}}}, "5": {"num": 23, "community_belong": {"3": {"num": 23, "%": 0.11004784688995216}}}, "6": {"num": 111, "community_belong": {"0": {"num": 6, "%": 0.01634877384196185}, "1": {"num": 27, "%": 0.007957559681697613}, "4": {"num": 5, "%": 0.011135857461024499}, "8": {"num": 51, "%": 0.08031496062992126}, "10": {"num": 3, "%": 0.038461538461538464}, "13": {"num": 7, "%": 0.040229885057471264}, "16": {"num": 3, "%": 0.016216216216216217}, "23": {"num": 3, "%": 0.06666666666666667}, "25": {"num": 6, "%": 0.25}}}, "7": {"num": 4, "community_belong": {"1": {"num": 4, "%": 0.0011788977306218685}}}, "8": {"num": 417, "community_belong": {"0": {"num": 1, "%": 0.0027247956403269754}, "1": {"num": 9, "%": 0.002652519893899204}, "2": {"num": 331, "%": 0.22547683923705722}, "4": {"num": 2, "%": 0.004454342984409799}, "8": {"num": 3, "%": 0.004724409448818898}, "9": {"num": 1, "%": 0.005376344086021506}, "11": {"num": 4, "%": 0.00881057268722467}, "12": {"num": 5, "%": 0.2}, "15": {"num": 50, "%": 0.17921146953405018}, "18": {"num": 7, "%": 0.017369727047146403}, "22": {"num": 1, "%": 0.0033444816053511705}, "23": {"num": 2, "%": 0.044444444444444446}, "29": {"num": 1, "%": 0.003194888178913738}}}, "9": {"num": 54, "community_belong": {"2": {"num": 29, "%": 0.019754768392370572}, "18": {"num": 25, "%": 0.062034739454094295}}}, "10": {"num": 2, "community_belong": {"16": {"num": 2, "%": 0.010810810810810811}}}, "11": {"num": 107, "community_belong": {"4": {"num": 3, "%": 0.0066815144766146995}, "6": {"num": 6, "%": 0.0079155672823219}, "7": {"num": 2, "%": 0.005952380952380952}, "11": {"num": 45, "%": 0.09911894273127753}, "28": {"num": 25, "%": 0.2976190476190476}, "29": {"num": 15, "%": 0.04792332268370607}, "32": {"num": 11, "%": 0.24444444444444444}}}, "12": {"num": 152, "community_belong": {"0": {"num": 58, "%": 0.15803814713896458}, "1": {"num": 12, "%": 0.0035366931918656055}, "2": {"num": 21, "%": 0.01430517711171662}, "3": {"num": 10, "%": 0.04784688995215311}, "4": {"num": 1, "%": 0.0022271714922048997}, "5": {"num": 1, "%": 0.017241379310344827}, "6": {"num": 7, "%": 0.009234828496042216}, "7": {"num": 2, "%": 0.005952380952380952}, "10": {"num": 10, "%": 0.1282051282051282}, "11": {"num": 1, "%": 0.0022026431718061676}, "13": {"num": 2, "%": 0.011494252873563218}, "17": {"num": 13, "%": 0.06565656565656566}, "24": {"num": 3, "%": 0.017857142857142856}, "29": {"num": 11, "%": 0.03514376996805112}}}, "13": {"num": 2, "community_belong": {"7": {"num": 2, "%": 0.005952380952380952}}}, "14": {"num": 2, "community_belong": {"25": {"num": 2, "%": 0.08333333333333333}}}, "15": {"num": 55, "community_belong": {"7": {"num": 53, "%": 0.15773809523809523}, "11": {"num": 2, "%": 0.004405286343612335}}}, "16": {"num": 29, "community_belong": {"2": {"num": 2, "%": 0.0013623978201634877}, "9": {"num": 27, "%": 0.14516129032258066}}}, "17": {"num": 87, "community_belong": {"0": {"num": 1, "%": 0.0027247956403269754}, "1": {"num": 1, "%": 0.0002947244326554671}, "11": {"num": 15, "%": 0.03303964757709251}, "18": {"num": 67, "%": 0.1662531017369727}, "29": {"num": 3, "%": 0.009584664536741214}}}, "18": {"num": 104, "community_belong": {"0": {"num": 2, "%": 0.005449591280653951}, "1": {"num": 5, "%": 0.0014736221632773356}, "2": {"num": 24, "%": 0.01634877384196185}, "4": {"num": 24, "%": 0.053452115812917596}, "8": {"num": 7, "%": 0.011023622047244094}, "13": {"num": 16, "%": 0.09195402298850575}, "14": {"num": 14, "%": 0.043076923076923075}, "20": {"num": 12, "%": 0.8571428571428571}}}, "19": {"num": 61, "community_belong": {"6": {"num": 57, "%": 0.07519788918205805}, "11": {"num": 4, "%": 0.00881057268722467}}}, "20": {"num": 36, "community_belong": {"2": {"num": 3, "%": 0.0020435967302452314}, "18": {"num": 31, "%": 0.07692307692307693}, "24": {"num": 2, "%": 0.011904761904761904}}}, "21": {"num": 2, "community_belong": {"8": {"num": 2, "%": 0.0031496062992125984}}}, "22": {"num": 2, "community_belong": {"32": {"num": 2, "%": 0.044444444444444446}}}, "23": {"num": 3, "community_belong": {"18": {"num": 3, "%": 0.007444168734491315}}}, "24": {"num": 157, "community_belong": {"6": {"num": 3, "%": 0.00395778364116095}, "22": {"num": 154, "%": 0.5150501672240803}}}, "25": {"num": 2, "community_belong": {"14": {"num": 2, "%": 0.006153846153846154}}}, "26": {"num": 61, "community_belong": {"2": {"num": 4, "%": 0.0027247956403269754}, "17": {"num": 1, "%": 0.005050505050505051}, "18": {"num": 3, "%": 0.007444168734491315}, "21": {"num": 15, "%": 0.1388888888888889}, "29": {"num": 38, "%": 0.12140575079872204}}}, "27": {"num": 12, "community_belong": {"0": {"num": 3, "%": 0.008174386920980926}, "4": {"num": 8, "%": 0.017817371937639197}, "6": {"num": 1, "%": 0.0013192612137203166}}}, "28": {"num": 110, "community_belong": {"2": {"num": 7, "%": 0.004768392370572207}, "11": {"num": 1, "%": 0.0022026431718061676}, "24": {"num": 101, "%": 0.6011904761904762}, "28": {"num": 1, "%": 0.011904761904761904}}}, "29": {"num": 2, "community_belong": {"29": {"num": 2, "%": 0.006389776357827476}}}, "30": {"num": 11, "community_belong": {"5": {"num": 11, "%": 0.1896551724137931}}}, "31": {"num": 98, "community_belong": {"6": {"num": 98, "%": 0.12928759894459102}}}, "32": {"num": 7, "community_belong": {"6": {"num": 7, "%": 0.009234828496042216}}},