{"0": {"num": 691, "community_belong": {"0": {"num": 15, "%": 0.04087193460490463}, "1": {"num": 47, "%": 0.013852048334806955}, "2": {"num": 32, "%": 0.021798365122615803}, "3": {"num": 8, "%": 0.03827751196172249}, "4": {"num": 12, "%": 0.026726057906458798}, "5": {"num": 4, "%": 0.06896551724137931}, "6": {"num": 26, "%": 0.03430079155672823}, "7": {"num": 3, "%": 0.008928571428571428}, "8": {"num": 3, "%": 0.004724409448818898}, "9": {"num": 2, "%": 0.010752688172043012}, "10": {"num": 2, "%": 0.02564102564102564}, "11": {"num": 11, "%": 0.024229074889867842}, "12": {"num": 1, "%": 0.04}, "13": {"num": 2, "%": 0.011494252873563218}, "14": {"num": 7, "%": 0.021538461538461538}, "15": {"num": 4, "%": 0.014336917562724014}, "16": {"num": 1, "%": 0.005405405405405406}, "17": {"num": 2, "%": 0.010101010101010102}, "18": {"num": 7, "%": 0.017369727047146403}, "22": {"num": 9, "%": 0.030100334448160536}, "23": {"num": 1, "%": 0.022222222222222223}, "24": {"num": 5, "%": 0.02976190476190476}, "28": {"num": 1, "%": 0.011904761904761904}, "29": {"num": 10, "%": 0.03194888178913738}, "32": {"num": 1, "%": 0.022222222222222223}}}, "1": {"num": 279, "community_belong": {"0": {"num": 19, "%": 0.051771117166212535}, "1": {"num": 15, "%": 0.004420866489832007}, "2": {"num": 16, "%": 0.010899182561307902}, "3": {"num": 7, "%": 0.03349282296650718}, "4": {"num": 1, "%": 0.0022271714922048997}, "5": {"num": 2, "%": 0.034482758620689655}, "6": {"num": 10, "%": 0.013192612137203167}, "7": {"num": 2, "%": 0.005952380952380952}, "8": {"num": 5, "%": 0.007874015748031496}, "9": {"num": 2, "%": 0.010752688172043012}, "10": {"num": 1, "%": 0.01282051282051282}, "11": {"num": 7, "%": 0.015418502202643172}, "12": {"num": 1, "%": 0.04}, "14": {"num": 3, "%": 0.009230769230769232}, "15": {"num": 1, "%": 0.0035842293906810036}, "17": {"num": 4, "%": 0.020202020202020204}, "18": {"num": 1, "%": 0.0024813895781637717}, "22": {"num": 1, "%": 0.0033444816053511705}, "23": {"num": 2, "%": 0.044444444444444446}, "24": {"num": 4, "%": 0.023809523809523808}, "28": {"num": 2, "%": 0.023809523809523808}, "29": {"num": 4, "%": 0.012779552715654952}}}, "2": {"num": 22, "community_belong": {"0": {"num": 3, "%": 0.008174386920980926}, "1": {"num": 3, "%": 0.0008841732979664014}, "2": {"num": 1, "%": 0.0006811989100817438}, "4": {"num": 1, "%": 0.0022271714922048997}, "7": {"num": 2, "%": 0.005952380952380952}}}, "3": {"num": 432, "community_belong": {"0": {"num": 9, "%": 0.02452316076294278}, "1": {"num": 55, "%": 0.016209843796050692}, "2": {"num": 16, "%": 0.010899182561307902}, "3": {"num": 7, "%": 0.03349282296650718}, "4": {"num": 6, "%": 0.013363028953229399}, "5": {"num": 10, "%": 0.1724137931034483}, "6": {"num": 15, "%": 0.01978891820580475}, "7": {"num": 5, "%": 0.01488095238095238}, "8": {"num": 8, "%": 0.012598425196850394}, "9": {"num": 4, "%": 0.021505376344086023}, "10": {"num": 1, "%": 0.01282051282051282}, "11": {"num": 7, "%": 0.015418502202643172}, "12": {"num": 1, "%": 0.04}, "13": {"num": 4, "%": 0.022988505747126436}, "14": {"num": 5, "%": 0.015384615384615385}, "15": {"num": 4, "%": 0.014336917562724014}, "17": {"num": 3, "%": 0.015151515151515152}, "18": {"num": 7, "%": 0.017369727047146403}, "21": {"num": 2, "%": 0.018518518518518517}, "22": {"num": 3, "%": 0.010033444816053512}, "24": {"num": 1, "%": 0.005952380952380952}, "28": {"num": 1, "%": 0.011904761904761904}, "29": {"num": 8, "%": 0.025559105431309903}, "30": {"num": 2, "%": 0.05128205128205128}, "32": {"num": 2, "%": 0.044444444444444446}}}, "4": {"num": 144, "community_belong": {"0": {"num": 2, "%": 0.005449591280653951}, "1": {"num": 9, "%": 0.002652519893899204}, "2": {"num": 5, "%": 0.0034059945504087193}, "3": {"num": 1, "%": 0.004784688995215311}, "4": {"num": 2, "%": 0.004454342984409799}, "5": {"num": 1, "%": 0.017241379310344827}, "6": {"num": 12, "%": 0.0158311345646438}, "7": {"num": 1, "%": 0.002976190476190476}, "8": {"num": 2, "%": 0.0031496062992125984}, "11": {"num": 1, "%": 0.0022026431718061676}, "14": {"num": 1, "%": 0.003076923076923077}, "16": {"num": 2, "%": 0.010810810810810811}, "17": {"num": 1, "%": 0.005050505050505051}, "18": {"num": 3, "%": 0.007444168734491315}, "22": {"num": 11, "%": 0.03678929765886288}, "23": {"num": 1, "%": 0.022222222222222223}, "24": {"num": 2, "%": 0.011904761904761904}, "28": {"num": 1, "%": 0.011904761904761904}, "29": {"num": 1, "%": 0.003194888178913738}}}, "5": {"num": 33, "community_belong": {"0": {"num": 1, "%": 0.0027247956403269754}, "1": {"num": 2, "%": 0.0005894488653109342}, "2": {"num": 2, "%": 0.0013623978201634877}, "3": {"num": 3, "%": 0.014354066985645933}, "7": {"num": 1, "%": 0.002976190476190476}, "11": {"num": 2, "%": 0.004405286343612335}, "14": {"num": 1, "%": 0.003076923076923077}, "25": {"num": 1, "%": 0.041666666666666664}}}, "6": {"num": 224, "community_belong": {"0": {"num": 4, "%": 0.010899182561307902}, "1": {"num": 25, "%": 0.0073681108163866785}, "2": {"num": 15, "%": 0.010217983651226158}, "3": {"num": 9, "%": 0.0430622009569378}, "4": {"num": 6, "%": 0.013363028953229399}, "6": {"num": 14, "%": 0.018469656992084433}, "7": {"num": 3, "%": 0.008928571428571428}, "8": {"num": 5, "%": 0.007874015748031496}, "9": {"num": 3, "%": 0.016129032258064516}, "11": {"num": 6, "%": 0.013215859030837005}, "12": {"num": 1, "%": 0.04}, "13": {"num": 2, "%": 0.011494252873563218}, "14": {"num": 3, "%": 0.009230769230769232}, "18": {"num": 4, "%": 0.009925558312655087}, "19": {"num": 1, "%": 0.043478260869565216}, "21": {"num": 2, "%": 0.018518518518518517}, "22": {"num": 6, "%": 0.020066889632107024}, "23": {"num": 1, "%": 0.022222222222222223}, "24": {"num": 1, "%": 0.005952380952380952}, "29": {"num": 3, "%": 0.009584664536741214}, "30": {"num": 1, "%": 0.02564102564102564}}}, "7": {"num": 60, "community_belong": {"0": {"num": 2, "%": 0.005449591280653951}, "1": {"num": 8, "%": 0.002357795461243737}, "4": {"num": 1, "%": 0.0022271714922048997}, "6": {"num": 4, "%": 0.005277044854881266}, "7": {"num": 1, "%": 0.002976190476190476}, "8": {"num": 1, "%": 0.0015748031496062992}, "17": {"num": 1, "%": 0.005050505050505051}, "29": {"num": 1, "%": 0.003194888178913738}}}, "8": {"num": 61, "community_belong": {"0": {"num": 1, "%": 0.0027247956403269754}, "1": {"num": 4, "%": 0.0011788977306218685}, "2": {"num": 1, "%": 0.0006811989100817438}, "3": {"num": 4, "%": 0.019138755980861243}, "4": {"num": 1, "%": 0.0022271714922048997}, "6": {"num": 1, "%": 0.0013192612137203166}, "7": {"num": 3, "%": 0.008928571428571428}, "8": {"num": 2, "%": 0.0031496062992125984}, "10": {"num": 1, "%": 0.01282051282051282}, "11": {"num": 2, "%": 0.004405286343612335}, "15": {"num": 1, "%": 0.0035842293906810036}, "16": {"num": 1, "%": 0.005405405405405406}, "22": {"num": 1, "%": 0.0033444816053511705}, "29": {"num": 1, "%": 0.003194888178913738}}}, "9": {"num": 118, "community_belong": {"0": {"num": 1, "%": 0.0027247956403269754}, "1": {"num": 7, "%": 0.00206307102858827}, "2": {"num": 9, "%": 0.006130790190735695}, "3": {"num": 2, "%": 0.009569377990430622}, "4": {"num": 2, "%": 0.004454342984409799}, "6": {"num": 24, "%": 0.0316622691292876}, "7": {"num": 2, "%": 0.005952380952380952}, "9": {"num": 1, "%": 0.005376344086021506}, "11": {"num": 3, "%": 0.006607929515418502}, "14": {"num": 1, "%": 0.003076923076923077}, "15": {"num": 2, "%": 0.007168458781362007}, "16": {"num": 2, "%": 0.010810810810810811}, "17": {"num": 1, "%": 0.005050505050505051}, "18": {"num": 1, "%": 0.0024813895781637717}, "22": {"num": 7, "%": 0.023411371237458192}, "23": {"num": 1, "%": 0.022222222222222223}, "24": {"num": 3, "%": 0.017857142857142856}, "29": {"num": 1, "%": 0.003194888178913738}}}, "10": {"num": 44, "community_belong": {"1": {"num": 9, "%": 0.002652519893899204}, "2": {"num": 1, "%": 0.0006811989100817438}, "4": {"num": 5, "%": 0.011135857461024499}, "7": {"num": 5, "%": 0.01488095238095238}, "8": {"num": 1, "%": 0.0015748031496062992}, "13": {"num": 1,