{"0": {"num": 335, "community_belong": {"0": {"num": 6, "%": 0.01634877384196185}, "1": {"num": 223, "%": 0.06572354848216917}, "2": {"num": 2, "%": 0.0013623978201634877}, "4": {"num": 9, "%": 0.0200445434298441}, "6": {"num": 10, "%": 0.013192612137203167}, "7": {"num": 1, "%": 0.002976190476190476}, "8": {"num": 38, "%": 0.05984251968503937}, "9": {"num": 1, "%": 0.005376344086021506}, "10": {"num": 1, "%": 0.01282051282051282}, "11": {"num": 11, "%": 0.024229074889867842}, "13": {"num": 8, "%": 0.04597701149425287}, "14": {"num": 10, "%": 0.03076923076923077}, "16": {"num": 1, "%": 0.005405405405405406}, "17": {"num": 4, "%": 0.020202020202020204}, "18": {"num": 4, "%": 0.009925558312655087}, "19": {"num": 2, "%": 0.08695652173913043}, "21": {"num": 1, "%": 0.009259259259259259}, "22": {"num": 1, "%": 0.0033444816053511705}, "28": {"num": 1, "%": 0.011904761904761904}, "33": {"num": 1, "%": 0.2}}}, "1": {"num": 122, "community_belong": {"0": {"num": 11, "%": 0.02997275204359673}, "1": {"num": 78, "%": 0.022988505747126436}, "2": {"num": 3, "%": 0.0020435967302452314}, "4": {"num": 6, "%": 0.013363028953229399}, "8": {"num": 3, "%": 0.004724409448818898}, "13": {"num": 2, "%": 0.011494252873563218}, "14": {"num": 5, "%": 0.015384615384615385}, "16": {"num": 10, "%": 0.05405405405405406}, "17": {"num": 4, "%": 0.020202020202020204}}}, "2": {"num": 360, "community_belong": {"0": {"num": 16, "%": 0.043596730245231606}, "1": {"num": 275, "%": 0.08104921898025347}, "2": {"num": 7, "%": 0.004768392370572207}, "3": {"num": 5, "%": 0.023923444976076555}, "4": {"num": 4, "%": 0.008908685968819599}, "8": {"num": 17, "%": 0.026771653543307086}, "10": {"num": 7, "%": 0.08974358974358974}, "11": {"num": 2, "%": 0.004405286343612335}, "13": {"num": 7, "%": 0.040229885057471264}, "14": {"num": 9, "%": 0.027692307692307693}, "16": {"num": 6, "%": 0.032432432432432434}, "17": {"num": 3, "%": 0.015151515151515152}, "25": {"num": 2, "%": 0.08333333333333333}}}, "3": {"num": 686, "community_belong": {"0": {"num": 23, "%": 0.06267029972752043}, "1": {"num": 469, "%": 0.13822575891541408}, "2": {"num": 11, "%": 0.007493188010899182}, "3": {"num": 6, "%": 0.028708133971291867}, "4": {"num": 8, "%": 0.017817371937639197}, "5": {"num": 3, "%": 0.05172413793103448}, "6": {"num": 14, "%": 0.018469656992084433}, "7": {"num": 6, "%": 0.017857142857142856}, "8": {"num": 35, "%": 0.05511811023622047}, "9": {"num": 1, "%": 0.005376344086021506}, "10": {"num": 7, "%": 0.08974358974358974}, "11": {"num": 29, "%": 0.06387665198237885}, "13": {"num": 11, "%": 0.06321839080459771}, "14": {"num": 21, "%": 0.06461538461538462}, "16": {"num": 17, "%": 0.0918918918918919}, "17": {"num": 12, "%": 0.06060606060606061}, "18": {"num": 2, "%": 0.004962779156327543}, "19": {"num": 1, "%": 0.043478260869565216}, "20": {"num": 1, "%": 0.07142857142857142}, "21": {"num": 1, "%": 0.009259259259259259}, "28": {"num": 4, "%": 0.047619047619047616}, "29": {"num": 3, "%": 0.009584664536741214}, "31": {"num": 1, "%": 0.125}}}, "4": {"num": 315, "community_belong": {"0": {"num": 22, "%": 0.05994550408719346}, "1": {"num": 72, "%": 0.021220159151193633}, "2": {"num": 38, "%": 0.025885558583106268}, "3": {"num": 14, "%": 0.06698564593301436}, "4": {"num": 24, "%": 0.053452115812917596}, "5": {"num": 1, "%": 0.017241379310344827}, "6": {"num": 19, "%": 0.025065963060686015}, "7": {"num": 1, "%": 0.002976190476190476}, "8": {"num": 27, "%": 0.04251968503937008}, "10": {"num": 3, "%": 0.038461538461538464}, "11": {"num": 2, "%": 0.004405286343612335}, "13": {"num": 8, "%": 0.04597701149425287}, "14": {"num": 70, "%": 0.2153846153846154}, "16": {"num": 5, "%": 0.02702702702702703}, "17": {"num": 2, "%": 0.010101010101010102}, "19": {"num": 3, "%": 0.13043478260869565}, "24": {"num": 1, "%": 0.005952380952380952}, "25": {"num": 1, "%": 0.041666666666666664}, "28": {"num": 1, "%": 0.011904761904761904}, "29": {"num": 1, "%": 0.003194888178913738}}}, "5": {"num": 180, "community_belong": {"0": {"num": 9, "%": 0.02452316076294278}, "1": {"num": 20, "%": 0.0058944886531093425}, "2": {"num": 15, "%": 0.010217983651226158}, "4": {"num": 93, "%": 0.2071269487750557}, "6": {"num": 3, "%": 0.00395778364116095}, "7": {"num": 2, "%": 0.005952380952380952}, "8": {"num": 6, "%": 0.009448818897637795}, "10": {"num": 1, "%": 0.01282051282051282}, "11": {"num": 6, "%": 0.013215859030837005}, "13": {"num": 1, "%": 0.005747126436781609}, "14": {"num": 1, "%": 0.003076923076923077}, "15": {"num": 1, "%": 0.0035842293906810036}, "16": {"num": 7, "%": 0.03783783783783784}, "17": {"num": 12, "%": 0.06060606060606061}, "24": {"num": 3, "%": 0.017857142857142856}}}, "6": {"num": 489, "community_belong": {"0": {"num": 4, "%": 0.010899182561307902}, "1": {"num": 5, "%": 0.0014736221632773356}, "2": {"num": 367, "%": 0.25}, "4": {"num": 2, "%": 0.004454342984409799}, "6": {"num": 4, "%": 0.005277044854881266}, "8": {"num": 1, "%": 0.0015748031496062992}, "9": {"num": 9, "%": 0.04838709677419355}, "10": {"num": 1, "%": 0.01282051282051282}, "11": {"num": 4, "%": 0.00881057268722467}, "12": {"num": 8, "%": 0.32}, "15": {"num": 24, "%": 0.08602150537634409}, "18": {"num": 9, "%": 0.022332506203473945}, "21": {"num": 17, "%": 0.1574074074074074}, "22": {"num": 1, "%": 0.0033444816053511705}, "23": {"num": 3, "%": 0.06666666666666667}, "24": {"num": 23, "%": 0.13690476190476192}, "26": {"num": 2, "%": 0.16666666666666666}, "27": {"num": 1, "%": 0.14285714285714285}, "28": {"num": 1, "%": 0.011904761904761904}, "29": {"num": 2, "%": 0.006389776357827476}, "32": {"num": 1, "%": 0.022222222222222223}}}, "7": {"num": 384, "community_belong": {"0": {"num": 6, "%": 0.01634877384196185}, "1": {"num": 299, "%": 0.08812260536398467}, "2": {"num": 3, "%": 0.0020435967302452314}, "3": {"num": 7, "%": 0.03349282296650718}, "4": {"num": 3, "%": 0.0066815144766146995}, "5": {"num": 1, "%": 0.017241379310344827}, "6": {"num": 2, "%": 0.002638522427440633}, "7": {"num": 4, "%": 0.011904761904761904}, "8": {"num": 19, "%": 0.029921259842519685}, "10": {"num": 1, "%": 0.01282051282051282}, "11": {"num": 2, "%": 0.004405286343612335}, "13": {"num": 1, "%": 0.005747126436781609}, "14": {"num": 10, "%": 0.03076923076923077}, "16": {"num": 11, "%": 0.05945945945945946}, "17": {"num": 6, "%": 0.030303030303030304}, "18": {"num": 2, "%": 0.004962779156327543}, "20": {"num": 1, "%": 0.07142857142857142}, "25": {"num": 5, "%": 0.20833333333333334}, "33": {"num": 1, "%": 0.2}}}, "8": {"num": 67, "community_belong": {"0": {"num": 2, "%": 0.005449591280653951}, "1": {"num": 4, "%": 0.0011788977306218685}, "2": {"num": 2, "%": 0.0013623978201634877}, "4": {"num": 1, "%": 0.0022271714922048997}, "5": {"num": 12, "%": 0.20689655172413793}, "6": {"num": 4, "%": 0.005277044854881266}, "14": {"num": 11, "%": 0.033846153846153845}, "17": {"num": 31, "%": 0.15656565656565657}}}, "9": {"num": 137, "community_belong": {"0": {"num": 2, "%": 0.005449591280653951}, "1": {"num": 97, "%": 0.028588269967580314}, "2": {"num": 6, "%": 0.004087193460490463}, "4": {"num": 7, "%": 0.015590200445434299}, "6": {"num": 1, "%": 0.0013192612137203166}, "7": {"num": 11, "%": 0.03273809523809524}, "8": {"num": 1, "%": 0.0015748031496062992}, "9": {"num": 2, "%": 0.010752688172043012}, "11": {"num": 4, "%": 0.00881057268722467}, "15": {"num": 1, "%": 0.0035842293906810036}, "17": {"num": 1, "%": 0.005050505050505051}, "23": {"num": 3, "%": 0.06666666666666667}, "24": {"num": 1, "%": 0.005952380952380952}}}, "10": {"num": 39, "community_belong": {"0": {"num": 2, "%": 0.005449591280653951}, "2": {"num": 1, "%": 0.0006811989100817438}, "11": {"num": 36, "%": 0.07929515418502203}}}, "11": {"num": 116, "community_belong": {"0": {"num": 1, "%": 0.0027247956403269754}, "3": {"num": 1, "%": 0.004784688995215311}, "4": {"num": 51, "%": 0.11358574610244988}, "6": {"num": 56, "%": 0.07387862796833773}, "7": {"num": 1, "%": 0.002976190476190476}, "8": {"num": 2, "%": 0.0031496062992125984}, "10": {"num": 3,