{"0": {"num": 205, "community_belong": {"0": {"num": 5, "%": 0.013623978201634877}, "1": {"num": 14, "%": 0.00412614205717654}, "2": {"num": 12, "%": 0.008174386920980926}, "3": {"num": 2, "%": 0.009569377990430622}, "4": {"num": 8, "%": 0.017817371937639197}, "5": {"num": 1, "%": 0.017241379310344827}, "6": {"num": 6, "%": 0.0079155672823219}, "7": {"num": 1, "%": 0.002976190476190476}, "8": {"num": 4, "%": 0.006299212598425197}, "11": {"num": 3, "%": 0.006607929515418502}, "12": {"num": 1, "%": 0.04}, "13": {"num": 1, "%": 0.005747126436781609}, "14": {"num": 3, "%": 0.009230769230769232}, "18": {"num": 3, "%": 0.007444168734491315}, "22": {"num": 4, "%": 0.013377926421404682}, "29": {"num": 3, "%": 0.009584664536741214}}}, "1": {"num": 81, "community_belong": {"0": {"num": 5, "%": 0.013623978201634877}, "1": {"num": 5, "%": 0.0014736221632773356}, "2": {"num": 5, "%": 0.0034059945504087193}, "3": {"num": 3, "%": 0.014354066985645933}, "4": {"num": 1, "%": 0.0022271714922048997}, "5": {"num": 1, "%": 0.017241379310344827}, "11": {"num": 1, "%": 0.0022026431718061676}, "14": {"num": 1, "%": 0.003076923076923077}, "15": {"num": 1, "%": 0.0035842293906810036}, "22": {"num": 1, "%": 0.0033444816053511705}}}, "2": {"num": 116, "community_belong": {"0": {"num": 2, "%": 0.005449591280653951}, "1": {"num": 7, "%": 0.00206307102858827}, "2": {"num": 7, "%": 0.004768392370572207}, "3": {"num": 2, "%": 0.009569377990430622}, "4": {"num": 1, "%": 0.0022271714922048997}, "5": {"num": 3, "%": 0.05172413793103448}, "6": {"num": 5, "%": 0.006596306068601583}, "7": {"num": 2, "%": 0.005952380952380952}, "8": {"num": 2, "%": 0.0031496062992125984}, "10": {"num": 1, "%": 0.01282051282051282}, "11": {"num": 1, "%": 0.0022026431718061676}, "13": {"num": 1, "%": 0.005747126436781609}, "14": {"num": 3, "%": 0.009230769230769232}, "15": {"num": 2, "%": 0.007168458781362007}, "16": {"num": 1, "%": 0.005405405405405406}, "17": {"num": 1, "%": 0.005050505050505051}, "21": {"num": 2, "%": 0.018518518518518517}, "22": {"num": 1, "%": 0.0033444816053511705}, "29": {"num": 1, "%": 0.003194888178913738}}}, "3": {"num": 38, "community_belong": {"1": {"num": 6, "%": 0.0017683465959328027}, "2": {"num": 7, "%": 0.004768392370572207}, "3": {"num": 1, "%": 0.004784688995215311}, "4": {"num": 3, "%": 0.0066815144766146995}, "6": {"num": 2, "%": 0.002638522427440633}, "9": {"num": 3, "%": 0.016129032258064516}, "11": {"num": 1, "%": 0.0022026431718061676}, "13": {"num": 1, "%": 0.005747126436781609}, "18": {"num": 1, "%": 0.0024813895781637717}, "23": {"num": 1, "%": 0.022222222222222223}, "29": {"num": 1, "%": 0.003194888178913738}}}, "4": {"num": 12, "community_belong": {"1": {"num": 3, "%": 0.0008841732979664014}, "2": {"num": 1, "%": 0.0006811989100817438}, "7": {"num": 1, "%": 0.002976190476190476}, "11": {"num": 1, "%": 0.0022026431718061676}, "14": {"num": 1, "%": 0.003076923076923077}, "29": {"num": 2, "%": 0.006389776357827476}}}, "5": {"num": 15, "community_belong": {"0": {"num": 1, "%": 0.0027247956403269754}, "2": {"num": 1, "%": 0.0006811989100817438}, "6": {"num": 1, "%": 0.0013192612137203166}, "11": {"num": 2, "%": 0.004405286343612335}, "17": {"num": 1, "%": 0.005050505050505051}, "18": {"num": 1, "%": 0.0024813895781637717}}}, "6": {"num": 37, "community_belong": {"0": {"num": 1, "%": 0.0027247956403269754}, "1": {"num": 3, "%": 0.0008841732979664014}, "2": {"num": 3, "%": 0.0020435967302452314}, "6": {"num": 3, "%": 0.00395778364116095}, "7": {"num": 2, "%": 0.005952380952380952}, "8": {"num": 1, "%": 0.0015748031496062992}, "11": {"num": 1, "%": 0.0022026431718061676}, "15": {"num": 1, "%": 0.0035842293906810036}, "16": {"num": 3, "%": 0.016216216216216217}, "17": {"num": 2, "%": 0.010101010101010102}, "18": {"num": 1, "%": 0.0024813895781637717}, "22": {"num": 1, "%": 0.0033444816053511705}, "28": {"num": 1, "%": 0.011904761904761904}, "32": {"num": 1, "%": 0.022222222222222223}}}, "7": {"num": 10, "community_belong": {"2": {"num": 1, "%": 0.0006811989100817438}, "9": {"num": 2, "%": 0.010752688172043012}, "19": {"num": 1, "%": 0.043478260869565216}}}, "8": {"num": 31, "community_belong": {"0": {"num": 1, "%": 0.0027247956403269754}, "1": {"num": 7, "%": 0.00206307102858827}, "4": {"num": 3, "%": 0.0066815144766146995}, "6": {"num": 2, "%": 0.002638522427440633}, "8": {"num": 2, "%": 0.0031496062992125984}, "11": {"num": 1, "%": 0.0022026431718061676}}}, "9": {"num": 4, "community_belong": {"1": {"num": 1, "%": 0.0002947244326554671}, "3": {"num": 1, "%": 0.004784688995215311}}}, "10": {"num": 9, "community_belong": {"2": {"num": 1, "%": 0.0006811989100817438}, "11": {"num": 1, "%": 0.0022026431718061676}}}}