{"0": {"num": 636, "community_belong": {"0": {"num": 30, "%": 0.08174386920980926}, "1": {"num": 465, "%": 0.13704686118479223}, "2": {"num": 2, "%": 0.0013623978201634877}, "4": {"num": 55, "%": 0.12249443207126949}, "6": {"num": 2, "%": 0.002638522427440633}, "7": {"num": 7, "%": 0.020833333333333332}, "8": {"num": 10, "%": 0.015748031496062992}, "10": {"num": 2, "%": 0.02564102564102564}, "11": {"num": 3, "%": 0.006607929515418502}, "13": {"num": 16, "%": 0.09195402298850575}, "14": {"num": 10, "%": 0.03076923076923077}, "16": {"num": 28, "%": 0.15135135135135136}, "17": {"num": 4, "%": 0.020202020202020204}, "33": {"num": 2, "%": 0.4}}}, "1": {"num": 87, "community_belong": {"2": {"num": 1, "%": 0.0006811989100817438}, "8": {"num": 1, "%": 0.0015748031496062992}, "11": {"num": 85, "%": 0.18722466960352424}}}, "2": {"num": 11, "community_belong": {"6": {"num": 11, "%": 0.014511873350923483}}}, "3": {"num": 522, "community_belong": {"1": {"num": 5, "%": 0.0014736221632773356}, "2": {"num": 380, "%": 0.25885558583106266}, "4": {"num": 2, "%": 0.004454342984409799}, "6": {"num": 5, "%": 0.006596306068601583}, "7": {"num": 1, "%": 0.002976190476190476}, "8": {"num": 7, "%": 0.011023622047244094}, "9": {"num": 1, "%": 0.005376344086021506}, "11": {"num": 4, "%": 0.00881057268722467}, "12": {"num": 6, "%": 0.24}, "15": {"num": 51, "%": 0.1827956989247312}, "17": {"num": 4, "%": 0.020202020202020204}, "18": {"num": 2, "%": 0.004962779156327543}, "22": {"num": 1, "%": 0.0033444816053511705}, "23": {"num": 4, "%": 0.08888888888888889}, "24": {"num": 39, "%": 0.23214285714285715}, "26": {"num": 7, "%": 0.5833333333333334}, "29": {"num": 3, "%": 0.009584664536741214}}}, "4": {"num": 195, "community_belong": {"2": {"num": 69, "%": 0.04700272479564033}, "9": {"num": 122, "%": 0.6559139784946236}, "11": {"num": 2, "%": 0.004405286343612335}, "15": {"num": 2, "%": 0.007168458781362007}}}, "5": {"num": 5, "community_belong": {"11": {"num": 5, "%": 0.011013215859030838}}}, "6": {"num": 140, "community_belong": {"6": {"num": 136, "%": 0.17941952506596306}, "11": {"num": 4, "%": 0.00881057268722467}}}, "7": {"num": 60, "community_belong": {"0": {"num": 40, "%": 0.10899182561307902}, "1": {"num": 2, "%": 0.0005894488653109342}, "3": {"num": 9, "%": 0.0430622009569378}, "5": {"num": 9, "%": 0.15517241379310345}}}, "8": {"num": 9, "community_belong": {"2": {"num": 6, "%": 0.004087193460490463}, "29": {"num": 3, "%": 0.009584664536741214}}}, "9": {"num": 653, "community_belong": {"0": {"num": 16, "%": 0.043596730245231606}, "1": {"num": 480, "%": 0.14146772767462423}, "2": {"num": 18, "%": 0.01226158038147139}, "3": {"num": 1, "%": 0.004784688995215311}, "4": {"num": 13, "%": 0.028953229398663696}, "5": {"num": 1, "%": 0.017241379310344827}, "6": {"num": 9, "%": 0.011873350923482849}, "7": {"num": 5, "%": 0.01488095238095238}, "8": {"num": 25, "%": 0.03937007874015748}, "9": {"num": 3, "%": 0.016129032258064516}, "10": {"num": 6, "%": 0.07692307692307693}, "11": {"num": 8, "%": 0.01762114537444934}, "13": {"num": 16, "%": 0.09195402298850575}, "14": {"num": 21, "%": 0.06461538461538462}, "16": {"num": 13, "%": 0.07027027027027027}, "17": {"num": 8, "%": 0.04040404040404041}, "18": {"num": 1, "%": 0.0024813895781637717}, "20": {"num": 3, "%": 0.21428571428571427}, "25": {"num": 1, "%": 0.041666666666666664}, "28": {"num": 3, "%": 0.03571428571428571}, "29": {"num": 2, "%": 0.006389776357827476}}}, "10": {"num": 146, "community_belong": {"1": {"num": 1, "%": 0.0002947244326554671}, "2": {"num": 16, "%": 0.010899182561307902}, "4": {"num": 3, "%": 0.0066815144766146995}, "5": {"num": 2, "%": 0.034482758620689655}, "6": {"num": 47, "%": 0.06200527704485488}, "9": {"num": 3, "%": 0.016129032258064516}, "11": {"num": 49, "%": 0.10792951541850221}, "15": {"num": 4, "%": 0.014336917562724014}, "18": {"num": 21, "%": 0.052109181141439205}}}, "11": {"num": 60, "community_belong": {"1": {"num": 21, "%": 0.00618921308576481}, "2": {"num": 3, "%": 0.0020435967302452314}, "4": {"num": 1, "%": 0.0022271714922048997}, "8": {"num": 32, "%": 0.050393700787401574}, "13": {"num": 3, "%": 0.017241379310344827}}}, "12": {"num": 72, "community_belong": {"1": {"num": 8, "%": 0.002357795461243737}, "4": {"num": 5, "%": 0.011135857461024499}, "8": {"num": 50, "%": 0.07874015748031496}, "13": {"num": 3, "%": 0.017241379310344827}, "14": {"num": 6, "%": 0.018461538461538463}}}, "13": {"num": 160, "community_belong": {"0": {"num": 3, "%": 0.008174386920980926}, "2": {"num": 3, "%": 0.0020435967302452314}, "4": {"num": 128, "%": 0.28507795100222716}, "6": {"num": 22, "%": 0.029023746701846966}, "7": {"num": 1, "%": 0.002976190476190476}, "11": {"num": 1, "%": 0.0022026431718061676}, "22": {"num": 1, "%": 0.0033444816053511705}, "29": {"num": 1, "%": 0.003194888178913738}}}, "14": {"num": 71, "community_belong": {"0": {"num": 8, "%": 0.021798365122615803}, "1": {"num": 8, "%": 0.002357795461243737}, "2": {"num": 1, "%": 0.0006811989100817438}, "4": {"num": 1, "%": 0.0022271714922048997}, "14": {"num": 51, "%": 0.15692307692307692}, "17": {"num": 2, "%": 0.010101010101010102}}}, "15": {"num": 74, "community_belong": {"7": {"num": 74, "%": 0.22023809523809523}}}, "16": {"num": 3, "community_belong": {"23": {"num": 3, "%": 0.06666666666666667}}}, "17": {"num": 3, "community_belong": {"18": {"num": 3, "%": 0.007444168734491315}}}, "18": {"num": 5, "community_belong": {"2": {"num": 5, "%": 0.0034059945504087193}}}, "19": {"num": 3, "community_belong": {"18": {"num": 3, "%": 0.007444168734491315}}}, "20": {"num": 65, "community_belong": {"1": {"num": 12, "%": 0.0035366931918656055}, "2": {"num": 2, "%": 0.0013623978201634877}, "6": {"num": 24, "%": 0.0316622691292876}, "8": {"num": 13, "%": 0.02047244094488189}, "13": {"num": 8, "%": 0.04597701149425287}, "28": {"num": 6, "%": 0.07142857142857142}}}, "21": {"num": 4, "community_belong": {"11": {"num": 4, "%": 0.00881057268722467}}}, "22": {"num": 8, "community_belong": {"16": {"num": 8, "%": 0.043243243243243246}}}, "23": {"num": 96, "community_belong": {"2": {"num": 5, "%": 0.0034059945504087193}, "18": {"num": 24, "%": 0.05955334987593052}, "29": {"num": 67, "%": 0.21405750798722045}}}, "24": {"num": 42, "community_belong": {"2": {"num": 6, "%": 0.004087193460490463}, "15": {"num": 30, "%": 0.10752688172043011}, "18": {"num": 6, "%": 0.01488833746898263}}}, "25": {"num": 51, "community_belong": {"0": {"num": 3, "%": 0.008174386920980926}, "2": {"num": 41, "%": 0.027929155313351498}, "18": {"num": 1, "%": 0.0024813895781637717}, "28": {"num": 6, "%": 0.07142857142857142}}}, "26": {"num": 18, "community_belong": {"2": {"num": 2, "%": 0.0013623978201634877}, "9": {"num": 2, "%": 0.010752688172043012}, "18": {"num": 14, "%": 0.034739454094292806}}}, "27": {"num": 10, "community_belong": {"18": {"num": 10, "%": 0.02481389578163772}}}, "28": {"num": 219, "community_belong": {"0": {"num": 9, "%": 0.02452316076294278}, "1": {"num": 117, "%": 0.034482758620689655}, "2": {"num": 44, "%": 0.02997275204359673}, "3": {"num": 10, "%": 0.04784688995215311}, "4": {"num": 2, "%": 0.004454342984409799}, "8": {"num": 11, "%": 0.01732283464566929}, "10": {"num": 5, "%": 0.0641025641025641}, "13": {"num": 11, "%": 0.06321839080459771}, "14": {"num": 2, "%": 0.006153846153846154}, "16": {"num": 1, "%": 0.005405405405405406}, "17": {"num": 1, "%": 0.005050505050505051}, "18": {"num": 1, "%": 0.0024813895781637717}, "19": {"num": 4, "%": 0.17391304347826086}, "22": {"num": 1, "%": 0.0033444816053511705}}}, "29": {"num": 29, "community_belong": {"6": {"num": 5, "%": 0.006596306068601583}, "10": {"num": 2, "%": 0.02564102564102564}, "18": {"num": 2, "%": 0.004962779156327543}, "21": {"num": 20, "%": 0.18518518518518517}}}, "30": {"num": 15, "community_belong": {"2": {"num": 15, "%": 0.010217983651226158}}}, "31": {"num": 54, "community_belong": {"3": {"num": 54, "%": 0.2583732057416268}}}, "32": {"num": 2, "community_belong": {"25": {"num": 2, "%": 0.08333333333333333}}},