{"0": {"num": 574, "community_belong": {"0": {"num": 13, "%": 0.035422343324250684}, "1": {"num": 36, "%": 0.010610079575596816}, "2": {"num": 23, "%": 0.015667574931880108}, "3": {"num": 7, "%": 0.03349282296650718}, "4": {"num": 14, "%": 0.031180400890868598}, "5": {"num": 4, "%": 0.06896551724137931}, "6": {"num": 27, "%": 0.03562005277044855}, "7": {"num": 5, "%": 0.01488095238095238}, "8": {"num": 9, "%": 0.014173228346456693}, "10": {"num": 2, "%": 0.02564102564102564}, "11": {"num": 11, "%": 0.024229074889867842}, "12": {"num": 1, "%": 0.04}, "13": {"num": 2, "%": 0.011494252873563218}, "14": {"num": 2, "%": 0.006153846153846154}, "15": {"num": 2, "%": 0.007168458781362007}, "16": {"num": 1, "%": 0.005405405405405406}, "18": {"num": 8, "%": 0.019851116625310174}, "21": {"num": 2, "%": 0.018518518518518517}, "22": {"num": 7, "%": 0.023411371237458192}, "24": {"num": 5, "%": 0.02976190476190476}, "29": {"num": 12, "%": 0.038338658146964855}, "30": {"num": 2, "%": 0.05128205128205128}, "32": {"num": 1, "%": 0.022222222222222223}}}, "1": {"num": 244, "community_belong": {"0": {"num": 13, "%": 0.035422343324250684}, "1": {"num": 17, "%": 0.0050103153551429415}, "2": {"num": 23, "%": 0.015667574931880108}, "3": {"num": 7, "%": 0.03349282296650718}, "4": {"num": 5, "%": 0.011135857461024499}, "6": {"num": 5, "%": 0.006596306068601583}, "7": {"num": 1, "%": 0.002976190476190476}, "8": {"num": 2, "%": 0.0031496062992125984}, "9": {"num": 2, "%": 0.010752688172043012}, "11": {"num": 4, "%": 0.00881057268722467}, "12": {"num": 1, "%": 0.04}, "14": {"num": 2, "%": 0.006153846153846154}, "17": {"num": 2, "%": 0.010101010101010102}, "18": {"num": 3, "%": 0.007444168734491315}, "19": {"num": 1, "%": 0.043478260869565216}, "21": {"num": 1, "%": 0.009259259259259259}, "22": {"num": 1, "%": 0.0033444816053511705}, "23": {"num": 1, "%": 0.022222222222222223}, "24": {"num": 3, "%": 0.017857142857142856}, "29": {"num": 4, "%": 0.012779552715654952}}}, "2": {"num": 91, "community_belong": {"0": {"num": 6, "%": 0.01634877384196185}, "1": {"num": 2, "%": 0.0005894488653109342}, "2": {"num": 3, "%": 0.0020435967302452314}, "3": {"num": 8, "%": 0.03827751196172249}, "6": {"num": 3, "%": 0.00395778364116095}, "8": {"num": 1, "%": 0.0015748031496062992}, "11": {"num": 4, "%": 0.00881057268722467}, "13": {"num": 1, "%": 0.005747126436781609}, "15": {"num": 1, "%": 0.0035842293906810036}, "17": {"num": 1, "%": 0.005050505050505051}, "24": {"num": 1, "%": 0.005952380952380952}, "29": {"num": 1, "%": 0.003194888178913738}}}, "3": {"num": 75, "community_belong": {"0": {"num": 2, "%": 0.005449591280653951}, "1": {"num": 5, "%": 0.0014736221632773356}, "2": {"num": 11, "%": 0.007493188010899182}, "3": {"num": 1, "%": 0.004784688995215311}, "4": {"num": 1, "%": 0.0022271714922048997}, "5": {"num": 1, "%": 0.017241379310344827}, "6": {"num": 4, "%": 0.005277044854881266}, "7": {"num": 1, "%": 0.002976190476190476}, "11": {"num": 5, "%": 0.011013215859030838}, "13": {"num": 1, "%": 0.005747126436781609}, "14": {"num": 2, "%": 0.006153846153846154}, "15": {"num": 1, "%": 0.0035842293906810036}, "18": {"num": 2, "%": 0.004962779156327543}, "21": {"num": 2, "%": 0.018518518518518517}, "22": {"num": 1, "%": 0.0033444816053511705}, "26": {"num": 1, "%": 0.08333333333333333}, "28": {"num": 2, "%": 0.023809523809523808}, "29": {"num": 2, "%": 0.006389776357827476}}}, "4": {"num": 23, "community_belong": {"0": {"num": 1, "%": 0.0027247956403269754}, "1": {"num": 1, "%": 0.0002947244326554671}, "2": {"num": 2, "%": 0.0013623978201634877}, "6": {"num": 1, "%": 0.0013192612137203166}, "11": {"num": 1, "%": 0.0022026431718061676}, "14": {"num": 3, "%": 0.009230769230769232}, "22": {"num": 2, "%": 0.006688963210702341}}}, "5": {"num": 162, "community_belong": {"0": {"num": 4, "%": 0.010899182561307902}, "1": {"num": 18, "%": 0.005305039787798408}, "2": {"num": 13, "%": 0.008855585831062671}, "3": {"num": 5, "%": 0.023923444976076555}, "4": {"num": 3, "%": 0.0066815144766146995}, "6": {"num": 12, "%": 0.0158311345646438}, "7": {"num": 3, "%": 0.008928571428571428}, "8": {"num": 5, "%": 0.007874015748031496}, "11": {"num": 2, "%": 0.004405286343612335}, "13": {"num": 1, "%": 0.005747126436781609}, "14": {"num": 1, "%": 0.003076923076923077}, "15": {"num": 3, "%": 0.010752688172043012}, "17": {"num": 2, "%": 0.010101010101010102}, "18": {"num": 2, "%": 0.004962779156327543}, "22": {"num": 5, "%": 0.016722408026755852}, "24": {"num": 1, "%": 0.005952380952380952}, "29": {"num": 3, "%": 0.009584664536741214}}}, "6": {"num": 356, "community_belong": {"0": {"num": 7, "%": 0.01907356948228883}, "1": {"num": 40, "%": 0.011788977306218685}, "2": {"num": 19, "%": 0.012942779291553134}, "3": {"num": 14, "%": 0.06698564593301436}, "4": {"num": 4, "%": 0.008908685968819599}, "5": {"num": 6, "%": 0.10344827586206896}, "6": {"num": 13, "%": 0.017150395778364115}, "7": {"num": 2, "%": 0.005952380952380952}, "8": {"num": 7, "%": 0.011023622047244094}, "9": {"num": 2, "%": 0.010752688172043012}, "10": {"num": 1, "%": 0.01282051282051282}, "11": {"num": 4, "%": 0.00881057268722467}, "12": {"num": 2, "%": 0.08}, "13": {"num": 3, "%": 0.017241379310344827}, "14": {"num": 1, "%": 0.003076923076923077}, "15": {"num": 2, "%": 0.007168458781362007}, "16": {"num": 1, "%": 0.005405405405405406}, "17": {"num": 4, "%": 0.020202020202020204}, "18": {"num": 3, "%": 0.007444168734491315}, "21": {"num": 1, "%": 0.009259259259259259}, "22": {"num": 1, "%": 0.0033444816053511705}, "24": {"num": 5, "%": 0.02976190476190476}, "25": {"num": 1, "%": 0.041666666666666664}, "29": {"num": 2, "%": 0.006389776357827476}, "30": {"num": 3, "%": 0.07692307692307693}}}, "7": {"num": 26, "community_belong": {"0": {"num": 1, "%": 0.0027247956403269754}, "1": {"num": 9, "%": 0.002652519893899204}, "4": {"num": 2, "%": 0.004454342984409799}, "14": {"num": 1, "%": 0.003076923076923077}, "30": {"num": 1, "%": 0.02564102564102564}}}, "8": {"num": 7, "community_belong": {"1": {"num": 1, "%": 0.0002947244326554671}, "6": {"num": 1, "%": 0.0013192612137203166}, "9": {"num": 1, "%": 0.005376344086021506}}}, "9": {"num": 54, "community_belong": {"0": {"num": 1, "%": 0.0027247956403269754}, "1": {"num": 9, "%": 0.002652519893899204}, "2": {"num": 2, "%": 0.0013623978201634877}, "3": {"num": 2, "%": 0.009569377990430622}, "4": {"num": 1, "%": 0.0022271714922048997}, "6": {"num": 1, "%": 0.0013192612137203166}, "14": {"num": 2, "%": 0.006153846153846154}, "22": {"num": 1, "%": 0.0033444816053511705}}}, "10": {"num": 16, "community_belong": {"1": {"num": 1, "%": 0.0002947244326554671}, "10": {"num": 2, "%": 0.02564102564102564}}}, "11": {"num": 4, "community_belong": {}}, "12": {"num": 30, "community_belong": {"0": {"num": 1, "%": 0.0027247956403269754}, "1": {"num": 2, "%": 0.0005894488653109342}, "3": {"num": 1, "%": 0.004784688995215311}, "6": {"num": 1, "%": 0.0013192612137203166}, "14": {"num": 1, "%": 0.003076923076923077}, "16": {"num": 1, "%": 0.005405405405405406}, "18": {"num": 1, "%": 0.0024813895781637717}, "23": {"num": 1, "%": 0.022222222222222223}}}, "13": {"num": 4, "community_belong": {"4": {"num": 1, "%": 0.0022271714922048997}, "6": {"num": 2, "%": 0.002638522427440633}}}, "14": {"num": 3, "community_belong": {"11": {"num": 1, "%": 0.0022026431718061676}}}, "15": {"num": 7, "community_belong": {"2": {"num": 1, "%": 0.0006811989100817438}, "6": {"num": 3, "%": 0.00395778364116095}}}}