{"0": {"num": 86, "community_belong": {"0": {"num": 8, "%": 0.09302325581395349}, "1": {"num": 26, "%": 0.3023255813953488}, "2": {"num": 36, "%": 0.4186046511627907}, "4": {"num": 1, "%": 0.011627906976744186}, "9": {"num": 8, "%": 0.09302325581395349}, "11": {"num": 2, "%": 0.023255813953488372}, "13": {"num": 1, "%": 0.011627906976744186}, "15": {"num": 2, "%": 0.023255813953488372}, "16": {"num": 2, "%": 0.023255813953488372}}}, "1": {"num": 82, "community_belong": {"0": {"num": 4, "%": 0.04878048780487805}, "1": {"num": 3, "%": 0.036585365853658534}, "2": {"num": 56, "%": 0.6829268292682927}, "9": {"num": 2, "%": 0.024390243902439025}, "11": {"num": 1, "%": 0.012195121951219513}, "14": {"num": 7, "%": 0.08536585365853659}, "15": {"num": 8, "%": 0.0975609756097561}, "30": {"num": 1, "%": 0.012195121951219513}}}, "2": {"num": 65, "community_belong": {"0": {"num": 6, "%": 0.09230769230769231}, "1": {"num": 29, "%": 0.4461538461538462}, "2": {"num": 7, "%": 0.1076923076923077}, "3": {"num": 2, "%": 0.03076923076923077}, "4": {"num": 6, "%": 0.09230769230769231}, "6": {"num": 1, "%": 0.015384615384615385}, "7": {"num": 1, "%": 0.015384615384615385}, "8": {"num": 2, "%": 0.03076923076923077}, "10": {"num": 2, "%": 0.03076923076923077}, "11": {"num": 5, "%": 0.07692307692307693}, "14": {"num": 1, "%": 0.015384615384615385}, "16": {"num": 1, "%": 0.015384615384615385}, "17": {"num": 1, "%": 0.015384615384615385}, "22": {"num": 1, "%": 0.015384615384615385}}}, "3": {"num": 90, "community_belong": {"0": {"num": 5, "%": 0.05555555555555555}, "1": {"num": 6, "%": 0.06666666666666667}, "2": {"num": 3, "%": 0.03333333333333333}, "4": {"num": 54, "%": 0.6}, "6": {"num": 10, "%": 0.1111111111111111}, "7": {"num": 1, "%": 0.011111111111111112}, "8": {"num": 2, "%": 0.022222222222222223}, "10": {"num": 2, "%": 0.022222222222222223}, "11": {"num": 1, "%": 0.011111111111111112}, "13": {"num": 1, "%": 0.011111111111111112}, "15": {"num": 1, "%": 0.011111111111111112}, "17": {"num": 1, "%": 0.011111111111111112}, "22": {"num": 2, "%": 0.022222222222222223}, "24": {"num": 1, "%": 0.011111111111111112}}}, "4": {"num": 39, "community_belong": {"2": {"num": 35, "%": 0.8974358974358975}, "11": {"num": 1, "%": 0.02564102564102564}, "15": {"num": 1, "%": 0.02564102564102564}, "24": {"num": 1, "%": 0.02564102564102564}, "26": {"num": 1, "%": 0.02564102564102564}}}, "5": {"num": 50, "community_belong": {"1": {"num": 31, "%": 0.62}, "4": {"num": 5, "%": 0.1}, "6": {"num": 7, "%": 0.14}, "8": {"num": 4, "%": 0.08}, "14": {"num": 2, "%": 0.04}, "25": {"num": 1, "%": 0.02}}}, "6": {"num": 39, "community_belong": {"1": {"num": 1, "%": 0.02564102564102564}, "2": {"num": 27, "%": 0.6923076923076923}, "9": {"num": 11, "%": 0.28205128205128205}}}, "7": {"num": 5, "community_belong": {"24": {"num": 5, "%": 1.0}}}, "8": {"num": 234, "community_belong": {"0": {"num": 2, "%": 0.008547008547008548}, "1": {"num": 191, "%": 0.8162393162393162}, "2": {"num": 3, "%": 0.01282051282051282}, "4": {"num": 2, "%": 0.008547008547008548}, "6": {"num": 1, "%": 0.004273504273504274}, "8": {"num": 13, "%": 0.05555555555555555}, "11": {"num": 3, "%": 0.01282051282051282}, "13": {"num": 4, "%": 0.017094017094017096}, "14": {"num": 5, "%": 0.021367521367521368}, "16": {"num": 3, "%": 0.01282051282051282}, "17": {"num": 4, "%": 0.017094017094017096}, "19": {"num": 2, "%": 0.008547008547008548}, "33": {"num": 1, "%": 0.004273504273504274}}}, "9": {"num": 273, "community_belong": {"0": {"num": 7, "%": 0.02564102564102564}, "1": {"num": 24, "%": 0.08791208791208792}, "2": {"num": 170, "%": 0.6227106227106227}, "4": {"num": 25, "%": 0.09157509157509157}, "6": {"num": 10, "%": 0.03663003663003663}, "7": {"num": 1, "%": 0.003663003663003663}, "8": {"num": 5, "%": 0.018315018315018316}, "11": {"num": 6, "%": 0.02197802197802198}, "13": {"num": 2, "%": 0.007326007326007326}, "14": {"num": 4, "%": 0.014652014652014652}, "15": {"num": 7, "%": 0.02564102564102564}, "17": {"num": 5, "%": 0.018315018315018316}, "18": {"num": 1, "%": 0.003663003663003663}, "22": {"num": 3, "%": 0.01098901098901099}, "24": {"num": 2, "%": 0.007326007326007326}, "30": {"num": 1, "%": 0.003663003663003663}}}, "10": {"num": 67, "community_belong": {"1": {"num": 6, "%": 0.08955223880597014}, "2": {"num": 4, "%": 0.05970149253731343}, "3": {"num": 1, "%": 0.014925373134328358}, "4": {"num": 1, "%": 0.014925373134328358}, "5": {"num": 1, "%": 0.014925373134328358}, "6": {"num": 3, "%": 0.04477611940298507}, "7": {"num": 1, "%": 0.014925373134328358}, "8": {"num": 41, "%": 0.6119402985074627}, "11": {"num": 4, "%": 0.05970149253731343}, "13": {"num": 2, "%": 0.029850746268656716}, "14": {"num": 1, "%": 0.014925373134328358}, "22": {"num": 2, "%": 0.029850746268656716}}}, "11": {"num": 25, "community_belong": {"1": {"num": 1, "%": 0.04}, "2": {"num": 1, "%": 0.04}, "4": {"num": 1, "%": 0.04}, "6": {"num": 17, "%": 0.68}, "11": {"num": 2, "%": 0.08}, "16": {"num": 1, "%": 0.04}, "28": {"num": 1, "%": 0.04}, "30": {"num": 1, "%": 0.04}}}, "12": {"num": 62, "community_belong": {"4": {"num": 1, "%": 0.016129032258064516}, "6": {"num": 1, "%": 0.016129032258064516}, "22": {"num": 60, "%": 0.967741935483871}}}}