{"0": {"num": 96, "community_belong": {"0": {"num": 2, "%": 0.020833333333333332}, "1": {"num": 3, "%": 0.03125}, "2": {"num": 8, "%": 0.08333333333333333}, "3": {"num": 1, "%": 0.010416666666666666}, "4": {"num": 1, "%": 0.010416666666666666}, "6": {"num": 4, "%": 0.041666666666666664}, "9": {"num": 1, "%": 0.010416666666666666}, "11": {"num": 1, "%": 0.010416666666666666}, "14": {"num": 2, "%": 0.020833333333333332}, "17": {"num": 1, "%": 0.010416666666666666}, "18": {"num": 1, "%": 0.010416666666666666}, "23": {"num": 1, "%": 0.010416666666666666}}}, "1": {"num": 314, "community_belong": {"0": {"num": 8, "%": 0.025477707006369428}, "1": {"num": 32, "%": 0.10191082802547771}, "2": {"num": 7, "%": 0.022292993630573247}, "3": {"num": 4, "%": 0.012738853503184714}, "4": {"num": 8, "%": 0.025477707006369428}, "5": {"num": 6, "%": 0.01910828025477707}, "6": {"num": 12, "%": 0.03821656050955414}, "7": {"num": 1, "%": 0.0031847133757961785}, "8": {"num": 5, "%": 0.01592356687898089}, "11": {"num": 7, "%": 0.022292993630573247}, "14": {"num": 6, "%": 0.01910828025477707}, "15": {"num": 2, "%": 0.006369426751592357}, "16": {"num": 1, "%": 0.0031847133757961785}, "17": {"num": 2, "%": 0.006369426751592357}, "18": {"num": 3, "%": 0.009554140127388535}, "19": {"num": 1, "%": 0.0031847133757961785}, "21": {"num": 1, "%": 0.0031847133757961785}, "22": {"num": 1, "%": 0.0031847133757961785}, "24": {"num": 3, "%": 0.009554140127388535}, "29": {"num": 5, "%": 0.01592356687898089}, "30": {"num": 2, "%": 0.006369426751592357}}}, "2": {"num": 68, "community_belong": {"0": {"num": 2, "%": 0.029411764705882353}, "1": {"num": 11, "%": 0.16176470588235295}, "3": {"num": 1, "%": 0.014705882352941176}, "4": {"num": 2, "%": 0.029411764705882353}, "6": {"num": 1, "%": 0.014705882352941176}, "7": {"num": 2, "%": 0.029411764705882353}, "11": {"num": 3, "%": 0.04411764705882353}, "14": {"num": 1, "%": 0.014705882352941176}, "16": {"num": 2, "%": 0.029411764705882353}, "24": {"num": 1, "%": 0.014705882352941176}, "29": {"num": 1, "%": 0.014705882352941176}}}, "3": {"num": 117, "community_belong": {"0": {"num": 3, "%": 0.02564102564102564}, "1": {"num": 6, "%": 0.05128205128205128}, "2": {"num": 12, "%": 0.10256410256410256}, "3": {"num": 2, "%": 0.017094017094017096}, "4": {"num": 2, "%": 0.017094017094017096}, "6": {"num": 6, "%": 0.05128205128205128}, "8": {"num": 1, "%": 0.008547008547008548}, "9": {"num": 1, "%": 0.008547008547008548}, "11": {"num": 2, "%": 0.017094017094017096}, "12": {"num": 1, "%": 0.008547008547008548}, "14": {"num": 1, "%": 0.008547008547008548}, "15": {"num": 1, "%": 0.008547008547008548}, "18": {"num": 2, "%": 0.017094017094017096}, "22": {"num": 3, "%": 0.02564102564102564}, "23": {"num": 2, "%": 0.017094017094017096}, "24": {"num": 1, "%": 0.008547008547008548}, "28": {"num": 1, "%": 0.008547008547008548}}}, "4": {"num": 54, "community_belong": {"0": {"num": 1, "%": 0.018518518518518517}, "1": {"num": 3, "%": 0.05555555555555555}, "2": {"num": 6, "%": 0.1111111111111111}, "6": {"num": 2, "%": 0.037037037037037035}, "7": {"num": 1, "%": 0.018518518518518517}, "10": {"num": 3, "%": 0.05555555555555555}, "11": {"num": 2, "%": 0.037037037037037035}, "30": {"num": 1, "%": 0.018518518518518517}}}, "5": {"num": 91, "community_belong": {"0": {"num": 6, "%": 0.06593406593406594}, "1": {"num": 5, "%": 0.054945054945054944}, "2": {"num": 5, "%": 0.054945054945054944}, "3": {"num": 2, "%": 0.02197802197802198}, "4": {"num": 1, "%": 0.01098901098901099}, "6": {"num": 2, "%": 0.02197802197802198}, "8": {"num": 1, "%": 0.01098901098901099}, "10": {"num": 1, "%": 0.01098901098901099}, "14": {"num": 1, "%": 0.01098901098901099}, "18": {"num": 3, "%": 0.03296703296703297}, "21": {"num": 1, "%": 0.01098901098901099}, "22": {"num": 1, "%": 0.01098901098901099}, "26": {"num": 1, "%": 0.01098901098901099}, "29": {"num": 7, "%": 0.07692307692307693}}}, "6": {"num": 300, "community_belong": {"0": {"num": 3, "%": 0.01}, "1": {"num": 21, "%": 0.07}, "2": {"num": 15, "%": 0.05}, "3": {"num": 4, "%": 0.013333333333333334}, "4": {"num": 8, "%": 0.02666666666666667}, "5": {"num": 1, "%": 0.0033333333333333335}, "6": {"num": 7, "%": 0.023333333333333334}, "7": {"num": 3, "%": 0.01}, "8": {"num": 1, "%": 0.0033333333333333335}, "9": {"num": 2, "%": 0.006666666666666667}, "10": {"num": 1, "%": 0.0033333333333333335}, "11": {"num": 5, "%": 0.016666666666666666}, "14": {"num": 2, "%": 0.006666666666666667}, "15": {"num": 1, "%": 0.0033333333333333335}, "18": {"num": 5, "%": 0.016666666666666666}, "22": {"num": 2, "%": 0.006666666666666667}, "24": {"num": 1, "%": 0.0033333333333333335}, "28": {"num": 1, "%": 0.0033333333333333335}, "29": {"num": 6, "%": 0.02}}}, "7": {"num": 89, "community_belong": {"0": {"num": 4, "%": 0.0449438202247191}, "1": {"num": 6, "%": 0.06741573033707865}, "2": {"num": 7, "%": 0.07865168539325842}, "3": {"num": 7, "%": 0.07865168539325842}, "5": {"num": 1, "%": 0.011235955056179775}, "6": {"num": 2, "%": 0.02247191011235955}, "11": {"num": 5, "%": 0.056179775280898875}, "15": {"num": 2, "%": 0.02247191011235955}}}, "8": {"num": 31, "community_belong": {"1": {"num": 4, "%": 0.12903225806451613}, "2": {"num": 3, "%": 0.0967741935483871}, "4": {"num": 1, "%": 0.03225806451612903}, "6": {"num": 1, "%": 0.03225806451612903}, "11": {"num": 1, "%": 0.03225806451612903}, "14": {"num": 2, "%": 0.06451612903225806}, "18": {"num": 1, "%": 0.03225806451612903}, "22": {"num": 1, "%": 0.03225806451612903}, "29": {"num": 1, "%": 0.03225806451612903}, "33": {"num": 1, "%": 0.03225806451612903}}}, "9": {"num": 77, "community_belong": {"0": {"num": 3, "%": 0.03896103896103896}, "1": {"num": 4, "%": 0.05194805194805195}, "2": {"num": 3, "%": 0.03896103896103896}, "3": {"num": 5, "%": 0.06493506493506493}, "5": {"num": 1, "%": 0.012987012987012988}, "6": {"num": 4, "%": 0.05194805194805195}, "11": {"num": 2, "%": 0.025974025974025976}, "13": {"num": 1, "%": 0.012987012987012988}, "14": {"num": 1, "%": 0.012987012987012988}, "17": {"num": 1, "%": 0.012987012987012988}, "18": {"num": 2, "%": 0.025974025974025976}, "19": {"num": 1, "%": 0.012987012987012988}, "21": {"num": 1, "%": 0.012987012987012988}, "23": {"num": 1, "%": 0.012987012987012988}, "28": {"num": 1, "%": 0.012987012987012988}, "29": {"num": 1, "%": 0.012987012987012988}, "32": {"num": 1, "%": 0.012987012987012988}}}, "10": {"num": 49, "community_belong": {"1": {"num": 3, "%": 0.061224489795918366}, "2": {"num": 2, "%": 0.04081632653061224}, "3": {"num": 1, "%": 0.02040816326530612}, "5": {"num": 1, "%": 0.02040816326530612}, "6": {"num": 2, "%": 0.04081632653061224}, "7": {"num": 1, "%": 0.02040816326530612}, "8": {"num": 3, "%": 0.061224489795918366}, "14": {"num": 1, "%": 0.02040816326530612}, "20": {"num": 1, "%": 0.02040816326530612}, "22": {"num": 3, "%": 0.061224489795918366}}}, "11": {"num": 77, "community_belong": {"0": {"num": 1, "%": 0.012987012987012988}, "1": {"num": 6, "%": 0.07792207792207792}, "2": {"num": 7, "%": 0.09090909090909091}, "3": {"num": 3, "%": 0.03896103896103896}, "4": {"num": 2, "%": 0.025974025974025976}, "6": {"num": 2, "%": 0.025974025974025976}, "7": {"num": 2, "%": 0.025974025974025976}, "8": {"num": 1, "%": 0.012987012987012988}, "9": {"num": 1, "%": 0.012987012987012988}, "17": {"num": 1, "%": 0.012987012987012988}, "18": {"num": 1, "%": 0.012987012987012988}, "29": {"num": 2, "%": 0.025974025974025976}}}, "12": {"num": 17, "community_belong": {"1": {"num": 3, "%": 0.17647058823529413}, "4": {"num": 1, "%": 0.058823529411764705}, "18": {"num": 1, "%": 0.058823529411764705}, "22": {"num": 1, "%": 0.058823529411764705}}}, "13": {"num": 102, "community_belong": {"1": {"num": 13, "%": 0.12745098039215685}, "2": {"num": 2, "%": 0.0196078431372549}, "3": {"num": 3, "%": 0.029411764705882353}, "4": {"num": 3, "%": 0.029411764705882353}, "6": {"num": 5, "%": 0.049019607843137254}, "7": {"num": 1, "%": 0.00980392156862745}, "8": {"num": 2, "%": 0.0196078431372549}, "11": {"num": 4,