{"0": {"num": 324, "community_belong": {"0": {"num": 21, "%": 0.06481481481481481}, "1": {"num": 198, "%": 0.6111111111111112}, "2": {"num": 9, "%": 0.027777777777777776}, "3": {"num": 5, "%": 0.015432098765432098}, "4": {"num": 14, "%": 0.043209876543209874}, "5": {"num": 2, "%": 0.006172839506172839}, "6": {"num": 3, "%": 0.009259259259259259}, "7": {"num": 2, "%": 0.006172839506172839}, "8": {"num": 22, "%": 0.06790123456790123}, "9": {"num": 2, "%": 0.006172839506172839}, "10": {"num": 4, "%": 0.012345679012345678}, "11": {"num": 1, "%": 0.0030864197530864196}, "12": {"num": 1, "%": 0.0030864197530864196}, "13": {"num": 4, "%": 0.012345679012345678}, "14": {"num": 10, "%": 0.030864197530864196}, "16": {"num": 19, "%": 0.05864197530864197}, "17": {"num": 5, "%": 0.015432098765432098}, "18": {"num": 1, "%": 0.0030864197530864196}, "19": {"num": 1, "%": 0.0030864197530864196}}}, "1": {"num": 1507, "community_belong": {"0": {"num": 36, "%": 0.023888520238885203}, "1": {"num": 1031, "%": 0.6841406768414068}, "2": {"num": 18, "%": 0.011944260119442602}, "3": {"num": 8, "%": 0.0053085600530856005}, "4": {"num": 39, "%": 0.025879230258792303}, "5": {"num": 6, "%": 0.003981420039814201}, "6": {"num": 30, "%": 0.019907100199071003}, "7": {"num": 19, "%": 0.012607830126078301}, "8": {"num": 85, "%": 0.05640345056403451}, "9": {"num": 2, "%": 0.0013271400132714001}, "10": {"num": 12, "%": 0.007962840079628402}, "11": {"num": 47, "%": 0.031187790311877902}, "13": {"num": 29, "%": 0.019243530192435302}, "14": {"num": 55, "%": 0.0364963503649635}, "15": {"num": 1, "%": 0.0006635700066357001}, "16": {"num": 25, "%": 0.0165892501658925}, "17": {"num": 33, "%": 0.021897810218978103}, "18": {"num": 5, "%": 0.0033178500331785005}, "19": {"num": 4, "%": 0.0026542800265428003}, "20": {"num": 1, "%": 0.0006635700066357001}, "21": {"num": 1, "%": 0.0006635700066357001}, "22": {"num": 2, "%": 0.0013271400132714001}, "24": {"num": 1, "%": 0.0006635700066357001}, "25": {"num": 2, "%": 0.0013271400132714001}, "28": {"num": 8, "%": 0.0053085600530856005}, "29": {"num": 4, "%": 0.0026542800265428003}, "30": {"num": 2, "%": 0.0013271400132714001}, "31": {"num": 1, "%": 0.0006635700066357001}}}, "2": {"num": 120, "community_belong": {"0": {"num": 7, "%": 0.058333333333333334}, "1": {"num": 15, "%": 0.125}, "2": {"num": 21, "%": 0.175}, "3": {"num": 2, "%": 0.016666666666666666}, "4": {"num": 13, "%": 0.10833333333333334}, "6": {"num": 5, "%": 0.041666666666666664}, "8": {"num": 6, "%": 0.05}, "10": {"num": 1, "%": 0.008333333333333333}, "13": {"num": 3, "%": 0.025}, "14": {"num": 39, "%": 0.325}, "15": {"num": 1, "%": 0.008333333333333333}, "17": {"num": 4, "%": 0.03333333333333333}, "19": {"num": 1, "%": 0.008333333333333333}, "20": {"num": 1, "%": 0.008333333333333333}, "28": {"num": 1, "%": 0.008333333333333333}}}, "3": {"num": 64, "community_belong": {"1": {"num": 1, "%": 0.015625}, "2": {"num": 50, "%": 0.78125}, "11": {"num": 1, "%": 0.015625}, "15": {"num": 1, "%": 0.015625}, "21": {"num": 7, "%": 0.109375}, "24": {"num": 1, "%": 0.015625}, "26": {"num": 1, "%": 0.015625}, "27": {"num": 1, "%": 0.015625}, "30": {"num": 1, "%": 0.015625}}}, "4": {"num": 185, "community_belong": {"0": {"num": 5, "%": 0.02702702702702703}, "1": {"num": 28, "%": 0.15135135135135136}, "2": {"num": 51, "%": 0.2756756756756757}, "3": {"num": 1, "%": 0.005405405405405406}, "4": {"num": 4, "%": 0.021621621621621623}, "5": {"num": 1, "%": 0.005405405405405406}, "6": {"num": 6, "%": 0.032432432432432434}, "7": {"num": 1, "%": 0.005405405405405406}, "8": {"num": 34, "%": 0.1837837837837838}, "10": {"num": 3, "%": 0.016216216216216217}, "11": {"num": 27, "%": 0.14594594594594595}, "13": {"num": 2, "%": 0.010810810810810811}, "14": {"num": 1, "%": 0.005405405405405406}, "15": {"num": 6, "%": 0.032432432432432434}, "16": {"num": 14, "%": 0.07567567567567568}, "24": {"num": 1, "%": 0.005405405405405406}}}, "5": {"num": 327, "community_belong": {"0": {"num": 7, "%": 0.021406727828746176}, "1": {"num": 28, "%": 0.0856269113149847}, "2": {"num": 190, "%": 0.581039755351682}, "4": {"num": 49, "%": 0.14984709480122324}, "6": {"num": 13, "%": 0.039755351681957186}, "7": {"num": 1, "%": 0.0030581039755351682}, "8": {"num": 7, "%": 0.021406727828746176}, "10": {"num": 1, "%": 0.0030581039755351682}, "11": {"num": 6, "%": 0.01834862385321101}, "13": {"num": 2, "%": 0.0061162079510703364}, "14": {"num": 3, "%": 0.009174311926605505}, "15": {"num": 7, "%": 0.021406727828746176}, "16": {"num": 1, "%": 0.0030581039755351682}, "17": {"num": 5, "%": 0.01529051987767584}, "18": {"num": 1, "%": 0.0030581039755351682}, "22": {"num": 2, "%": 0.0061162079510703364}, "24": {"num": 3, "%": 0.009174311926605505}, "30": {"num": 1, "%": 0.0030581039755351682}}}, "6": {"num": 63, "community_belong": {"0": {"num": 1, "%": 0.015873015873015872}, "1": {"num": 49, "%": 0.7777777777777778}, "2": {"num": 2, "%": 0.031746031746031744}, "4": {"num": 2, "%": 0.031746031746031744}, "13": {"num": 3, "%": 0.047619047619047616}, "16": {"num": 2, "%": 0.031746031746031744}, "17": {"num": 4, "%": 0.06349206349206349}}}, "7": {"num": 104, "community_belong": {"0": {"num": 2, "%": 0.019230769230769232}, "1": {"num": 83, "%": 0.7980769230769231}, "2": {"num": 2, "%": 0.019230769230769232}, "4": {"num": 2, "%": 0.019230769230769232}, "6": {"num": 1, "%": 0.009615384615384616}, "8": {"num": 8, "%": 0.07692307692307693}, "11": {"num": 2, "%": 0.019230769230769232}, "14": {"num": 1, "%": 0.009615384615384616}, "17": {"num": 2, "%": 0.019230769230769232}, "33": {"num": 1, "%": 0.009615384615384616}}}, "8": {"num": 99, "community_belong": {"6": {"num": 1, "%": 0.010101010101010102}, "22": {"num": 98, "%": 0.98989898989899}}}}