{"0": {"num": 1629, "community_belong": {"0": {"num": 35, "%": 0.021485573971761818}, "1": {"num": 111, "%": 0.06813996316758748}, "2": {"num": 96, "%": 0.058931860036832415}, "3": {"num": 28, "%": 0.017188459177409455}, "4": {"num": 37, "%": 0.022713321055862493}, "5": {"num": 8, "%": 0.004910988336402701}, "6": {"num": 64, "%": 0.039287906691221605}, "7": {"num": 19, "%": 0.011663597298956415}, "8": {"num": 13, "%": 0.00798035604665439}, "9": {"num": 6, "%": 0.003683241252302026}, "10": {"num": 4, "%": 0.0024554941682013503}, "11": {"num": 29, "%": 0.01780233271945979}, "12": {"num": 3, "%": 0.001841620626151013}, "13": {"num": 8, "%": 0.004910988336402701}, "14": {"num": 14, "%": 0.008594229588704727}, "15": {"num": 11, "%": 0.006752608962553714}, "16": {"num": 10, "%": 0.006138735420503376}, "17": {"num": 6, "%": 0.003683241252302026}, "18": {"num": 18, "%": 0.011049723756906077}, "19": {"num": 1, "%": 0.0006138735420503376}, "20": {"num": 1, "%": 0.0006138735420503376}, "21": {"num": 2, "%": 0.0012277470841006752}, "22": {"num": 13, "%": 0.00798035604665439}, "23": {"num": 4, "%": 0.0024554941682013503}, "24": {"num": 14, "%": 0.008594229588704727}, "26": {"num": 3, "%": 0.001841620626151013}, "28": {"num": 2, "%": 0.0012277470841006752}, "29": {"num": 23, "%": 0.014119091467157766}, "30": {"num": 4, "%": 0.0024554941682013503}, "32": {"num": 4, "%": 0.0024554941682013503}, "33": {"num": 1, "%": 0.0006138735420503376}}}, "1": {"num": 426, "community_belong": {"0": {"num": 13, "%": 0.03051643192488263}, "1": {"num": 33, "%": 0.07746478873239436}, "2": {"num": 29, "%": 0.06807511737089202}, "3": {"num": 8, "%": 0.018779342723004695}, "4": {"num": 11, "%": 0.025821596244131457}, "5": {"num": 1, "%": 0.002347417840375587}, "6": {"num": 6, "%": 0.014084507042253521}, "7": {"num": 5, "%": 0.011737089201877934}, "8": {"num": 3, "%": 0.007042253521126761}, "9": {"num": 3, "%": 0.007042253521126761}, "10": {"num": 1, "%": 0.002347417840375587}, "11": {"num": 12, "%": 0.028169014084507043}, "13": {"num": 1, "%": 0.002347417840375587}, "14": {"num": 4, "%": 0.009389671361502348}, "17": {"num": 2, "%": 0.004694835680751174}, "18": {"num": 1, "%": 0.002347417840375587}, "20": {"num": 1, "%": 0.002347417840375587}, "21": {"num": 1, "%": 0.002347417840375587}, "22": {"num": 11, "%": 0.025821596244131457}, "23": {"num": 3, "%": 0.007042253521126761}, "24": {"num": 6, "%": 0.014084507042253521}, "28": {"num": 3, "%": 0.007042253521126761}, "29": {"num": 3, "%": 0.007042253521126761}}}, "2": {"num": 103, "community_belong": {"0": {"num": 4, "%": 0.038834951456310676}, "1": {"num": 7, "%": 0.06796116504854369}, "2": {"num": 5, "%": 0.04854368932038835}, "3": {"num": 3, "%": 0.02912621359223301}, "4": {"num": 1, "%": 0.009708737864077669}, "6": {"num": 1, "%": 0.009708737864077669}, "7": {"num": 1, "%": 0.009708737864077669}, "8": {"num": 2, "%": 0.019417475728155338}, "10": {"num": 2, "%": 0.019417475728155338}, "11": {"num": 2, "%": 0.019417475728155338}, "13": {"num": 1, "%": 0.009708737864077669}, "14": {"num": 2, "%": 0.019417475728155338}, "15": {"num": 1, "%": 0.009708737864077669}, "16": {"num": 1, "%": 0.009708737864077669}, "18": {"num": 1, "%": 0.009708737864077669}, "25": {"num": 1, "%": 0.009708737864077669}, "29": {"num": 2, "%": 0.019417475728155338}}}, "3": {"num": 58, "community_belong": {"0": {"num": 1, "%": 0.017241379310344827}, "1": {"num": 4, "%": 0.06896551724137931}, "2": {"num": 6, "%": 0.10344827586206896}, "3": {"num": 3, "%": 0.05172413793103448}, "5": {"num": 1, "%": 0.017241379310344827}, "6": {"num": 2, "%": 0.034482758620689655}, "7": {"num": 1, "%": 0.017241379310344827}, "8": {"num": 2, "%": 0.034482758620689655}, "10": {"num": 1, "%": 0.017241379310344827}, "11": {"num": 3, "%": 0.05172413793103448}, "13": {"num": 1, "%": 0.017241379310344827}, "14": {"num": 2, "%": 0.034482758620689655}, "24": {"num": 2, "%": 0.034482758620689655}, "29": {"num": 1, "%": 0.017241379310344827}}}, "4": {"num": 303, "community_belong": {"0": {"num": 3, "%": 0.009900990099009901}, "1": {"num": 22, "%": 0.07260726072607261}, "2": {"num": 19, "%": 0.0627062706270627}, "3": {"num": 7, "%": 0.0231023102310231}, "4": {"num": 2, "%": 0.006600660066006601}, "5": {"num": 1, "%": 0.0033003300330033004}, "6": {"num": 11, "%": 0.036303630363036306}, "7": {"num": 6, "%": 0.019801980198019802}, "8": {"num": 12, "%": 0.039603960396039604}, "9": {"num": 2, "%": 0.006600660066006601}, "11": {"num": 4, "%": 0.013201320132013201}, "13": {"num": 2, "%": 0.006600660066006601}, "14": {"num": 4, "%": 0.013201320132013201}, "16": {"num": 2, "%": 0.006600660066006601}, "17": {"num": 2, "%": 0.006600660066006601}, "18": {"num": 4, "%": 0.013201320132013201}, "22": {"num": 8, "%": 0.026402640264026403}, "23": {"num": 2, "%": 0.006600660066006601}, "27": {"num": 1, "%": 0.0033003300330033004}, "28": {"num": 4, "%": 0.013201320132013201}, "29": {"num": 2, "%": 0.006600660066006601}}}, "5": {"num": 772, "community_belong": {"0": {"num": 22, "%": 0.02849740932642487}, "1": {"num": 91, "%": 0.11787564766839378}, "2": {"num": 37, "%": 0.04792746113989637}, "3": {"num": 13, "%": 0.01683937823834197}, "4": {"num": 16, "%": 0.02072538860103627}, "5": {"num": 10, "%": 0.012953367875647668}, "6": {"num": 34, "%": 0.04404145077720207}, "7": {"num": 9, "%": 0.011658031088082901}, "8": {"num": 13, "%": 0.01683937823834197}, "9": {"num": 4, "%": 0.0051813471502590676}, "10": {"num": 1, "%": 0.0012953367875647669}, "11": {"num": 11, "%": 0.014248704663212436}, "12": {"num": 1, "%": 0.0012953367875647669}, "13": {"num": 4, "%": 0.0051813471502590676}, "14": {"num": 8, "%": 0.010362694300518135}, "15": {"num": 5, "%": 0.006476683937823834}, "16": {"num": 5, "%": 0.006476683937823834}, "17": {"num": 7, "%": 0.009067357512953367}, "18": {"num": 7, "%": 0.009067357512953367}, "19": {"num": 1, "%": 0.0012953367875647669}, "21": {"num": 1, "%": 0.0012953367875647669}, "22": {"num": 11, "%": 0.014248704663212436}, "23": {"num": 1, "%": 0.0012953367875647669}, "24": {"num": 6, "%": 0.007772020725388601}, "25": {"num": 1, "%": 0.0012953367875647669}, "26": {"num": 1, "%": 0.0012953367875647669}, "28": {"num": 1, "%": 0.0012953367875647669}, "29": {"num": 6, "%": 0.007772020725388601}, "30": {"num": 4, "%": 0.0051813471502590676}, "32": {"num": 1, "%": 0.0012953367875647669}, "33": {"num": 2, "%": 0.0025906735751295338}}}, "6": {"num": 163, "community_belong": {"0": {"num": 3, "%": 0.018404907975460124}, "1": {"num": 15, "%": 0.09202453987730061}, "2": {"num": 14, "%": 0.08588957055214724}, "3": {"num": 2, "%": 0.012269938650306749}, "4": {"num": 3, "%": 0.018404907975460124}, "5": {"num": 1, "%": 0.006134969325153374}, "6": {"num": 14, "%": 0.08588957055214724}, "7": {"num": 4, "%": 0.024539877300613498}, "8": {"num": 1, "%": 0.006134969325153374}, "9": {"num": 1, "%": 0.006134969325153374}, "10": {"num": 1, "%": 0.006134969325153374}, "11": {"num": 3, "%": 0.018404907975460124}, "13": {"num": 1, "%": 0.006134969325153374}, "14": {"num": 2, "%": 0.012269938650306749}, "15": {"num": 5, "%": 0.03067484662576687}, "17": {"num": 1, "%": 0.006134969325153374}, "18": {"num": 5, "%": 0.03067484662576687}, "22": {"num": 12, "%": 0.0736196319018405}, "23": {"num": 1, "%": 0.006134969325153374}, "24": {"num": 2, "%": 0.012269938650306749}, "29": {"num": 1, "%": 0.006134969325153374}}}, "7": {"num": 71, "community_belong": {"0": {"num": 4, "%": 0.056338028169014086}, "1": {"num": 12, "%": 0.16901408450704225}, "2": {"num": 7, "%": 0.09859154929577464}, "6": {"num": 4, "%": 0.056338028169014086}, "8": {"num": 2, "%": 0.028169014084507043}, "9": {"num": 1, "%": 0.014084507042253521}, "10": {"num": 1, "%": 0.014084507042253521}, "11": {"num": 1, "%": 0.014084507042253521}, "12": {"num": 1, "%": 0.014084507042253521}, "13": {"num": 1, "%": 0.014084507042253521}, "15": {"num": 1, "%": 0.014084507042253521}, "17": {"num": 1, "%": 0.014084507042253521}, "18": {"num": 2, "%": 0.028169014084507043}, "29": {"num": 2,