{"0": {"num": 731, "community_belong": {"0": {"num": 9, "%": 0.012311901504787962}, "1": {"num": 11, "%": 0.015047879616963064}, "2": {"num": 575, "%": 0.786593707250342}, "4": {"num": 19, "%": 0.025991792065663474}, "5": {"num": 1, "%": 0.0013679890560875513}, "6": {"num": 4, "%": 0.005471956224350205}, "8": {"num": 4, "%": 0.005471956224350205}, "9": {"num": 9, "%": 0.012311901504787962}, "11": {"num": 3, "%": 0.004103967168262654}, "12": {"num": 5, "%": 0.006839945280437756}, "13": {"num": 2, "%": 0.0027359781121751026}, "14": {"num": 4, "%": 0.005471956224350205}, "15": {"num": 44, "%": 0.060191518467852256}, "17": {"num": 2, "%": 0.0027359781121751026}, "18": {"num": 10, "%": 0.013679890560875513}, "21": {"num": 1, "%": 0.0013679890560875513}, "22": {"num": 1, "%": 0.0013679890560875513}, "23": {"num": 3, "%": 0.004103967168262654}, "24": {"num": 17, "%": 0.023255813953488372}, "26": {"num": 2, "%": 0.0027359781121751026}, "28": {"num": 1, "%": 0.0013679890560875513}, "29": {"num": 3, "%": 0.004103967168262654}, "30": {"num": 1, "%": 0.0013679890560875513}}}, "1": {"num": 127, "community_belong": {"0": {"num": 1, "%": 0.007874015748031496}, "1": {"num": 42, "%": 0.33070866141732286}, "2": {"num": 8, "%": 0.06299212598425197}, "4": {"num": 6, "%": 0.047244094488188976}, "6": {"num": 1, "%": 0.007874015748031496}, "7": {"num": 5, "%": 0.03937007874015748}, "8": {"num": 5, "%": 0.03937007874015748}, "11": {"num": 6, "%": 0.047244094488188976}, "13": {"num": 48, "%": 0.3779527559055118}, "15": {"num": 1, "%": 0.007874015748031496}, "18": {"num": 2, "%": 0.015748031496062992}, "23": {"num": 2, "%": 0.015748031496062992}}}, "2": {"num": 430, "community_belong": {"0": {"num": 12, "%": 0.027906976744186046}, "1": {"num": 323, "%": 0.7511627906976744}, "2": {"num": 12, "%": 0.027906976744186046}, "3": {"num": 8, "%": 0.018604651162790697}, "4": {"num": 6, "%": 0.013953488372093023}, "5": {"num": 1, "%": 0.002325581395348837}, "6": {"num": 1, "%": 0.002325581395348837}, "7": {"num": 3, "%": 0.0069767441860465115}, "8": {"num": 20, "%": 0.046511627906976744}, "9": {"num": 3, "%": 0.0069767441860465115}, "10": {"num": 6, "%": 0.013953488372093023}, "11": {"num": 5, "%": 0.011627906976744186}, "13": {"num": 6, "%": 0.013953488372093023}, "14": {"num": 9, "%": 0.020930232558139535}, "16": {"num": 4, "%": 0.009302325581395349}, "17": {"num": 6, "%": 0.013953488372093023}, "19": {"num": 5, "%": 0.011627906976744186}}}, "3": {"num": 101, "community_belong": {"15": {"num": 101, "%": 1.0}}}, "4": {"num": 194, "community_belong": {"2": {"num": 14, "%": 0.07216494845360824}, "7": {"num": 74, "%": 0.38144329896907214}, "9": {"num": 84, "%": 0.4329896907216495}, "11": {"num": 2, "%": 0.010309278350515464}, "12": {"num": 4, "%": 0.020618556701030927}, "15": {"num": 1, "%": 0.005154639175257732}, "18": {"num": 1, "%": 0.005154639175257732}, "28": {"num": 12, "%": 0.061855670103092786}, "29": {"num": 2, "%": 0.010309278350515464}}}, "5": {"num": 138, "community_belong": {"0": {"num": 1, "%": 0.007246376811594203}, "2": {"num": 1, "%": 0.007246376811594203}, "11": {"num": 136, "%": 0.9855072463768116}}}, "6": {"num": 37, "community_belong": {"3": {"num": 37, "%": 1.0}}}, "7": {"num": 44, "community_belong": {"2": {"num": 44, "%": 1.0}}}, "8": {"num": 78, "community_belong": {"2": {"num": 2, "%": 0.02564102564102564}, "6": {"num": 2, "%": 0.02564102564102564}, "24": {"num": 59, "%": 0.7564102564102564}, "28": {"num": 15, "%": 0.19230769230769232}}}, "9": {"num": 271, "community_belong": {"0": {"num": 19, "%": 0.07011070110701106}, "1": {"num": 47, "%": 0.17343173431734318}, "2": {"num": 42, "%": 0.15498154981549817}, "3": {"num": 2, "%": 0.007380073800738007}, "4": {"num": 88, "%": 0.3247232472324723}, "6": {"num": 26, "%": 0.0959409594095941}, "8": {"num": 7, "%": 0.025830258302583026}, "9": {"num": 1, "%": 0.0036900369003690036}, "10": {"num": 5, "%": 0.01845018450184502}, "11": {"num": 9, "%": 0.033210332103321034}, "13": {"num": 2, "%": 0.007380073800738007}, "14": {"num": 8, "%": 0.02952029520295203}, "15": {"num": 2, "%": 0.007380073800738007}, "16": {"num": 3, "%": 0.01107011070110701}, "17": {"num": 7, "%": 0.025830258302583026}, "19": {"num": 1, "%": 0.0036900369003690036}, "24": {"num": 1, "%": 0.0036900369003690036}, "29": {"num": 1, "%": 0.0036900369003690036}}}, "10": {"num": 135, "community_belong": {"2": {"num": 1, "%": 0.007407407407407408}, "3": {"num": 5, "%": 0.037037037037037035}, "4": {"num": 2, "%": 0.014814814814814815}, "6": {"num": 119, "%": 0.8814814814814815}, "11": {"num": 7, "%": 0.05185185185185185}, "21": {"num": 1, "%": 0.007407407407407408}}}, "11": {"num": 78, "community_belong": {"2": {"num": 3, "%": 0.038461538461538464}, "9": {"num": 2, "%": 0.02564102564102564}, "18": {"num": 67, "%": 0.8589743589743589}, "23": {"num": 1, "%": 0.01282051282051282}, "29": {"num": 2, "%": 0.02564102564102564}, "32": {"num": 3, "%": 0.038461538461538464}}}, "12": {"num": 143, "community_belong": {"29": {"num": 143, "%": 1.0}}}, "13": {"num": 5, "community_belong": {"32": {"num": 5, "%": 1.0}}}, "14": {"num": 218, "community_belong": {"0": {"num": 2, "%": 0.009174311926605505}, "1": {"num": 15, "%": 0.06880733944954129}, "2": {"num": 2, "%": 0.009174311926605505}, "3": {"num": 1, "%": 0.0045871559633027525}, "4": {"num": 2, "%": 0.009174311926605505}, "6": {"num": 10, "%": 0.045871559633027525}, "8": {"num": 146, "%": 0.6697247706422018}, "10": {"num": 2, "%": 0.009174311926605505}, "11": {"num": 2, "%": 0.009174311926605505}, "13": {"num": 2, "%": 0.009174311926605505}, "14": {"num": 25, "%": 0.11467889908256881}, "16": {"num": 3, "%": 0.013761467889908258}, "17": {"num": 2, "%": 0.009174311926605505}, "18": {"num": 3, "%": 0.013761467889908258}, "25": {"num": 1, "%": 0.0045871559633027525}}}, "15": {"num": 22, "community_belong": {"21": {"num": 22, "%": 1.0}}}, "16": {"num": 663, "community_belong": {"0": {"num": 10, "%": 0.015082956259426848}, "1": {"num": 490, "%": 0.7390648567119156}, "2": {"num": 6, "%": 0.00904977375565611}, "4": {"num": 21, "%": 0.03167420814479638}, "5": {"num": 1, "%": 0.0015082956259426848}, "6": {"num": 3, "%": 0.004524886877828055}, "7": {"num": 3, "%": 0.004524886877828055}, "8": {"num": 14, "%": 0.021116138763197588}, "10": {"num": 3, "%": 0.004524886877828055}, "11": {"num": 15, "%": 0.02262443438914027}, "13": {"num": 8, "%": 0.012066365007541479}, "14": {"num": 16, "%": 0.024132730015082957}, "16": {"num": 20, "%": 0.030165912518853696}, "17": {"num": 49, "%": 0.07390648567119155}, "18": {"num": 2, "%": 0.0030165912518853697}, "25": {"num": 2, "%": 0.0030165912518853697}}}, "17": {"num": 393, "community_belong": {"0": {"num": 24, "%": 0.061068702290076333}, "1": {"num": 268, "%": 0.6819338422391857}, "2": {"num": 3, "%": 0.007633587786259542}, "3": {"num": 5, "%": 0.01272264631043257}, "4": {"num": 7, "%": 0.017811704834605598}, "5": {"num": 1, "%": 0.002544529262086514}, "6": {"num": 1, "%": 0.002544529262086514}, "8": {"num": 13, "%": 0.03307888040712468}, "10": {"num": 9, "%": 0.022900763358778626}, "11": {"num": 2, "%": 0.005089058524173028}, "13": {"num": 6, "%": 0.015267175572519083}, "14": {"num": 13, "%": 0.03307888040712468}, "16": {"num": 34, "%": 0.08651399491094147}, "17": {"num": 3, "%": 0.007633587786259542}, "19": {"num": 2, "%": 0.005089058524173028}, "25": {"num": 2, "%": 0.005089058524173028}}}, "18": {"num": 168, "community_belong": {"22": {"num": 168, "%": 1.0}}}, "19": {"num": 174, "community_belong": {"0": {"num": 109, "%": 0.6264367816091954}, "1": {"num": 29, "%": 0.16666666666666666}, "2": {"num": 1, "%": 0.005747126436781609}, "3": {"num": 1, "%": 0.005747126436781609}, "4": {"num": 9, "%": 0.05172413793103448}, "5": {"num": 1, "%": 0.005747126436781609}, "8": {"num": 2, "%": 0.011494252873563218}, "13": {"num": 2, "%": 0.011494252873563218}, "14": {"num": 2, "%": 0.011494252873563218}, "17": {"num": 8, "%": 0.04597701149425287}, "24": {"num": 10, "%": 0.05747126436781609}}}, "20": {"num": 155,