{"0": {"num": 1017, "community_belong": {"0": {"num": 12, "%": 0.011799410029498525}, "1": {"num": 851, "%": 0.8367748279252704}, "2": {"num": 5, "%": 0.004916420845624385}, "4": {"num": 4, "%": 0.003933136676499509}, "5": {"num": 1, "%": 0.0009832841691248771}, "6": {"num": 2, "%": 0.0019665683382497543}, "7": {"num": 1, "%": 0.0009832841691248771}, "8": {"num": 22, "%": 0.021632251720747297}, "11": {"num": 3, "%": 0.0029498525073746312}, "13": {"num": 10, "%": 0.00983284169124877}, "14": {"num": 82, "%": 0.08062930186823992}, "16": {"num": 19, "%": 0.018682399213372666}, "17": {"num": 1, "%": 0.0009832841691248771}, "25": {"num": 2, "%": 0.0019665683382497543}, "29": {"num": 2, "%": 0.0019665683382497543}}}, "1": {"num": 170, "community_belong": {"0": {"num": 1, "%": 0.0058823529411764705}, "1": {"num": 104, "%": 0.611764705882353}, "2": {"num": 12, "%": 0.07058823529411765}, "4": {"num": 6, "%": 0.03529411764705882}, "7": {"num": 35, "%": 0.20588235294117646}, "8": {"num": 3, "%": 0.01764705882352941}, "9": {"num": 2, "%": 0.011764705882352941}, "11": {"num": 1, "%": 0.0058823529411764705}, "13": {"num": 3, "%": 0.01764705882352941}, "17": {"num": 1, "%": 0.0058823529411764705}, "23": {"num": 1, "%": 0.0058823529411764705}, "24": {"num": 1, "%": 0.0058823529411764705}}}, "2": {"num": 193, "community_belong": {"0": {"num": 2, "%": 0.010362694300518135}, "4": {"num": 114, "%": 0.5906735751295337}, "6": {"num": 67, "%": 0.3471502590673575}, "7": {"num": 1, "%": 0.0051813471502590676}, "8": {"num": 3, "%": 0.015544041450777202}, "9": {"num": 1, "%": 0.0051813471502590676}, "29": {"num": 5, "%": 0.025906735751295335}}}, "3": {"num": 257, "community_belong": {"0": {"num": 4, "%": 0.01556420233463035}, "1": {"num": 46, "%": 0.17898832684824903}, "2": {"num": 1, "%": 0.0038910505836575876}, "4": {"num": 53, "%": 0.20622568093385213}, "6": {"num": 1, "%": 0.0038910505836575876}, "8": {"num": 121, "%": 0.4708171206225681}, "11": {"num": 2, "%": 0.007782101167315175}, "14": {"num": 19, "%": 0.07392996108949416}, "16": {"num": 10, "%": 0.038910505836575876}}}, "4": {"num": 855, "community_belong": {"0": {"num": 6, "%": 0.007017543859649123}, "1": {"num": 23, "%": 0.026900584795321637}, "2": {"num": 714, "%": 0.8350877192982457}, "4": {"num": 5, "%": 0.005847953216374269}, "5": {"num": 1, "%": 0.0011695906432748538}, "6": {"num": 4, "%": 0.004678362573099415}, "7": {"num": 1, "%": 0.0011695906432748538}, "8": {"num": 4, "%": 0.004678362573099415}, "9": {"num": 18, "%": 0.021052631578947368}, "11": {"num": 20, "%": 0.023391812865497075}, "12": {"num": 1, "%": 0.0011695906432748538}, "14": {"num": 2, "%": 0.0023391812865497076}, "15": {"num": 19, "%": 0.022222222222222223}, "18": {"num": 10, "%": 0.011695906432748537}, "21": {"num": 4, "%": 0.004678362573099415}, "22": {"num": 1, "%": 0.0011695906432748538}, "23": {"num": 2, "%": 0.0023391812865497076}, "24": {"num": 11, "%": 0.012865497076023392}, "27": {"num": 1, "%": 0.0011695906432748538}, "28": {"num": 6, "%": 0.007017543859649123}, "29": {"num": 1, "%": 0.0011695906432748538}, "30": {"num": 1, "%": 0.0011695906432748538}}}, "5": {"num": 344, "community_belong": {"1": {"num": 6, "%": 0.01744186046511628}, "2": {"num": 15, "%": 0.0436046511627907}, "6": {"num": 93, "%": 0.2703488372093023}, "7": {"num": 11, "%": 0.03197674418604651}, "8": {"num": 1, "%": 0.0029069767441860465}, "9": {"num": 9, "%": 0.02616279069767442}, "11": {"num": 153, "%": 0.44476744186046513}, "12": {"num": 2, "%": 0.005813953488372093}, "13": {"num": 2, "%": 0.005813953488372093}, "18": {"num": 22, "%": 0.06395348837209303}, "22": {"num": 1, "%": 0.0029069767441860465}, "24": {"num": 1, "%": 0.0029069767441860465}, "28": {"num": 2, "%": 0.005813953488372093}, "29": {"num": 3, "%": 0.00872093023255814}, "30": {"num": 18, "%": 0.05232558139534884}, "32": {"num": 5, "%": 0.014534883720930232}}}, "6": {"num": 416, "community_belong": {"0": {"num": 1, "%": 0.002403846153846154}, "2": {"num": 3, "%": 0.007211538461538462}, "3": {"num": 10, "%": 0.02403846153846154}, "4": {"num": 4, "%": 0.009615384615384616}, "6": {"num": 381, "%": 0.9158653846153846}, "7": {"num": 1, "%": 0.002403846153846154}, "10": {"num": 4, "%": 0.009615384615384616}, "11": {"num": 10, "%": 0.02403846153846154}, "13": {"num": 1, "%": 0.002403846153846154}, "22": {"num": 1, "%": 0.002403846153846154}}}, "7": {"num": 38, "community_belong": {"1": {"num": 7, "%": 0.18421052631578946}, "8": {"num": 1, "%": 0.02631578947368421}, "10": {"num": 30, "%": 0.7894736842105263}}}, "8": {"num": 169, "community_belong": {"2": {"num": 1, "%": 0.005917159763313609}, "18": {"num": 6, "%": 0.03550295857988166}, "29": {"num": 162, "%": 0.9585798816568047}}}, "9": {"num": 182, "community_belong": {"0": {"num": 6, "%": 0.03296703296703297}, "2": {"num": 1, "%": 0.005494505494505495}, "9": {"num": 3, "%": 0.016483516483516484}, "18": {"num": 169, "%": 0.9285714285714286}, "28": {"num": 2, "%": 0.01098901098901099}, "29": {"num": 1, "%": 0.005494505494505495}}}, "10": {"num": 222, "community_belong": {"0": {"num": 7, "%": 0.03153153153153153}, "1": {"num": 42, "%": 0.1891891891891892}, "2": {"num": 35, "%": 0.15765765765765766}, "3": {"num": 1, "%": 0.0045045045045045045}, "4": {"num": 46, "%": 0.2072072072072072}, "8": {"num": 66, "%": 0.2972972972972973}, "10": {"num": 3, "%": 0.013513513513513514}, "12": {"num": 2, "%": 0.009009009009009009}, "13": {"num": 14, "%": 0.06306306306306306}, "17": {"num": 4, "%": 0.018018018018018018}, "18": {"num": 2, "%": 0.009009009009009009}}}, "11": {"num": 81, "community_belong": {"2": {"num": 1, "%": 0.012345679012345678}, "21": {"num": 80, "%": 0.9876543209876543}}}, "12": {"num": 893, "community_belong": {"0": {"num": 5, "%": 0.005599104143337066}, "1": {"num": 713, "%": 0.7984322508398656}, "2": {"num": 11, "%": 0.012318029115341545}, "4": {"num": 34, "%": 0.03807390817469205}, "5": {"num": 4, "%": 0.004479283314669653}, "7": {"num": 1, "%": 0.0011198208286674132}, "8": {"num": 40, "%": 0.04479283314669653}, "10": {"num": 4, "%": 0.004479283314669653}, "11": {"num": 2, "%": 0.0022396416573348264}, "13": {"num": 16, "%": 0.01791713325867861}, "14": {"num": 25, "%": 0.027995520716685332}, "15": {"num": 1, "%": 0.0011198208286674132}, "16": {"num": 14, "%": 0.015677491601343786}, "17": {"num": 20, "%": 0.022396416573348264}, "20": {"num": 1, "%": 0.0011198208286674132}, "24": {"num": 1, "%": 0.0011198208286674132}, "25": {"num": 1, "%": 0.0011198208286674132}}}, "13": {"num": 133, "community_belong": {"7": {"num": 133, "%": 1.0}}}, "14": {"num": 146, "community_belong": {"1": {"num": 13, "%": 0.08904109589041095}, "4": {"num": 1, "%": 0.00684931506849315}, "6": {"num": 2, "%": 0.0136986301369863}, "8": {"num": 3, "%": 0.02054794520547945}, "14": {"num": 14, "%": 0.0958904109589041}, "17": {"num": 113, "%": 0.773972602739726}}}, "15": {"num": 296, "community_belong": {"0": {"num": 156, "%": 0.527027027027027}, "1": {"num": 29, "%": 0.09797297297297297}, "2": {"num": 8, "%": 0.02702702702702703}, "3": {"num": 69, "%": 0.23310810810810811}, "4": {"num": 2, "%": 0.006756756756756757}, "5": {"num": 1, "%": 0.0033783783783783786}, "6": {"num": 1, "%": 0.0033783783783783786}, "14": {"num": 18, "%": 0.060810810810810814}, "16": {"num": 1, "%": 0.0033783783783783786}, "19": {"num": 11, "%": 0.037162162162162164}}}, "16": {"num": 104, "community_belong": {"0": {"num": 2, "%": 0.019230769230769232}, "1": {"num": 5, "%": 0.04807692307692308}, "2": {"num": 7, "%": 0.0673076923076923}, "5": {"num": 14, "%": 0.1346153846153846}, "16": {"num": 76, "%": 0.7307692307692307}}}, "17": {"num": 119, "community_belong": {"22": {"num": 119, "%": 1.0}}}, "18": {"num": 65, "community_belong": {"1": {"num": 5, "%": 0.07692307692307693}, "2": {"num": 2, "%": 0.03076923076923077}, "7": {"num": 53, "%": 0.8153846153846154}, "14": {"num": 5, "%": 0.07692307692307693}}}, "19": {"num": 28, "community_belong": {"1": {"num": 12, "%": 0.42857142857142855}, "2": {"num": 5,