{"0": {"num": 537, "community_belong": {"0": {"num": 3, "%": 0.00558659217877095}, "1": {"num": 8, "%": 0.0148975791433892}, "2": {"num": 5, "%": 0.00931098696461825}, "4": {"num": 3, "%": 0.00558659217877095}, "5": {"num": 1, "%": 0.00186219739292365}, "6": {"num": 39, "%": 0.07262569832402235}, "7": {"num": 147, "%": 0.2737430167597765}, "8": {"num": 4, "%": 0.0074487895716946}, "9": {"num": 5, "%": 0.00931098696461825}, "10": {"num": 1, "%": 0.00186219739292365}, "11": {"num": 314, "%": 0.5847299813780261}, "13": {"num": 1, "%": 0.00186219739292365}, "14": {"num": 1, "%": 0.00186219739292365}, "18": {"num": 5, "%": 0.00931098696461825}}}, "1": {"num": 168, "community_belong": {"0": {"num": 3, "%": 0.017857142857142856}, "1": {"num": 114, "%": 0.6785714285714286}, "4": {"num": 6, "%": 0.03571428571428571}, "7": {"num": 6, "%": 0.03571428571428571}, "10": {"num": 5, "%": 0.02976190476190476}, "11": {"num": 3, "%": 0.017857142857142856}, "13": {"num": 20, "%": 0.11904761904761904}, "16": {"num": 3, "%": 0.017857142857142856}, "17": {"num": 5, "%": 0.02976190476190476}, "20": {"num": 1, "%": 0.005952380952380952}, "23": {"num": 2, "%": 0.011904761904761904}}}, "2": {"num": 1243, "community_belong": {"0": {"num": 37, "%": 0.029766693483507644}, "1": {"num": 988, "%": 0.7948511665325825}, "2": {"num": 9, "%": 0.007240547063555913}, "3": {"num": 8, "%": 0.006436041834271922}, "4": {"num": 28, "%": 0.02252614641995173}, "5": {"num": 1, "%": 0.0008045052292839903}, "6": {"num": 6, "%": 0.004827031375703942}, "7": {"num": 6, "%": 0.004827031375703942}, "8": {"num": 29, "%": 0.02333065164923572}, "10": {"num": 8, "%": 0.006436041834271922}, "11": {"num": 15, "%": 0.012067578439259855}, "13": {"num": 14, "%": 0.011263073209975865}, "14": {"num": 43, "%": 0.03459372485921158}, "16": {"num": 33, "%": 0.02654867256637168}, "17": {"num": 10, "%": 0.008045052292839904}, "19": {"num": 5, "%": 0.004022526146419952}, "20": {"num": 1, "%": 0.0008045052292839903}, "29": {"num": 1, "%": 0.0008045052292839903}, "31": {"num": 1, "%": 0.0008045052292839903}}}, "3": {"num": 1422, "community_belong": {"1": {"num": 13, "%": 0.009142053445850914}, "2": {"num": 1050, "%": 0.7383966244725738}, "4": {"num": 6, "%": 0.004219409282700422}, "5": {"num": 1, "%": 0.0007032348804500703}, "6": {"num": 3, "%": 0.002109704641350211}, "8": {"num": 3, "%": 0.002109704641350211}, "9": {"num": 41, "%": 0.028832630098452883}, "11": {"num": 37, "%": 0.026019690576652602}, "12": {"num": 3, "%": 0.002109704641350211}, "14": {"num": 4, "%": 0.0028129395218002813}, "15": {"num": 202, "%": 0.1420534458509142}, "17": {"num": 1, "%": 0.0007032348804500703}, "18": {"num": 19, "%": 0.013361462728551337}, "21": {"num": 3, "%": 0.002109704641350211}, "23": {"num": 12, "%": 0.008438818565400843}, "24": {"num": 6, "%": 0.004219409282700422}, "26": {"num": 10, "%": 0.007032348804500703}, "29": {"num": 8, "%": 0.005625879043600563}}}, "4": {"num": 637, "community_belong": {"0": {"num": 6, "%": 0.009419152276295133}, "1": {"num": 523, "%": 0.8210361067503925}, "4": {"num": 51, "%": 0.08006279434850863}, "5": {"num": 3, "%": 0.004709576138147566}, "6": {"num": 5, "%": 0.007849293563579277}, "8": {"num": 28, "%": 0.04395604395604396}, "10": {"num": 1, "%": 0.0015698587127158557}, "11": {"num": 1, "%": 0.0015698587127158557}, "13": {"num": 3, "%": 0.004709576138147566}, "16": {"num": 2, "%": 0.0031397174254317113}, "17": {"num": 10, "%": 0.015698587127158554}, "25": {"num": 4, "%": 0.006279434850863423}}}, "5": {"num": 247, "community_belong": {"1": {"num": 1, "%": 0.004048582995951417}, "2": {"num": 3, "%": 0.012145748987854251}, "9": {"num": 6, "%": 0.024291497975708502}, "18": {"num": 195, "%": 0.7894736842105263}, "29": {"num": 8, "%": 0.032388663967611336}, "32": {"num": 34, "%": 0.13765182186234817}}}, "6": {"num": 449, "community_belong": {"0": {"num": 47, "%": 0.10467706013363029}, "1": {"num": 327, "%": 0.7282850779510023}, "2": {"num": 1, "%": 0.0022271714922048997}, "3": {"num": 6, "%": 0.013363028953229399}, "4": {"num": 10, "%": 0.022271714922048998}, "8": {"num": 8, "%": 0.017817371937639197}, "10": {"num": 4, "%": 0.008908685968819599}, "13": {"num": 9, "%": 0.0200445434298441}, "14": {"num": 9, "%": 0.0200445434298441}, "16": {"num": 11, "%": 0.024498886414253896}, "17": {"num": 1, "%": 0.0022271714922048997}, "18": {"num": 2, "%": 0.004454342984409799}, "25": {"num": 8, "%": 0.017817371937639197}, "31": {"num": 6, "%": 0.013363028953229399}}}, "7": {"num": 421, "community_belong": {"0": {"num": 5, "%": 0.011876484560570071}, "1": {"num": 26, "%": 0.06175771971496437}, "2": {"num": 2, "%": 0.004750593824228029}, "3": {"num": 1, "%": 0.0023752969121140144}, "4": {"num": 13, "%": 0.030878859857482184}, "5": {"num": 8, "%": 0.019002375296912115}, "6": {"num": 11, "%": 0.026128266033254157}, "7": {"num": 1, "%": 0.0023752969121140144}, "8": {"num": 315, "%": 0.7482185273159145}, "10": {"num": 11, "%": 0.026128266033254157}, "11": {"num": 1, "%": 0.0023752969121140144}, "13": {"num": 5, "%": 0.011876484560570071}, "14": {"num": 12, "%": 0.028503562945368172}, "16": {"num": 6, "%": 0.014251781472684086}, "17": {"num": 2, "%": 0.004750593824228029}, "18": {"num": 2, "%": 0.004750593824228029}}}, "8": {"num": 248, "community_belong": {"0": {"num": 2, "%": 0.008064516129032258}, "1": {"num": 104, "%": 0.41935483870967744}, "2": {"num": 1, "%": 0.004032258064516129}, "4": {"num": 6, "%": 0.024193548387096774}, "8": {"num": 4, "%": 0.016129032258064516}, "13": {"num": 6, "%": 0.024193548387096774}, "14": {"num": 88, "%": 0.3548387096774194}, "16": {"num": 29, "%": 0.11693548387096774}, "17": {"num": 3, "%": 0.012096774193548387}, "33": {"num": 5, "%": 0.020161290322580645}}}, "9": {"num": 122, "community_belong": {"3": {"num": 122, "%": 1.0}}}, "10": {"num": 133, "community_belong": {"2": {"num": 8, "%": 0.06015037593984962}, "24": {"num": 125, "%": 0.9398496240601504}}}, "11": {"num": 444, "community_belong": {"0": {"num": 6, "%": 0.013513513513513514}, "1": {"num": 362, "%": 0.8153153153153153}, "2": {"num": 1, "%": 0.0022522522522522522}, "4": {"num": 9, "%": 0.02027027027027027}, "5": {"num": 1, "%": 0.0022522522522522522}, "6": {"num": 2, "%": 0.0045045045045045045}, "7": {"num": 3, "%": 0.006756756756756757}, "8": {"num": 6, "%": 0.013513513513513514}, "10": {"num": 15, "%": 0.033783783783783786}, "11": {"num": 4, "%": 0.009009009009009009}, "13": {"num": 11, "%": 0.024774774774774775}, "14": {"num": 9, "%": 0.02027027027027027}, "16": {"num": 10, "%": 0.02252252252252252}, "17": {"num": 2, "%": 0.0045045045045045045}, "20": {"num": 1, "%": 0.0022522522522522522}, "25": {"num": 1, "%": 0.0022522522522522522}, "29": {"num": 1, "%": 0.0022522522522522522}}}, "12": {"num": 73, "community_belong": {"6": {"num": 5, "%": 0.0684931506849315}, "18": {"num": 50, "%": 0.684931506849315}, "28": {"num": 1, "%": 0.0136986301369863}, "30": {"num": 17, "%": 0.2328767123287671}}}, "13": {"num": 356, "community_belong": {"0": {"num": 65, "%": 0.18258426966292135}, "1": {"num": 149, "%": 0.41853932584269665}, "2": {"num": 62, "%": 0.17415730337078653}, "4": {"num": 7, "%": 0.019662921348314606}, "5": {"num": 1, "%": 0.0028089887640449437}, "6": {"num": 18, "%": 0.05056179775280899}, "7": {"num": 1, "%": 0.0028089887640449437}, "8": {"num": 17, "%": 0.047752808988764044}, "10": {"num": 5, "%": 0.014044943820224719}, "13": {"num": 14, "%": 0.03932584269662921}, "14": {"num": 3, "%": 0.008426966292134831}, "16": {"num": 1, "%": 0.0028089887640449437}, "17": {"num": 1, "%": 0.0028089887640449437}, "19": {"num": 11, "%": 0.03089887640449438}, "31": {"num": 1, "%": 0.0028089887640449437}}}, "14": {"num": 181, "community_belong": {"1": {"num": 9, "%": 0.049723756906077346}, "4": {"num": 6, "%": 0.03314917127071823}, "6": {"num": 6, "%": 0.03314917127071823}, "8": {"num": 9, "%": 0.049723756906077346}, "14": {"num": 26, "%": 0.143646408839779}, "17": {"num": 125, "%": 0.6906077348066298}}}, "15": {"num": 167,