{"0": {"num": 284, "community_belong": {"0": {"num": 5, "%": 0.017605633802816902}, "1": {"num": 205, "%": 0.721830985915493}, "4": {"num": 8, "%": 0.028169014084507043}, "7": {"num": 4, "%": 0.014084507042253521}, "8": {"num": 18, "%": 0.06338028169014084}, "11": {"num": 3, "%": 0.01056338028169014}, "13": {"num": 4, "%": 0.014084507042253521}, "14": {"num": 2, "%": 0.007042253521126761}, "16": {"num": 9, "%": 0.03169014084507042}, "17": {"num": 24, "%": 0.08450704225352113}, "25": {"num": 2, "%": 0.007042253521126761}}}, "1": {"num": 127, "community_belong": {"0": {"num": 6, "%": 0.047244094488188976}, "1": {"num": 2, "%": 0.015748031496062992}, "2": {"num": 100, "%": 0.7874015748031497}, "7": {"num": 3, "%": 0.023622047244094488}, "9": {"num": 3, "%": 0.023622047244094488}, "11": {"num": 8, "%": 0.06299212598425197}, "14": {"num": 1, "%": 0.007874015748031496}, "15": {"num": 3, "%": 0.023622047244094488}, "23": {"num": 1, "%": 0.007874015748031496}}}, "2": {"num": 103, "community_belong": {"0": {"num": 1, "%": 0.009708737864077669}, "1": {"num": 4, "%": 0.038834951456310676}, "6": {"num": 95, "%": 0.9223300970873787}, "9": {"num": 1, "%": 0.009708737864077669}, "22": {"num": 1, "%": 0.009708737864077669}, "24": {"num": 1, "%": 0.009708737864077669}}}, "3": {"num": 2, "community_belong": {"11": {"num": 2, "%": 1.0}}}, "4": {"num": 2, "community_belong": {"29": {"num": 2, "%": 1.0}}}, "5": {"num": 114, "community_belong": {"0": {"num": 90, "%": 0.7894736842105263}, "1": {"num": 1, "%": 0.008771929824561403}, "2": {"num": 2, "%": 0.017543859649122806}, "3": {"num": 9, "%": 0.07894736842105263}, "5": {"num": 2, "%": 0.017543859649122806}, "8": {"num": 6, "%": 0.05263157894736842}, "13": {"num": 4, "%": 0.03508771929824561}}}, "6": {"num": 7, "community_belong": {"0": {"num": 1, "%": 0.14285714285714285}, "3": {"num": 6, "%": 0.8571428571428571}}}, "7": {"num": 16, "community_belong": {"22": {"num": 16, "%": 1.0}}}, "8": {"num": 70, "community_belong": {"2": {"num": 20, "%": 0.2857142857142857}, "4": {"num": 1, "%": 0.014285714285714285}, "15": {"num": 48, "%": 0.6857142857142857}, "18": {"num": 1, "%": 0.014285714285714285}}}, "9": {"num": 3, "community_belong": {"18": {"num": 3, "%": 1.0}}}, "10": {"num": 36, "community_belong": {"1": {"num": 6, "%": 0.16666666666666666}, "4": {"num": 4, "%": 0.1111111111111111}, "7": {"num": 4, "%": 0.1111111111111111}, "9": {"num": 2, "%": 0.05555555555555555}, "11": {"num": 20, "%": 0.5555555555555556}}}, "11": {"num": 97, "community_belong": {"2": {"num": 73, "%": 0.7525773195876289}, "9": {"num": 12, "%": 0.12371134020618557}, "11": {"num": 1, "%": 0.010309278350515464}, "18": {"num": 1, "%": 0.010309278350515464}, "22": {"num": 6, "%": 0.061855670103092786}, "29": {"num": 4, "%": 0.041237113402061855}}}, "12": {"num": 314, "community_belong": {"0": {"num": 9, "%": 0.028662420382165606}, "1": {"num": 44, "%": 0.14012738853503184}, "2": {"num": 28, "%": 0.08917197452229299}, "4": {"num": 151, "%": 0.48089171974522293}, "5": {"num": 1, "%": 0.0031847133757961785}, "6": {"num": 5, "%": 0.01592356687898089}, "7": {"num": 5, "%": 0.01592356687898089}, "8": {"num": 22, "%": 0.07006369426751592}, "9": {"num": 3, "%": 0.009554140127388535}, "10": {"num": 4, "%": 0.012738853503184714}, "11": {"num": 9, "%": 0.028662420382165606}, "13": {"num": 8, "%": 0.025477707006369428}, "14": {"num": 2, "%": 0.006369426751592357}, "15": {"num": 2, "%": 0.006369426751592357}, "16": {"num": 12, "%": 0.03821656050955414}, "17": {"num": 6, "%": 0.01910828025477707}, "24": {"num": 2, "%": 0.006369426751592357}, "25": {"num": 1, "%": 0.0031847133757961785}}}, "13": {"num": 82, "community_belong": {"0": {"num": 1, "%": 0.012195121951219513}, "2": {"num": 1, "%": 0.012195121951219513}, "4": {"num": 2, "%": 0.024390243902439025}, "5": {"num": 2, "%": 0.024390243902439025}, "6": {"num": 62, "%": 0.7560975609756098}, "8": {"num": 1, "%": 0.012195121951219513}, "11": {"num": 12, "%": 0.14634146341463414}, "14": {"num": 1, "%": 0.012195121951219513}}}, "14": {"num": 5, "community_belong": {"7": {"num": 5, "%": 1.0}}}, "15": {"num": 73, "community_belong": {"0": {"num": 2, "%": 0.0273972602739726}, "1": {"num": 8, "%": 0.1095890410958904}, "2": {"num": 16, "%": 0.2191780821917808}, "4": {"num": 28, "%": 0.3835616438356164}, "6": {"num": 2, "%": 0.0273972602739726}, "8": {"num": 8, "%": 0.1095890410958904}, "13": {"num": 9, "%": 0.1232876712328767}}}, "16": {"num": 2, "community_belong": {"6": {"num": 2, "%": 1.0}}}, "17": {"num": 200, "community_belong": {"2": {"num": 150, "%": 0.75}, "4": {"num": 1, "%": 0.005}, "8": {"num": 1, "%": 0.005}, "11": {"num": 1, "%": 0.005}, "15": {"num": 31, "%": 0.155}, "18": {"num": 2, "%": 0.01}, "24": {"num": 14, "%": 0.07}}}, "18": {"num": 3, "community_belong": {"11": {"num": 3, "%": 1.0}}}, "19": {"num": 43, "community_belong": {"2": {"num": 1, "%": 0.023255813953488372}, "4": {"num": 40, "%": 0.9302325581395349}, "6": {"num": 1, "%": 0.023255813953488372}, "11": {"num": 1, "%": 0.023255813953488372}}}, "20": {"num": 5, "community_belong": {"6": {"num": 5, "%": 1.0}}}, "21": {"num": 4, "community_belong": {"7": {"num": 4, "%": 1.0}}}, "22": {"num": 324, "community_belong": {"0": {"num": 7, "%": 0.021604938271604937}, "1": {"num": 50, "%": 0.15432098765432098}, "2": {"num": 23, "%": 0.07098765432098765}, "3": {"num": 2, "%": 0.006172839506172839}, "4": {"num": 10, "%": 0.030864197530864196}, "6": {"num": 2, "%": 0.006172839506172839}, "7": {"num": 2, "%": 0.006172839506172839}, "8": {"num": 26, "%": 0.08024691358024691}, "11": {"num": 3, "%": 0.009259259259259259}, "13": {"num": 8, "%": 0.024691358024691357}, "14": {"num": 176, "%": 0.5432098765432098}, "16": {"num": 2, "%": 0.006172839506172839}, "17": {"num": 7, "%": 0.021604938271604937}, "18": {"num": 2, "%": 0.006172839506172839}, "19": {"num": 3, "%": 0.009259259259259259}, "28": {"num": 1, "%": 0.0030864197530864196}}}, "23": {"num": 2, "community_belong": {"29": {"num": 2, "%": 1.0}}}, "24": {"num": 2, "community_belong": {"11": {"num": 2, "%": 1.0}}}, "25": {"num": 5, "community_belong": {"18": {"num": 5, "%": 1.0}}}, "26": {"num": 2, "community_belong": {"15": {"num": 2, "%": 1.0}}}, "27": {"num": 2, "community_belong": {"7": {"num": 2, "%": 1.0}}}, "28": {"num": 2, "community_belong": {"25": {"num": 2, "%": 1.0}}}, "29": {"num": 2, "community_belong": {"32": {"num": 2, "%": 1.0}}}, "30": {"num": 2, "community_belong": {"18": {"num": 2, "%": 1.0}}}, "31": {"num": 2, "community_belong": {"0": {"num": 2, "%": 1.0}}}, "32": {"num": 6, "community_belong": {"18": {"num": 1, "%": 0.16666666666666666}, "28": {"num": 5, "%": 0.8333333333333334}}}, "33": {"num": 2, "community_belong": {"15": {"num": 2, "%": 1.0}}}, "34": {"num": 3, "community_belong": {"7": {"num": 3, "%": 1.0}}}, "35": {"num": 2, "community_belong": {"18": {"num": 2, "%": 1.0}}}, "36": {"num": 5, "community_belong": {"22": {"num": 5, "%": 1.0}}}, "37": {"num": 3, "community_belong": {"18": {"num": 3, "%": 1.0}}}, "38": {"num": 2, "community_belong": {"0": {"num": 2, "%": 1.0}}}, "39": {"num": 3, "community_belong": {"0": {"num": 3, "%": 1.0}}}, "40": {"num": 2, "community_belong": {"2": {"num": 2, "%": 1.0}}}, "41": {"num": 2, "community_belong": {"21": {"num": 2, "%": 1.0}}}, "42": {"num": 2, "community_belong": {"2": {"num": 2, "%": 1.0}}}, "43": {"num": 10, "community_belong": {"14": {"num": 8, "%": 0.8}, "20": {"num": 2, "%": 0.2}}}, "44": {"num": 7, "community_belong": {"28": {"num": 7, "%": 1.0}}}, "45": {"num": 20, "community_belong": {"0": {"num": 1, "%": 0.05}, "21": {"num": 19, "%": 0.95}}}, "46": {"num": 8, "community_belong": {"12": {"num": 8, "%": 1.0}}}, "47": {"num": 3, "community_belong": {"2": {"num": 3, "%": 1.0}}}, "48": {"num": 13, "community_belong": {"29": {"num": 13, "%": 1.0}}}, "49": {"num": 10, "community_belong": {"24": {"num": 10, "%": 1.0}}}, "50": {"num": 2, "community_belong": {"28": {"num": 2, "%": 1.0}}}, "51": {"num": 2, "community_belong": {"9": {"num": 2,