{"0": {"num": 636, "community_belong": {"0": {"num": 30, "%": 0.04716981132075472}, "1": {"num": 465, "%": 0.7311320754716981}, "2": {"num": 2, "%": 0.0031446540880503146}, "4": {"num": 55, "%": 0.08647798742138364}, "6": {"num": 2, "%": 0.0031446540880503146}, "7": {"num": 7, "%": 0.0110062893081761}, "8": {"num": 10, "%": 0.015723270440251572}, "10": {"num": 2, "%": 0.0031446540880503146}, "11": {"num": 3, "%": 0.0047169811320754715}, "13": {"num": 16, "%": 0.025157232704402517}, "14": {"num": 10, "%": 0.015723270440251572}, "16": {"num": 28, "%": 0.0440251572327044}, "17": {"num": 4, "%": 0.006289308176100629}, "33": {"num": 2, "%": 0.0031446540880503146}}}, "1": {"num": 87, "community_belong": {"2": {"num": 1, "%": 0.011494252873563218}, "8": {"num": 1, "%": 0.011494252873563218}, "11": {"num": 85, "%": 0.9770114942528736}}}, "2": {"num": 11, "community_belong": {"6": {"num": 11, "%": 1.0}}}, "3": {"num": 522, "community_belong": {"1": {"num": 5, "%": 0.009578544061302681}, "2": {"num": 380, "%": 0.7279693486590039}, "4": {"num": 2, "%": 0.0038314176245210726}, "6": {"num": 5, "%": 0.009578544061302681}, "7": {"num": 1, "%": 0.0019157088122605363}, "8": {"num": 7, "%": 0.013409961685823755}, "9": {"num": 1, "%": 0.0019157088122605363}, "11": {"num": 4, "%": 0.007662835249042145}, "12": {"num": 6, "%": 0.011494252873563218}, "15": {"num": 51, "%": 0.09770114942528736}, "17": {"num": 4, "%": 0.007662835249042145}, "18": {"num": 2, "%": 0.0038314176245210726}, "22": {"num": 1, "%": 0.0019157088122605363}, "23": {"num": 4, "%": 0.007662835249042145}, "24": {"num": 39, "%": 0.07471264367816093}, "26": {"num": 7, "%": 0.013409961685823755}, "29": {"num": 3, "%": 0.005747126436781609}}}, "4": {"num": 195, "community_belong": {"2": {"num": 69, "%": 0.35384615384615387}, "9": {"num": 122, "%": 0.6256410256410256}, "11": {"num": 2, "%": 0.010256410256410256}, "15": {"num": 2, "%": 0.010256410256410256}}}, "5": {"num": 5, "community_belong": {"11": {"num": 5, "%": 1.0}}}, "6": {"num": 140, "community_belong": {"6": {"num": 136, "%": 0.9714285714285714}, "11": {"num": 4, "%": 0.02857142857142857}}}, "7": {"num": 60, "community_belong": {"0": {"num": 40, "%": 0.6666666666666666}, "1": {"num": 2, "%": 0.03333333333333333}, "3": {"num": 9, "%": 0.15}, "5": {"num": 9, "%": 0.15}}}, "8": {"num": 9, "community_belong": {"2": {"num": 6, "%": 0.6666666666666666}, "29": {"num": 3, "%": 0.3333333333333333}}}, "9": {"num": 653, "community_belong": {"0": {"num": 16, "%": 0.02450229709035222}, "1": {"num": 480, "%": 0.7350689127105666}, "2": {"num": 18, "%": 0.027565084226646247}, "3": {"num": 1, "%": 0.0015313935681470138}, "4": {"num": 13, "%": 0.019908116385911178}, "5": {"num": 1, "%": 0.0015313935681470138}, "6": {"num": 9, "%": 0.013782542113323124}, "7": {"num": 5, "%": 0.007656967840735069}, "8": {"num": 25, "%": 0.03828483920367534}, "9": {"num": 3, "%": 0.004594180704441042}, "10": {"num": 6, "%": 0.009188361408882083}, "11": {"num": 8, "%": 0.01225114854517611}, "13": {"num": 16, "%": 0.02450229709035222}, "14": {"num": 21, "%": 0.03215926493108729}, "16": {"num": 13, "%": 0.019908116385911178}, "17": {"num": 8, "%": 0.01225114854517611}, "18": {"num": 1, "%": 0.0015313935681470138}, "20": {"num": 3, "%": 0.004594180704441042}, "25": {"num": 1, "%": 0.0015313935681470138}, "28": {"num": 3, "%": 0.004594180704441042}, "29": {"num": 2, "%": 0.0030627871362940277}}}, "10": {"num": 146, "community_belong": {"1": {"num": 1, "%": 0.00684931506849315}, "2": {"num": 16, "%": 0.1095890410958904}, "4": {"num": 3, "%": 0.02054794520547945}, "5": {"num": 2, "%": 0.0136986301369863}, "6": {"num": 47, "%": 0.3219178082191781}, "9": {"num": 3, "%": 0.02054794520547945}, "11": {"num": 49, "%": 0.3356164383561644}, "15": {"num": 4, "%": 0.0273972602739726}, "18": {"num": 21, "%": 0.14383561643835616}}}, "11": {"num": 60, "community_belong": {"1": {"num": 21, "%": 0.35}, "2": {"num": 3, "%": 0.05}, "4": {"num": 1, "%": 0.016666666666666666}, "8": {"num": 32, "%": 0.5333333333333333}, "13": {"num": 3, "%": 0.05}}}, "12": {"num": 72, "community_belong": {"1": {"num": 8, "%": 0.1111111111111111}, "4": {"num": 5, "%": 0.06944444444444445}, "8": {"num": 50, "%": 0.6944444444444444}, "13": {"num": 3, "%": 0.041666666666666664}, "14": {"num": 6, "%": 0.08333333333333333}}}, "13": {"num": 160, "community_belong": {"0": {"num": 3, "%": 0.01875}, "2": {"num": 3, "%": 0.01875}, "4": {"num": 128, "%": 0.8}, "6": {"num": 22, "%": 0.1375}, "7": {"num": 1, "%": 0.00625}, "11": {"num": 1, "%": 0.00625}, "22": {"num": 1, "%": 0.00625}, "29": {"num": 1, "%": 0.00625}}}, "14": {"num": 71, "community_belong": {"0": {"num": 8, "%": 0.11267605633802817}, "1": {"num": 8, "%": 0.11267605633802817}, "2": {"num": 1, "%": 0.014084507042253521}, "4": {"num": 1, "%": 0.014084507042253521}, "14": {"num": 51, "%": 0.7183098591549296}, "17": {"num": 2, "%": 0.028169014084507043}}}, "15": {"num": 74, "community_belong": {"7": {"num": 74, "%": 1.0}}}, "16": {"num": 3, "community_belong": {"23": {"num": 3, "%": 1.0}}}, "17": {"num": 3, "community_belong": {"18": {"num": 3, "%": 1.0}}}, "18": {"num": 5, "community_belong": {"2": {"num": 5, "%": 1.0}}}, "19": {"num": 3, "community_belong": {"18": {"num": 3, "%": 1.0}}}, "20": {"num": 65, "community_belong": {"1": {"num": 12, "%": 0.18461538461538463}, "2": {"num": 2, "%": 0.03076923076923077}, "6": {"num": 24, "%": 0.36923076923076925}, "8": {"num": 13, "%": 0.2}, "13": {"num": 8, "%": 0.12307692307692308}, "28": {"num": 6, "%": 0.09230769230769231}}}, "21": {"num": 4, "community_belong": {"11": {"num": 4, "%": 1.0}}}, "22": {"num": 8, "community_belong": {"16": {"num": 8, "%": 1.0}}}, "23": {"num": 96, "community_belong": {"2": {"num": 5, "%": 0.052083333333333336}, "18": {"num": 24, "%": 0.25}, "29": {"num": 67, "%": 0.6979166666666666}}}, "24": {"num": 42, "community_belong": {"2": {"num": 6, "%": 0.14285714285714285}, "15": {"num": 30, "%": 0.7142857142857143}, "18": {"num": 6, "%": 0.14285714285714285}}}, "25": {"num": 51, "community_belong": {"0": {"num": 3, "%": 0.058823529411764705}, "2": {"num": 41, "%": 0.803921568627451}, "18": {"num": 1, "%": 0.0196078431372549}, "28": {"num": 6, "%": 0.11764705882352941}}}, "26": {"num": 18, "community_belong": {"2": {"num": 2, "%": 0.1111111111111111}, "9": {"num": 2, "%": 0.1111111111111111}, "18": {"num": 14, "%": 0.7777777777777778}}}, "27": {"num": 10, "community_belong": {"18": {"num": 10, "%": 1.0}}}, "28": {"num": 219, "community_belong": {"0": {"num": 9, "%": 0.0410958904109589}, "1": {"num": 117, "%": 0.5342465753424658}, "2": {"num": 44, "%": 0.2009132420091324}, "3": {"num": 10, "%": 0.045662100456621}, "4": {"num": 2, "%": 0.0091324200913242}, "8": {"num": 11, "%": 0.0502283105022831}, "10": {"num": 5, "%": 0.0228310502283105}, "13": {"num": 11, "%": 0.0502283105022831}, "14": {"num": 2, "%": 0.0091324200913242}, "16": {"num": 1, "%": 0.0045662100456621}, "17": {"num": 1, "%": 0.0045662100456621}, "18": {"num": 1, "%": 0.0045662100456621}, "19": {"num": 4, "%": 0.0182648401826484}, "22": {"num": 1, "%": 0.0045662100456621}}}, "29": {"num": 29, "community_belong": {"6": {"num": 5, "%": 0.1724137931034483}, "10": {"num": 2, "%": 0.06896551724137931}, "18": {"num": 2, "%": 0.06896551724137931}, "21": {"num": 20, "%": 0.6896551724137931}}}, "30": {"num": 15, "community_belong": {"2": {"num": 15, "%": 1.0}}}, "31": {"num": 54, "community_belong": {"3": {"num": 54, "%": 1.0}}}, "32": {"num": 2, "community_belong": {"25": {"num": 2, "%": 1.0}}}, "33": {"num": 9, "community_belong": {"7": {"num": 9, "%": 1.0}}}, "34": {"num": 4, "community_belong": {"7": {"num": 4, "%": 1.0}}}, "35": {"num": 13, "community_belong": {"2": {"num": 1, "%": 0.07692307692307693}, "8": {"num": 12, "%": 0.9230769230769231}}}, "36": {"num": 42, "community_belong": {"1": {"num": 15, "%": 0.35714285714285715}, "2": {"num": 1, "%": 0.023809523809523808}, "14": {"num": 2, "%": 0.047619047619047616}, "17": {"num": 24,