{"0": {"num": 344, "community_belong": {"0": {"num": 62, "%": 0.18023255813953487}, "1": {"num": 58, "%": 0.1686046511627907}, "2": {"num": 59, "%": 0.17151162790697674}, "3": {"num": 2, "%": 0.005813953488372093}, "4": {"num": 95, "%": 0.2761627906976744}, "5": {"num": 1, "%": 0.0029069767441860465}, "6": {"num": 3, "%": 0.00872093023255814}, "8": {"num": 11, "%": 0.03197674418604651}, "10": {"num": 2, "%": 0.005813953488372093}, "11": {"num": 1, "%": 0.0029069767441860465}, "13": {"num": 7, "%": 0.020348837209302327}, "14": {"num": 3, "%": 0.00872093023255814}, "16": {"num": 12, "%": 0.03488372093023256}, "17": {"num": 24, "%": 0.06976744186046512}, "19": {"num": 2, "%": 0.005813953488372093}, "31": {"num": 2, "%": 0.005813953488372093}}}, "1": {"num": 820, "community_belong": {"0": {"num": 4, "%": 0.004878048780487805}, "1": {"num": 6, "%": 0.007317073170731708}, "2": {"num": 655, "%": 0.7987804878048781}, "4": {"num": 4, "%": 0.004878048780487805}, "6": {"num": 3, "%": 0.003658536585365854}, "8": {"num": 4, "%": 0.004878048780487805}, "9": {"num": 9, "%": 0.01097560975609756}, "11": {"num": 4, "%": 0.004878048780487805}, "15": {"num": 122, "%": 0.14878048780487804}, "21": {"num": 1, "%": 0.0012195121951219512}, "23": {"num": 2, "%": 0.0024390243902439024}, "24": {"num": 3, "%": 0.003658536585365854}, "26": {"num": 2, "%": 0.0024390243902439024}, "29": {"num": 1, "%": 0.0012195121951219512}}}, "2": {"num": 155, "community_belong": {"0": {"num": 10, "%": 0.06451612903225806}, "1": {"num": 23, "%": 0.14838709677419354}, "2": {"num": 2, "%": 0.012903225806451613}, "4": {"num": 3, "%": 0.01935483870967742}, "6": {"num": 4, "%": 0.025806451612903226}, "8": {"num": 108, "%": 0.6967741935483871}, "14": {"num": 1, "%": 0.0064516129032258064}, "16": {"num": 3, "%": 0.01935483870967742}, "22": {"num": 1, "%": 0.0064516129032258064}}}, "3": {"num": 178, "community_belong": {"2": {"num": 10, "%": 0.056179775280898875}, "11": {"num": 163, "%": 0.9157303370786517}, "28": {"num": 5, "%": 0.028089887640449437}}}, "4": {"num": 613, "community_belong": {"0": {"num": 6, "%": 0.009787928221859706}, "1": {"num": 502, "%": 0.8189233278955954}, "2": {"num": 13, "%": 0.021207177814029365}, "3": {"num": 1, "%": 0.0016313213703099511}, "4": {"num": 13, "%": 0.021207177814029365}, "6": {"num": 1, "%": 0.0016313213703099511}, "8": {"num": 9, "%": 0.01468189233278956}, "10": {"num": 6, "%": 0.009787928221859706}, "11": {"num": 6, "%": 0.009787928221859706}, "13": {"num": 9, "%": 0.01468189233278956}, "14": {"num": 21, "%": 0.03425774877650897}, "16": {"num": 17, "%": 0.02773246329526917}, "17": {"num": 6, "%": 0.009787928221859706}, "18": {"num": 2, "%": 0.0032626427406199023}, "29": {"num": 1, "%": 0.0016313213703099511}}}, "5": {"num": 91, "community_belong": {"1": {"num": 20, "%": 0.21978021978021978}, "4": {"num": 2, "%": 0.02197802197802198}, "8": {"num": 3, "%": 0.03296703296703297}, "13": {"num": 1, "%": 0.01098901098901099}, "14": {"num": 54, "%": 0.5934065934065934}, "17": {"num": 11, "%": 0.12087912087912088}}}, "6": {"num": 108, "community_belong": {"0": {"num": 27, "%": 0.25}, "1": {"num": 25, "%": 0.23148148148148148}, "4": {"num": 2, "%": 0.018518518518518517}, "7": {"num": 3, "%": 0.027777777777777776}, "8": {"num": 39, "%": 0.3611111111111111}, "9": {"num": 2, "%": 0.018518518518518517}, "13": {"num": 2, "%": 0.018518518518518517}, "14": {"num": 8, "%": 0.07407407407407407}}}, "7": {"num": 1247, "community_belong": {"0": {"num": 31, "%": 0.024859663191659984}, "1": {"num": 929, "%": 0.7449879711307137}, "2": {"num": 9, "%": 0.007217321571772253}, "3": {"num": 6, "%": 0.0048115477145148355}, "4": {"num": 29, "%": 0.023255813953488372}, "5": {"num": 1, "%": 0.0008019246190858059}, "6": {"num": 10, "%": 0.00801924619085806}, "7": {"num": 2, "%": 0.0016038492381716118}, "8": {"num": 45, "%": 0.03608660785886127}, "10": {"num": 13, "%": 0.010425020048115477}, "11": {"num": 29, "%": 0.023255813953488372}, "13": {"num": 19, "%": 0.015236567762630313}, "14": {"num": 58, "%": 0.046511627906976744}, "16": {"num": 23, "%": 0.018444266238973536}, "17": {"num": 28, "%": 0.022453889334402566}, "18": {"num": 2, "%": 0.0016038492381716118}, "19": {"num": 3, "%": 0.0024057738572574178}, "22": {"num": 2, "%": 0.0016038492381716118}, "25": {"num": 1, "%": 0.0008019246190858059}, "28": {"num": 2, "%": 0.0016038492381716118}, "29": {"num": 3, "%": 0.0024057738572574178}, "31": {"num": 2, "%": 0.0016038492381716118}}}, "8": {"num": 871, "community_belong": {"0": {"num": 13, "%": 0.014925373134328358}, "1": {"num": 709, "%": 0.8140068886337543}, "2": {"num": 3, "%": 0.003444316877152698}, "3": {"num": 1, "%": 0.001148105625717566}, "4": {"num": 32, "%": 0.03673938002296211}, "5": {"num": 1, "%": 0.001148105625717566}, "6": {"num": 1, "%": 0.001148105625717566}, "8": {"num": 24, "%": 0.027554535017221583}, "10": {"num": 6, "%": 0.006888633754305396}, "11": {"num": 3, "%": 0.003444316877152698}, "13": {"num": 8, "%": 0.009184845005740528}, "14": {"num": 16, "%": 0.018369690011481057}, "15": {"num": 1, "%": 0.001148105625717566}, "16": {"num": 21, "%": 0.024110218140068886}, "17": {"num": 23, "%": 0.02640642939150402}, "19": {"num": 2, "%": 0.002296211251435132}, "20": {"num": 1, "%": 0.001148105625717566}, "25": {"num": 6, "%": 0.006888633754305396}}}, "9": {"num": 84, "community_belong": {"22": {"num": 84, "%": 1.0}}}, "10": {"num": 82, "community_belong": {"7": {"num": 81, "%": 0.9878048780487805}, "11": {"num": 1, "%": 0.012195121951219513}}}, "11": {"num": 486, "community_belong": {"0": {"num": 5, "%": 0.0102880658436214}, "1": {"num": 326, "%": 0.6707818930041153}, "2": {"num": 1, "%": 0.00205761316872428}, "3": {"num": 5, "%": 0.0102880658436214}, "4": {"num": 6, "%": 0.012345679012345678}, "8": {"num": 81, "%": 0.16666666666666666}, "13": {"num": 8, "%": 0.01646090534979424}, "14": {"num": 9, "%": 0.018518518518518517}, "16": {"num": 39, "%": 0.08024691358024691}, "17": {"num": 2, "%": 0.00411522633744856}, "25": {"num": 4, "%": 0.00823045267489712}}}, "12": {"num": 142, "community_belong": {"17": {"num": 1, "%": 0.007042253521126761}, "18": {"num": 6, "%": 0.04225352112676056}, "29": {"num": 135, "%": 0.9507042253521126}}}, "13": {"num": 3, "community_belong": {"9": {"num": 3, "%": 1.0}}}, "14": {"num": 78, "community_belong": {"0": {"num": 14, "%": 0.1794871794871795}, "2": {"num": 39, "%": 0.5}, "9": {"num": 1, "%": 0.01282051282051282}, "11": {"num": 11, "%": 0.14102564102564102}, "15": {"num": 4, "%": 0.05128205128205128}, "21": {"num": 7, "%": 0.08974358974358974}, "23": {"num": 2, "%": 0.02564102564102564}}}, "15": {"num": 124, "community_belong": {"0": {"num": 39, "%": 0.31451612903225806}, "1": {"num": 8, "%": 0.06451612903225806}, "2": {"num": 5, "%": 0.04032258064516129}, "4": {"num": 5, "%": 0.04032258064516129}, "7": {"num": 31, "%": 0.25}, "11": {"num": 1, "%": 0.008064516129032258}, "14": {"num": 17, "%": 0.13709677419354838}, "17": {"num": 18, "%": 0.14516129032258066}}}, "16": {"num": 140, "community_belong": {"4": {"num": 3, "%": 0.02142857142857143}, "6": {"num": 39, "%": 0.2785714285714286}, "7": {"num": 92, "%": 0.6571428571428571}, "8": {"num": 3, "%": 0.02142857142857143}, "9": {"num": 3, "%": 0.02142857142857143}}}, "17": {"num": 200, "community_belong": {"1": {"num": 6, "%": 0.03}, "2": {"num": 29, "%": 0.145}, "4": {"num": 4, "%": 0.02}, "6": {"num": 3, "%": 0.015}, "7": {"num": 32, "%": 0.16}, "9": {"num": 10, "%": 0.05}, "11": {"num": 68, "%": 0.34}, "14": {"num": 1, "%": 0.005}, "15": {"num": 3, "%": 0.015}, "18": {"num": 3, "%": 0.015}, "24": {"num": 5, "%": 0.025}, "28": {"num": 36, "%": 0.18}}}, "18": {"num": 62, "community_belong": {"2": {"num": 8, "%": 0.12903225806451613}, "8": {"num": 2, "%": 0.03225806451612903}, "9": {"num": 52, "%": 0.8387096774193549}}}, "19": {"num": 63, "community_belong": {"0": {"num": 20, "%": 0.31746031746031744}, "1": {"num": 17, "%": 0.2698412698412698}, "4": {"num": 2, "%": 0.031746031746031744}, "7": {"num": 2,