{"0": {"num": 379, "community_belong": {"0": {"num": 4, "%": 0.010554089709762533}, "1": {"num": 312, "%": 0.8232189973614775}, "4": {"num": 6, "%": 0.0158311345646438}, "6": {"num": 8, "%": 0.021108179419525065}, "7": {"num": 2, "%": 0.005277044854881266}, "8": {"num": 4, "%": 0.010554089709762533}, "9": {"num": 2, "%": 0.005277044854881266}, "10": {"num": 2, "%": 0.005277044854881266}, "11": {"num": 2, "%": 0.005277044854881266}, "13": {"num": 2, "%": 0.005277044854881266}, "14": {"num": 11, "%": 0.029023746701846966}, "16": {"num": 8, "%": 0.021108179419525065}, "17": {"num": 14, "%": 0.036939313984168866}, "25": {"num": 2, "%": 0.005277044854881266}}}, "1": {"num": 81, "community_belong": {"2": {"num": 66, "%": 0.8148148148148148}, "8": {"num": 2, "%": 0.024691358024691357}, "9": {"num": 10, "%": 0.12345679012345678}, "15": {"num": 2, "%": 0.024691358024691357}, "24": {"num": 1, "%": 0.012345679012345678}}}, "2": {"num": 126, "community_belong": {"2": {"num": 80, "%": 0.6349206349206349}, "6": {"num": 6, "%": 0.047619047619047616}, "9": {"num": 13, "%": 0.10317460317460317}, "11": {"num": 5, "%": 0.03968253968253968}, "15": {"num": 2, "%": 0.015873015873015872}, "18": {"num": 4, "%": 0.031746031746031744}, "23": {"num": 2, "%": 0.015873015873015872}, "24": {"num": 2, "%": 0.015873015873015872}, "29": {"num": 1, "%": 0.007936507936507936}, "30": {"num": 11, "%": 0.0873015873015873}}}, "3": {"num": 195, "community_belong": {"0": {"num": 10, "%": 0.05128205128205128}, "1": {"num": 65, "%": 0.3333333333333333}, "3": {"num": 2, "%": 0.010256410256410256}, "4": {"num": 48, "%": 0.24615384615384617}, "8": {"num": 4, "%": 0.020512820512820513}, "13": {"num": 6, "%": 0.03076923076923077}, "14": {"num": 32, "%": 0.1641025641025641}, "16": {"num": 20, "%": 0.10256410256410256}, "19": {"num": 8, "%": 0.041025641025641026}}}, "4": {"num": 426, "community_belong": {"0": {"num": 12, "%": 0.028169014084507043}, "1": {"num": 291, "%": 0.6830985915492958}, "2": {"num": 14, "%": 0.03286384976525822}, "3": {"num": 3, "%": 0.007042253521126761}, "4": {"num": 15, "%": 0.035211267605633804}, "5": {"num": 1, "%": 0.002347417840375587}, "6": {"num": 6, "%": 0.014084507042253521}, "7": {"num": 2, "%": 0.004694835680751174}, "8": {"num": 27, "%": 0.06338028169014084}, "9": {"num": 1, "%": 0.002347417840375587}, "10": {"num": 2, "%": 0.004694835680751174}, "11": {"num": 2, "%": 0.004694835680751174}, "13": {"num": 6, "%": 0.014084507042253521}, "14": {"num": 16, "%": 0.03755868544600939}, "16": {"num": 20, "%": 0.046948356807511735}, "17": {"num": 6, "%": 0.014084507042253521}, "18": {"num": 1, "%": 0.002347417840375587}, "21": {"num": 1, "%": 0.002347417840375587}}}, "5": {"num": 23, "community_belong": {"3": {"num": 23, "%": 1.0}}}, "6": {"num": 111, "community_belong": {"0": {"num": 6, "%": 0.05405405405405406}, "1": {"num": 27, "%": 0.24324324324324326}, "4": {"num": 5, "%": 0.04504504504504504}, "8": {"num": 51, "%": 0.4594594594594595}, "10": {"num": 3, "%": 0.02702702702702703}, "13": {"num": 7, "%": 0.06306306306306306}, "16": {"num": 3, "%": 0.02702702702702703}, "23": {"num": 3, "%": 0.02702702702702703}, "25": {"num": 6, "%": 0.05405405405405406}}}, "7": {"num": 4, "community_belong": {"1": {"num": 4, "%": 1.0}}}, "8": {"num": 417, "community_belong": {"0": {"num": 1, "%": 0.002398081534772182}, "1": {"num": 9, "%": 0.02158273381294964}, "2": {"num": 331, "%": 0.7937649880095923}, "4": {"num": 2, "%": 0.004796163069544364}, "8": {"num": 3, "%": 0.007194244604316547}, "9": {"num": 1, "%": 0.002398081534772182}, "11": {"num": 4, "%": 0.009592326139088728}, "12": {"num": 5, "%": 0.011990407673860911}, "15": {"num": 50, "%": 0.11990407673860912}, "18": {"num": 7, "%": 0.016786570743405275}, "22": {"num": 1, "%": 0.002398081534772182}, "23": {"num": 2, "%": 0.004796163069544364}, "29": {"num": 1, "%": 0.002398081534772182}}}, "9": {"num": 54, "community_belong": {"2": {"num": 29, "%": 0.5370370370370371}, "18": {"num": 25, "%": 0.46296296296296297}}}, "10": {"num": 2, "community_belong": {"16": {"num": 2, "%": 1.0}}}, "11": {"num": 107, "community_belong": {"4": {"num": 3, "%": 0.028037383177570093}, "6": {"num": 6, "%": 0.056074766355140186}, "7": {"num": 2, "%": 0.018691588785046728}, "11": {"num": 45, "%": 0.4205607476635514}, "28": {"num": 25, "%": 0.2336448598130841}, "29": {"num": 15, "%": 0.14018691588785046}, "32": {"num": 11, "%": 0.102803738317757}}}, "12": {"num": 152, "community_belong": {"0": {"num": 58, "%": 0.3815789473684211}, "1": {"num": 12, "%": 0.07894736842105263}, "2": {"num": 21, "%": 0.13815789473684212}, "3": {"num": 10, "%": 0.06578947368421052}, "4": {"num": 1, "%": 0.006578947368421052}, "5": {"num": 1, "%": 0.006578947368421052}, "6": {"num": 7, "%": 0.046052631578947366}, "7": {"num": 2, "%": 0.013157894736842105}, "10": {"num": 10, "%": 0.06578947368421052}, "11": {"num": 1, "%": 0.006578947368421052}, "13": {"num": 2, "%": 0.013157894736842105}, "17": {"num": 13, "%": 0.08552631578947369}, "24": {"num": 3, "%": 0.019736842105263157}, "29": {"num": 11, "%": 0.07236842105263158}}}, "13": {"num": 2, "community_belong": {"7": {"num": 2, "%": 1.0}}}, "14": {"num": 2, "community_belong": {"25": {"num": 2, "%": 1.0}}}, "15": {"num": 55, "community_belong": {"7": {"num": 53, "%": 0.9636363636363636}, "11": {"num": 2, "%": 0.03636363636363636}}}, "16": {"num": 29, "community_belong": {"2": {"num": 2, "%": 0.06896551724137931}, "9": {"num": 27, "%": 0.9310344827586207}}}, "17": {"num": 87, "community_belong": {"0": {"num": 1, "%": 0.011494252873563218}, "1": {"num": 1, "%": 0.011494252873563218}, "11": {"num": 15, "%": 0.1724137931034483}, "18": {"num": 67, "%": 0.7701149425287356}, "29": {"num": 3, "%": 0.034482758620689655}}}, "18": {"num": 104, "community_belong": {"0": {"num": 2, "%": 0.019230769230769232}, "1": {"num": 5, "%": 0.04807692307692308}, "2": {"num": 24, "%": 0.23076923076923078}, "4": {"num": 24, "%": 0.23076923076923078}, "8": {"num": 7, "%": 0.0673076923076923}, "13": {"num": 16, "%": 0.15384615384615385}, "14": {"num": 14, "%": 0.1346153846153846}, "20": {"num": 12, "%": 0.11538461538461539}}}, "19": {"num": 61, "community_belong": {"6": {"num": 57, "%": 0.9344262295081968}, "11": {"num": 4, "%": 0.06557377049180328}}}, "20": {"num": 36, "community_belong": {"2": {"num": 3, "%": 0.08333333333333333}, "18": {"num": 31, "%": 0.8611111111111112}, "24": {"num": 2, "%": 0.05555555555555555}}}, "21": {"num": 2, "community_belong": {"8": {"num": 2, "%": 1.0}}}, "22": {"num": 2, "community_belong": {"32": {"num": 2, "%": 1.0}}}, "23": {"num": 3, "community_belong": {"18": {"num": 3, "%": 1.0}}}, "24": {"num": 157, "community_belong": {"6": {"num": 3, "%": 0.01910828025477707}, "22": {"num": 154, "%": 0.9808917197452229}}}, "25": {"num": 2, "community_belong": {"14": {"num": 2, "%": 1.0}}}, "26": {"num": 61, "community_belong": {"2": {"num": 4, "%": 0.06557377049180328}, "17": {"num": 1, "%": 0.01639344262295082}, "18": {"num": 3, "%": 0.04918032786885246}, "21": {"num": 15, "%": 0.2459016393442623}, "29": {"num": 38, "%": 0.6229508196721312}}}, "27": {"num": 12, "community_belong": {"0": {"num": 3, "%": 0.25}, "4": {"num": 8, "%": 0.6666666666666666}, "6": {"num": 1, "%": 0.08333333333333333}}}, "28": {"num": 110, "community_belong": {"2": {"num": 7, "%": 0.06363636363636363}, "11": {"num": 1, "%": 0.00909090909090909}, "24": {"num": 101, "%": 0.9181818181818182}, "28": {"num": 1, "%": 0.00909090909090909}}}, "29": {"num": 2, "community_belong": {"29": {"num": 2, "%": 1.0}}}, "30": {"num": 11, "community_belong": {"5": {"num": 11, "%": 1.0}}}, "31": {"num": 98, "community_belong": {"6": {"num": 98, "%": 1.0}}}, "32": {"num": 7, "community_belong": {"6": {"num": 7, "%": 1.0}}}, "33": {"num": 2, "community_belong": {"28": {"num": 2, "%": 1.0}}}, "34": {"num": 4, "community_belong": {"18": {"num": 4, "%": 1.0}}}, "35": {"num": 3, "community_belong": {"29": {"num": 3, "%": 1.0}}}, "36": {"num": 8, "community_belong": {"14": {"num": 8,