{"0": {"num": 224, "community_belong": {"0": {"num": 4, "%": 0.017857142857142856}, "1": {"num": 134, "%": 0.5982142857142857}, "2": {"num": 4, "%": 0.017857142857142856}, "3": {"num": 1, "%": 0.004464285714285714}, "4": {"num": 8, "%": 0.03571428571428571}, "5": {"num": 3, "%": 0.013392857142857142}, "6": {"num": 2, "%": 0.008928571428571428}, "7": {"num": 1, "%": 0.004464285714285714}, "8": {"num": 12, "%": 0.05357142857142857}, "10": {"num": 3, "%": 0.013392857142857142}, "11": {"num": 3, "%": 0.013392857142857142}, "13": {"num": 6, "%": 0.026785714285714284}, "14": {"num": 15, "%": 0.06696428571428571}, "16": {"num": 13, "%": 0.05803571428571429}, "17": {"num": 7, "%": 0.03125}, "18": {"num": 1, "%": 0.004464285714285714}, "20": {"num": 2, "%": 0.008928571428571428}, "25": {"num": 2, "%": 0.008928571428571428}, "29": {"num": 2, "%": 0.008928571428571428}, "31": {"num": 1, "%": 0.004464285714285714}}}, "1": {"num": 129, "community_belong": {"1": {"num": 1, "%": 0.007751937984496124}, "2": {"num": 76, "%": 0.5891472868217055}, "6": {"num": 3, "%": 0.023255813953488372}, "9": {"num": 9, "%": 0.06976744186046512}, "11": {"num": 3, "%": 0.023255813953488372}, "15": {"num": 17, "%": 0.13178294573643412}, "18": {"num": 4, "%": 0.031007751937984496}, "24": {"num": 7, "%": 0.05426356589147287}, "27": {"num": 1, "%": 0.007751937984496124}, "29": {"num": 2, "%": 0.015503875968992248}, "30": {"num": 2, "%": 0.015503875968992248}, "32": {"num": 4, "%": 0.031007751937984496}}}, "2": {"num": 65, "community_belong": {"0": {"num": 5, "%": 0.07692307692307693}, "1": {"num": 7, "%": 0.1076923076923077}, "2": {"num": 12, "%": 0.18461538461538463}, "4": {"num": 13, "%": 0.2}, "6": {"num": 1, "%": 0.015384615384615385}, "8": {"num": 10, "%": 0.15384615384615385}, "10": {"num": 3, "%": 0.046153846153846156}, "11": {"num": 1, "%": 0.015384615384615385}, "13": {"num": 5, "%": 0.07692307692307693}, "14": {"num": 4, "%": 0.06153846153846154}, "16": {"num": 1, "%": 0.015384615384615385}, "17": {"num": 2, "%": 0.03076923076923077}, "18": {"num": 1, "%": 0.015384615384615385}}}, "3": {"num": 53, "community_belong": {"0": {"num": 2, "%": 0.03773584905660377}, "4": {"num": 5, "%": 0.09433962264150944}, "6": {"num": 6, "%": 0.11320754716981132}, "11": {"num": 24, "%": 0.4528301886792453}, "18": {"num": 6, "%": 0.11320754716981132}, "21": {"num": 6, "%": 0.11320754716981132}, "28": {"num": 4, "%": 0.07547169811320754}}}, "4": {"num": 40, "community_belong": {"2": {"num": 1, "%": 0.025}, "4": {"num": 1, "%": 0.025}, "6": {"num": 26, "%": 0.65}, "11": {"num": 2, "%": 0.05}, "22": {"num": 10, "%": 0.25}}}, "5": {"num": 9, "community_belong": {"1": {"num": 5, "%": 0.5555555555555556}, "7": {"num": 4, "%": 0.4444444444444444}}}, "6": {"num": 8, "community_belong": {"7": {"num": 8, "%": 1.0}}}, "7": {"num": 2, "community_belong": {"18": {"num": 2, "%": 1.0}}}, "8": {"num": 10, "community_belong": {"29": {"num": 10, "%": 1.0}}}, "9": {"num": 2, "community_belong": {"18": {"num": 2, "%": 1.0}}}, "10": {"num": 4, "community_belong": {"28": {"num": 4, "%": 1.0}}}, "11": {"num": 8, "community_belong": {"0": {"num": 2, "%": 0.25}, "3": {"num": 6, "%": 0.75}}}, "12": {"num": 2, "community_belong": {"24": {"num": 2, "%": 1.0}}}, "13": {"num": 2, "community_belong": {"18": {"num": 2, "%": 1.0}}}}