{"0": {"num": 369, "community_belong": {"0": {"num": 7, "%": 0.018970189701897018}, "1": {"num": 19, "%": 0.051490514905149054}, "2": {"num": 27, "%": 0.07317073170731707}, "3": {"num": 13, "%": 0.03523035230352303}, "4": {"num": 5, "%": 0.013550135501355014}, "5": {"num": 2, "%": 0.005420054200542005}, "6": {"num": 5, "%": 0.013550135501355014}, "7": {"num": 2, "%": 0.005420054200542005}, "8": {"num": 3, "%": 0.008130081300813009}, "9": {"num": 2, "%": 0.005420054200542005}, "10": {"num": 1, "%": 0.0027100271002710027}, "11": {"num": 3, "%": 0.008130081300813009}, "14": {"num": 4, "%": 0.01084010840108401}, "16": {"num": 2, "%": 0.005420054200542005}, "18": {"num": 4, "%": 0.01084010840108401}, "19": {"num": 1, "%": 0.0027100271002710027}, "22": {"num": 1, "%": 0.0027100271002710027}, "23": {"num": 2, "%": 0.005420054200542005}, "24": {"num": 6, "%": 0.016260162601626018}, "25": {"num": 1, "%": 0.0027100271002710027}, "27": {"num": 1, "%": 0.0027100271002710027}, "28": {"num": 2, "%": 0.005420054200542005}, "29": {"num": 6, "%": 0.016260162601626018}}}, "1": {"num": 138, "community_belong": {"0": {"num": 2, "%": 0.014492753623188406}, "1": {"num": 20, "%": 0.14492753623188406}, "2": {"num": 3, "%": 0.021739130434782608}, "3": {"num": 2, "%": 0.014492753623188406}, "4": {"num": 1, "%": 0.007246376811594203}, "6": {"num": 11, "%": 0.07971014492753623}, "7": {"num": 2, "%": 0.014492753623188406}, "8": {"num": 3, "%": 0.021739130434782608}, "11": {"num": 5, "%": 0.036231884057971016}, "14": {"num": 2, "%": 0.014492753623188406}, "17": {"num": 1, "%": 0.007246376811594203}, "22": {"num": 6, "%": 0.043478260869565216}, "24": {"num": 2, "%": 0.014492753623188406}, "28": {"num": 1, "%": 0.007246376811594203}, "29": {"num": 1, "%": 0.007246376811594203}, "30": {"num": 1, "%": 0.007246376811594203}}}, "2": {"num": 203, "community_belong": {"0": {"num": 4, "%": 0.019704433497536946}, "1": {"num": 14, "%": 0.06896551724137931}, "2": {"num": 9, "%": 0.04433497536945813}, "3": {"num": 4, "%": 0.019704433497536946}, "4": {"num": 16, "%": 0.07881773399014778}, "6": {"num": 22, "%": 0.10837438423645321}, "7": {"num": 4, "%": 0.019704433497536946}, "8": {"num": 1, "%": 0.0049261083743842365}, "9": {"num": 1, "%": 0.0049261083743842365}, "10": {"num": 1, "%": 0.0049261083743842365}, "11": {"num": 1, "%": 0.0049261083743842365}, "12": {"num": 1, "%": 0.0049261083743842365}, "17": {"num": 1, "%": 0.0049261083743842365}, "18": {"num": 1, "%": 0.0049261083743842365}, "21": {"num": 1, "%": 0.0049261083743842365}, "22": {"num": 10, "%": 0.04926108374384237}, "24": {"num": 1, "%": 0.0049261083743842365}, "29": {"num": 4, "%": 0.019704433497536946}}}, "3": {"num": 359, "community_belong": {"0": {"num": 11, "%": 0.03064066852367688}, "1": {"num": 40, "%": 0.11142061281337047}, "2": {"num": 9, "%": 0.025069637883008356}, "3": {"num": 4, "%": 0.011142061281337047}, "4": {"num": 11, "%": 0.03064066852367688}, "5": {"num": 3, "%": 0.008356545961002786}, "6": {"num": 16, "%": 0.04456824512534819}, "7": {"num": 9, "%": 0.025069637883008356}, "8": {"num": 8, "%": 0.022284122562674095}, "9": {"num": 2, "%": 0.005571030640668524}, "10": {"num": 1, "%": 0.002785515320334262}, "11": {"num": 7, "%": 0.019498607242339833}, "13": {"num": 4, "%": 0.011142061281337047}, "14": {"num": 3, "%": 0.008356545961002786}, "15": {"num": 2, "%": 0.005571030640668524}, "16": {"num": 1, "%": 0.002785515320334262}, "17": {"num": 2, "%": 0.005571030640668524}, "18": {"num": 1, "%": 0.002785515320334262}, "19": {"num": 1, "%": 0.002785515320334262}, "22": {"num": 2, "%": 0.005571030640668524}, "23": {"num": 1, "%": 0.002785515320334262}, "24": {"num": 4, "%": 0.011142061281337047}, "29": {"num": 2, "%": 0.005571030640668524}}}, "4": {"num": 314, "community_belong": {"0": {"num": 10, "%": 0.03184713375796178}, "1": {"num": 20, "%": 0.06369426751592357}, "2": {"num": 25, "%": 0.07961783439490445}, "3": {"num": 9, "%": 0.028662420382165606}, "4": {"num": 6, "%": 0.01910828025477707}, "5": {"num": 2, "%": 0.006369426751592357}, "6": {"num": 6, "%": 0.01910828025477707}, "7": {"num": 4, "%": 0.012738853503184714}, "8": {"num": 5, "%": 0.01592356687898089}, "9": {"num": 2, "%": 0.006369426751592357}, "10": {"num": 2, "%": 0.006369426751592357}, "11": {"num": 4, "%": 0.012738853503184714}, "14": {"num": 1, "%": 0.0031847133757961785}, "15": {"num": 1, "%": 0.0031847133757961785}, "17": {"num": 2, "%": 0.006369426751592357}, "18": {"num": 8, "%": 0.025477707006369428}, "21": {"num": 1, "%": 0.0031847133757961785}, "23": {"num": 1, "%": 0.0031847133757961785}, "24": {"num": 3, "%": 0.009554140127388535}, "28": {"num": 1, "%": 0.0031847133757961785}, "29": {"num": 7, "%": 0.022292993630573247}}}, "5": {"num": 71, "community_belong": {"0": {"num": 2, "%": 0.028169014084507043}, "1": {"num": 3, "%": 0.04225352112676056}, "2": {"num": 6, "%": 0.08450704225352113}, "3": {"num": 1, "%": 0.014084507042253521}, "4": {"num": 5, "%": 0.07042253521126761}, "6": {"num": 4, "%": 0.056338028169014086}, "8": {"num": 1, "%": 0.014084507042253521}, "10": {"num": 1, "%": 0.014084507042253521}, "11": {"num": 3, "%": 0.04225352112676056}, "13": {"num": 1, "%": 0.014084507042253521}, "29": {"num": 2, "%": 0.028169014084507043}, "30": {"num": 1, "%": 0.014084507042253521}}}, "6": {"num": 93, "community_belong": {"0": {"num": 1, "%": 0.010752688172043012}, "1": {"num": 8, "%": 0.08602150537634409}, "2": {"num": 6, "%": 0.06451612903225806}, "3": {"num": 4, "%": 0.043010752688172046}, "6": {"num": 3, "%": 0.03225806451612903}, "7": {"num": 2, "%": 0.021505376344086023}, "8": {"num": 1, "%": 0.010752688172043012}, "9": {"num": 1, "%": 0.010752688172043012}, "10": {"num": 1, "%": 0.010752688172043012}, "11": {"num": 1, "%": 0.010752688172043012}, "14": {"num": 1, "%": 0.010752688172043012}, "17": {"num": 1, "%": 0.010752688172043012}, "18": {"num": 1, "%": 0.010752688172043012}, "22": {"num": 2, "%": 0.021505376344086023}, "24": {"num": 1, "%": 0.010752688172043012}, "29": {"num": 1, "%": 0.010752688172043012}}}, "7": {"num": 21, "community_belong": {"2": {"num": 1, "%": 0.047619047619047616}, "4": {"num": 1, "%": 0.047619047619047616}, "6": {"num": 1, "%": 0.047619047619047616}, "22": {"num": 1, "%": 0.047619047619047616}}}, "8": {"num": 496, "community_belong": {"0": {"num": 9, "%": 0.018145161290322582}, "1": {"num": 61, "%": 0.12298387096774194}, "2": {"num": 16, "%": 0.03225806451612903}, "3": {"num": 18, "%": 0.036290322580645164}, "4": {"num": 10, "%": 0.020161290322580645}, "5": {"num": 4, "%": 0.008064516129032258}, "6": {"num": 9, "%": 0.018145161290322582}, "7": {"num": 3, "%": 0.006048387096774193}, "8": {"num": 8, "%": 0.016129032258064516}, "9": {"num": 2, "%": 0.004032258064516129}, "11": {"num": 12, "%": 0.024193548387096774}, "12": {"num": 1, "%": 0.0020161290322580645}, "13": {"num": 4, "%": 0.008064516129032258}, "14": {"num": 2, "%": 0.004032258064516129}, "15": {"num": 5, "%": 0.010080645161290322}, "16": {"num": 1, "%": 0.0020161290322580645}, "17": {"num": 4, "%": 0.008064516129032258}, "18": {"num": 8, "%": 0.016129032258064516}, "21": {"num": 1, "%": 0.0020161290322580645}, "22": {"num": 5, "%": 0.010080645161290322}, "24": {"num": 4, "%": 0.008064516129032258}, "28": {"num": 1, "%": 0.0020161290322580645}, "29": {"num": 6, "%": 0.012096774193548387}, "30": {"num": 1, "%": 0.0020161290322580645}, "31": {"num": 1, "%": 0.0020161290322580645}, "33": {"num": 2, "%": 0.004032258064516129}}}, "9": {"num": 94, "community_belong": {"0": {"num": 3, "%": 0.031914893617021274}, "1": {"num": 10, "%": 0.10638297872340426}, "2": {"num": 2, "%": 0.02127659574468085}, "3": {"num": 1, "%": 0.010638297872340425}, "4": {"num": 2, "%": 0.02127659574468085}, "5": {"num": 2, "%": 0.02127659574468085}, "6": {"num": 3, "%": 0.031914893617021274}, "7": {"num": 2, "%": 0.02127659574468085}, "8": {"num": 1, "%": 0.010638297872340425}, "9": {"num": 2, "%": 0.02127659574468085}, "11": {"num": 1, "%": 0.010638297872340425}, "13": {"num": 1,