{"0": {"num": 2, "community_belong": {"0": {"num": 2, "%": 1.0}}}, "1": {"num": 1759, "community_belong": {"0": {"num": 35, "%": 0.019897669130187607}, "1": {"num": 1187, "%": 0.6748152359295054}, "2": {"num": 49, "%": 0.02785673678226265}, "3": {"num": 8, "%": 0.0045480386583285955}, "4": {"num": 48, "%": 0.027288231949971573}, "5": {"num": 8, "%": 0.0045480386583285955}, "6": {"num": 38, "%": 0.02160318362706083}, "7": {"num": 19, "%": 0.010801591813530414}, "8": {"num": 104, "%": 0.059124502558271744}, "9": {"num": 2, "%": 0.0011370096645821489}, "10": {"num": 15, "%": 0.008527572484366117}, "11": {"num": 49, "%": 0.02785673678226265}, "13": {"num": 34, "%": 0.019329164297896533}, "14": {"num": 71, "%": 0.04036384309266629}, "15": {"num": 1, "%": 0.0005685048322910744}, "16": {"num": 28, "%": 0.015918135304150087}, "17": {"num": 36, "%": 0.02046617396247868}, "18": {"num": 5, "%": 0.0028425241614553724}, "19": {"num": 4, "%": 0.0022740193291642978}, "21": {"num": 1, "%": 0.0005685048322910744}, "22": {"num": 3, "%": 0.0017055144968732233}, "24": {"num": 1, "%": 0.0005685048322910744}, "25": {"num": 2, "%": 0.0011370096645821489}, "28": {"num": 4, "%": 0.0022740193291642978}, "29": {"num": 3, "%": 0.0017055144968732233}, "30": {"num": 3, "%": 0.0017055144968732233}, "31": {"num": 1, "%": 0.0005685048322910744}}}, "2": {"num": 166, "community_belong": {"0": {"num": 6, "%": 0.03614457831325301}, "1": {"num": 70, "%": 0.42168674698795183}, "2": {"num": 15, "%": 0.09036144578313253}, "3": {"num": 1, "%": 0.006024096385542169}, "4": {"num": 9, "%": 0.05421686746987952}, "6": {"num": 11, "%": 0.06626506024096386}, "7": {"num": 3, "%": 0.018072289156626505}, "8": {"num": 19, "%": 0.1144578313253012}, "10": {"num": 1, "%": 0.006024096385542169}, "11": {"num": 5, "%": 0.030120481927710843}, "13": {"num": 2, "%": 0.012048192771084338}, "14": {"num": 3, "%": 0.018072289156626505}, "16": {"num": 6, "%": 0.03614457831325301}, "17": {"num": 2, "%": 0.012048192771084338}, "20": {"num": 2, "%": 0.012048192771084338}, "22": {"num": 11, "%": 0.06626506024096386}}}, "3": {"num": 49, "community_belong": {"0": {"num": 4, "%": 0.08163265306122448}, "1": {"num": 33, "%": 0.673469387755102}, "3": {"num": 4, "%": 0.08163265306122448}, "8": {"num": 2, "%": 0.04081632653061224}, "11": {"num": 2, "%": 0.04081632653061224}, "16": {"num": 1, "%": 0.02040816326530612}, "17": {"num": 3, "%": 0.061224489795918366}}}, "4": {"num": 2, "community_belong": {"1": {"num": 2, "%": 1.0}}}, "5": {"num": 26, "community_belong": {"2": {"num": 1, "%": 0.038461538461538464}, "11": {"num": 25, "%": 0.9615384615384616}}}, "6": {"num": 5, "community_belong": {"1": {"num": 1, "%": 0.2}, "2": {"num": 1, "%": 0.2}, "6": {"num": 1, "%": 0.2}, "24": {"num": 2, "%": 0.4}}}, "7": {"num": 2, "community_belong": {"11": {"num": 2, "%": 1.0}}}, "8": {"num": 2, "community_belong": {"10": {"num": 2, "%": 1.0}}}, "9": {"num": 2, "community_belong": {"1": {"num": 2, "%": 1.0}}}, "10": {"num": 94, "community_belong": {"0": {"num": 2, "%": 0.02127659574468085}, "1": {"num": 78, "%": 0.8297872340425532}, "2": {"num": 1, "%": 0.010638297872340425}, "4": {"num": 2, "%": 0.02127659574468085}, "6": {"num": 1, "%": 0.010638297872340425}, "8": {"num": 6, "%": 0.06382978723404255}, "11": {"num": 1, "%": 0.010638297872340425}, "14": {"num": 1, "%": 0.010638297872340425}, "17": {"num": 1, "%": 0.010638297872340425}, "33": {"num": 1, "%": 0.010638297872340425}}}, "11": {"num": 43, "community_belong": {"0": {"num": 1, "%": 0.023255813953488372}, "1": {"num": 2, "%": 0.046511627906976744}, "2": {"num": 34, "%": 0.7906976744186046}, "4": {"num": 1, "%": 0.023255813953488372}, "9": {"num": 1, "%": 0.023255813953488372}, "11": {"num": 1, "%": 0.023255813953488372}, "22": {"num": 2, "%": 0.046511627906976744}, "24": {"num": 1, "%": 0.023255813953488372}}}, "12": {"num": 17, "community_belong": {"29": {"num": 17, "%": 1.0}}}, "13": {"num": 2, "community_belong": {"1": {"num": 2, "%": 1.0}}}, "14": {"num": 2, "community_belong": {"16": {"num": 2, "%": 1.0}}}, "15": {"num": 5, "community_belong": {"0": {"num": 4, "%": 0.8}, "1": {"num": 1, "%": 0.2}}}, "16": {"num": 25, "community_belong": {"11": {"num": 1, "%": 0.04}, "28": {"num": 24, "%": 0.96}}}, "17": {"num": 2, "community_belong": {"16": {"num": 2, "%": 1.0}}}, "18": {"num": 4, "community_belong": {"1": {"num": 4, "%": 1.0}}}, "19": {"num": 2, "community_belong": {"0": {"num": 2, "%": 1.0}}}, "20": {"num": 2, "community_belong": {"1": {"num": 2, "%": 1.0}}}, "21": {"num": 2, "community_belong": {"16": {"num": 2, "%": 1.0}}}, "22": {"num": 4, "community_belong": {"6": {"num": 4, "%": 1.0}}}, "23": {"num": 7, "community_belong": {"0": {"num": 5, "%": 0.7142857142857143}, "2": {"num": 1, "%": 0.14285714285714285}, "23": {"num": 1, "%": 0.14285714285714285}}}, "24": {"num": 2, "community_belong": {"1": {"num": 2, "%": 1.0}}}, "25": {"num": 2, "community_belong": {"8": {"num": 2, "%": 1.0}}}, "26": {"num": 2, "community_belong": {"8": {"num": 2, "%": 1.0}}}, "27": {"num": 2, "community_belong": {"13": {"num": 2, "%": 1.0}}}}