{"0": {"num": 146, "community_belong": {"1": {"num": 8, "%": 0.0547945205479452}, "2": {"num": 8, "%": 0.0547945205479452}, "3": {"num": 4, "%": 0.0273972602739726}, "4": {"num": 8, "%": 0.0547945205479452}, "6": {"num": 6, "%": 0.0410958904109589}, "8": {"num": 1, "%": 0.00684931506849315}, "9": {"num": 1, "%": 0.00684931506849315}, "14": {"num": 1, "%": 0.00684931506849315}, "16": {"num": 1, "%": 0.00684931506849315}, "18": {"num": 3, "%": 0.02054794520547945}, "21": {"num": 1, "%": 0.00684931506849315}, "23": {"num": 1, "%": 0.00684931506849315}, "29": {"num": 5, "%": 0.03424657534246575}}}, "1": {"num": 480, "community_belong": {"0": {"num": 6, "%": 0.0125}, "1": {"num": 36, "%": 0.075}, "2": {"num": 19, "%": 0.03958333333333333}, "3": {"num": 6, "%": 0.0125}, "4": {"num": 15, "%": 0.03125}, "5": {"num": 2, "%": 0.004166666666666667}, "6": {"num": 27, "%": 0.05625}, "7": {"num": 11, "%": 0.022916666666666665}, "8": {"num": 8, "%": 0.016666666666666666}, "10": {"num": 2, "%": 0.004166666666666667}, "11": {"num": 7, "%": 0.014583333333333334}, "12": {"num": 1, "%": 0.0020833333333333333}, "13": {"num": 2, "%": 0.004166666666666667}, "14": {"num": 3, "%": 0.00625}, "16": {"num": 4, "%": 0.008333333333333333}, "17": {"num": 2, "%": 0.004166666666666667}, "18": {"num": 4, "%": 0.008333333333333333}, "19": {"num": 1, "%": 0.0020833333333333333}, "22": {"num": 3, "%": 0.00625}, "24": {"num": 5, "%": 0.010416666666666666}, "28": {"num": 1, "%": 0.0020833333333333333}, "29": {"num": 8, "%": 0.016666666666666666}, "32": {"num": 1, "%": 0.0020833333333333333}}}, "2": {"num": 655, "community_belong": {"0": {"num": 21, "%": 0.03206106870229008}, "1": {"num": 31, "%": 0.04732824427480916}, "2": {"num": 35, "%": 0.05343511450381679}, "3": {"num": 10, "%": 0.015267175572519083}, "4": {"num": 16, "%": 0.024427480916030534}, "5": {"num": 6, "%": 0.00916030534351145}, "6": {"num": 31, "%": 0.04732824427480916}, "7": {"num": 2, "%": 0.0030534351145038168}, "8": {"num": 3, "%": 0.004580152671755725}, "9": {"num": 5, "%": 0.007633587786259542}, "11": {"num": 8, "%": 0.012213740458015267}, "12": {"num": 5, "%": 0.007633587786259542}, "13": {"num": 1, "%": 0.0015267175572519084}, "14": {"num": 5, "%": 0.007633587786259542}, "15": {"num": 3, "%": 0.004580152671755725}, "16": {"num": 1, "%": 0.0015267175572519084}, "17": {"num": 2, "%": 0.0030534351145038168}, "18": {"num": 14, "%": 0.021374045801526718}, "19": {"num": 1, "%": 0.0015267175572519084}, "22": {"num": 18, "%": 0.02748091603053435}, "23": {"num": 2, "%": 0.0030534351145038168}, "24": {"num": 7, "%": 0.010687022900763359}, "27": {"num": 1, "%": 0.0015267175572519084}, "28": {"num": 1, "%": 0.0015267175572519084}, "29": {"num": 12, "%": 0.0183206106870229}}}, "3": {"num": 217, "community_belong": {"0": {"num": 4, "%": 0.018433179723502304}, "1": {"num": 4, "%": 0.018433179723502304}, "2": {"num": 10, "%": 0.04608294930875576}, "4": {"num": 3, "%": 0.013824884792626729}, "6": {"num": 1, "%": 0.004608294930875576}, "7": {"num": 1, "%": 0.004608294930875576}, "9": {"num": 2, "%": 0.009216589861751152}, "10": {"num": 1, "%": 0.004608294930875576}, "11": {"num": 3, "%": 0.013824884792626729}, "13": {"num": 2, "%": 0.009216589861751152}, "14": {"num": 1, "%": 0.004608294930875576}, "15": {"num": 3, "%": 0.013824884792626729}, "16": {"num": 1, "%": 0.004608294930875576}, "17": {"num": 1, "%": 0.004608294930875576}, "18": {"num": 2, "%": 0.009216589861751152}, "21": {"num": 1, "%": 0.004608294930875576}, "24": {"num": 1, "%": 0.004608294930875576}, "25": {"num": 1, "%": 0.004608294930875576}, "29": {"num": 1, "%": 0.004608294930875576}, "30": {"num": 1, "%": 0.004608294930875576}}}, "4": {"num": 106, "community_belong": {"0": {"num": 1, "%": 0.009433962264150943}, "1": {"num": 13, "%": 0.12264150943396226}, "2": {"num": 7, "%": 0.0660377358490566}, "3": {"num": 3, "%": 0.02830188679245283}, "4": {"num": 1, "%": 0.009433962264150943}, "5": {"num": 1, "%": 0.009433962264150943}, "6": {"num": 4, "%": 0.03773584905660377}, "7": {"num": 1, "%": 0.009433962264150943}, "8": {"num": 2, "%": 0.018867924528301886}, "9": {"num": 1, "%": 0.009433962264150943}, "10": {"num": 1, "%": 0.009433962264150943}, "11": {"num": 1, "%": 0.009433962264150943}, "13": {"num": 1, "%": 0.009433962264150943}, "14": {"num": 1, "%": 0.009433962264150943}, "20": {"num": 1, "%": 0.009433962264150943}, "24": {"num": 1, "%": 0.009433962264150943}, "29": {"num": 2, "%": 0.018867924528301886}}}, "5": {"num": 109, "community_belong": {"0": {"num": 2, "%": 0.01834862385321101}, "1": {"num": 8, "%": 0.07339449541284404}, "2": {"num": 11, "%": 0.10091743119266056}, "3": {"num": 3, "%": 0.027522935779816515}, "6": {"num": 2, "%": 0.01834862385321101}, "7": {"num": 3, "%": 0.027522935779816515}, "8": {"num": 1, "%": 0.009174311926605505}, "10": {"num": 1, "%": 0.009174311926605505}, "11": {"num": 4, "%": 0.03669724770642202}, "14": {"num": 1, "%": 0.009174311926605505}, "15": {"num": 2, "%": 0.01834862385321101}, "17": {"num": 1, "%": 0.009174311926605505}, "18": {"num": 1, "%": 0.009174311926605505}, "21": {"num": 1, "%": 0.009174311926605505}, "24": {"num": 1, "%": 0.009174311926605505}, "28": {"num": 1, "%": 0.009174311926605505}, "29": {"num": 5, "%": 0.045871559633027525}}}, "6": {"num": 111, "community_belong": {"0": {"num": 5, "%": 0.04504504504504504}, "1": {"num": 9, "%": 0.08108108108108109}, "2": {"num": 12, "%": 0.10810810810810811}, "3": {"num": 1, "%": 0.009009009009009009}, "4": {"num": 3, "%": 0.02702702702702703}, "5": {"num": 1, "%": 0.009009009009009009}, "6": {"num": 5, "%": 0.04504504504504504}, "7": {"num": 1, "%": 0.009009009009009009}, "8": {"num": 2, "%": 0.018018018018018018}, "9": {"num": 2, "%": 0.018018018018018018}, "11": {"num": 2, "%": 0.018018018018018018}, "12": {"num": 1, "%": 0.009009009009009009}, "18": {"num": 1, "%": 0.009009009009009009}, "21": {"num": 1, "%": 0.009009009009009009}, "22": {"num": 2, "%": 0.018018018018018018}, "28": {"num": 2, "%": 0.018018018018018018}, "29": {"num": 4, "%": 0.036036036036036036}, "30": {"num": 1, "%": 0.009009009009009009}}}, "7": {"num": 119, "community_belong": {"0": {"num": 3, "%": 0.025210084033613446}, "1": {"num": 8, "%": 0.06722689075630252}, "2": {"num": 5, "%": 0.04201680672268908}, "6": {"num": 2, "%": 0.01680672268907563}, "7": {"num": 1, "%": 0.008403361344537815}, "8": {"num": 2, "%": 0.01680672268907563}, "10": {"num": 1, "%": 0.008403361344537815}, "11": {"num": 3, "%": 0.025210084033613446}, "14": {"num": 1, "%": 0.008403361344537815}, "17": {"num": 2, "%": 0.01680672268907563}, "19": {"num": 1, "%": 0.008403361344537815}, "22": {"num": 1, "%": 0.008403361344537815}, "29": {"num": 3, "%": 0.025210084033613446}}}, "8": {"num": 278, "community_belong": {"0": {"num": 11, "%": 0.039568345323741004}, "1": {"num": 16, "%": 0.05755395683453238}, "2": {"num": 18, "%": 0.06474820143884892}, "3": {"num": 7, "%": 0.025179856115107913}, "4": {"num": 4, "%": 0.014388489208633094}, "5": {"num": 1, "%": 0.0035971223021582736}, "6": {"num": 9, "%": 0.03237410071942446}, "7": {"num": 5, "%": 0.017985611510791366}, "9": {"num": 2, "%": 0.007194244604316547}, "11": {"num": 8, "%": 0.02877697841726619}, "14": {"num": 4, "%": 0.014388489208633094}, "17": {"num": 2, "%": 0.007194244604316547}, "18": {"num": 5, "%": 0.017985611510791366}, "22": {"num": 2, "%": 0.007194244604316547}, "23": {"num": 3, "%": 0.01079136690647482}, "24": {"num": 7, "%": 0.025179856115107913}, "26": {"num": 1, "%": 0.0035971223021582736}, "29": {"num": 3, "%": 0.01079136690647482}}}, "9": {"num": 720, "community_belong": {"0": {"num": 20, "%": 0.027777777777777776}, "1": {"num": 75, "%": 0.10416666666666667}, "2": {"num": 34, "%": 0.04722222222222222}, "3": {"num": 19, "%": 0.02638888888888889}, "4": {"num": 10, "%": 0.013888888888888888}, "5": {"num": 8, "%": 0.011111111111111112}, "6": {"num": 28, "%": 0.03888888888888889}, "7": {"num": 7, "%": 0.009722222222222222}, "8": {"num": 12, "%": 0.016666666666666666},