{"0": {"num": 43, "community_belong": {"0": {"num": 1, "%": 0.023255813953488372}, "1": {"num": 3, "%": 0.06976744186046512}, "2": {"num": 2, "%": 0.046511627906976744}, "3": {"num": 2, "%": 0.046511627906976744}, "11": {"num": 2, "%": 0.046511627906976744}, "14": {"num": 1, "%": 0.023255813953488372}}}, "1": {"num": 41, "community_belong": {"0": {"num": 2, "%": 0.04878048780487805}, "1": {"num": 3, "%": 0.07317073170731707}, "2": {"num": 2, "%": 0.04878048780487805}, "3": {"num": 2, "%": 0.04878048780487805}, "6": {"num": 2, "%": 0.04878048780487805}, "8": {"num": 1, "%": 0.024390243902439025}, "11": {"num": 1, "%": 0.024390243902439025}, "14": {"num": 1, "%": 0.024390243902439025}, "15": {"num": 1, "%": 0.024390243902439025}}}, "2": {"num": 33, "community_belong": {"0": {"num": 1, "%": 0.030303030303030304}, "1": {"num": 2, "%": 0.06060606060606061}, "2": {"num": 2, "%": 0.06060606060606061}, "4": {"num": 1, "%": 0.030303030303030304}, "8": {"num": 1, "%": 0.030303030303030304}, "17": {"num": 1, "%": 0.030303030303030304}}}, "3": {"num": 29, "community_belong": {"1": {"num": 1, "%": 0.034482758620689655}, "2": {"num": 4, "%": 0.13793103448275862}, "4": {"num": 1, "%": 0.034482758620689655}, "6": {"num": 1, "%": 0.034482758620689655}, "11": {"num": 1, "%": 0.034482758620689655}, "14": {"num": 2, "%": 0.06896551724137931}, "18": {"num": 1, "%": 0.034482758620689655}, "22": {"num": 1, "%": 0.034482758620689655}, "23": {"num": 1, "%": 0.034482758620689655}, "24": {"num": 2, "%": 0.06896551724137931}}}, "4": {"num": 44, "community_belong": {"0": {"num": 2, "%": 0.045454545454545456}, "1": {"num": 5, "%": 0.11363636363636363}, "2": {"num": 1, "%": 0.022727272727272728}, "3": {"num": 2, "%": 0.045454545454545456}, "4": {"num": 1, "%": 0.022727272727272728}, "11": {"num": 1, "%": 0.022727272727272728}, "18": {"num": 1, "%": 0.022727272727272728}, "21": {"num": 1, "%": 0.022727272727272728}, "22": {"num": 2, "%": 0.045454545454545456}, "24": {"num": 1, "%": 0.022727272727272728}, "29": {"num": 2, "%": 0.045454545454545456}}}, "5": {"num": 27, "community_belong": {"0": {"num": 3, "%": 0.1111111111111111}, "1": {"num": 3, "%": 0.1111111111111111}, "2": {"num": 1, "%": 0.037037037037037035}, "15": {"num": 1, "%": 0.037037037037037035}, "17": {"num": 1, "%": 0.037037037037037035}, "29": {"num": 1, "%": 0.037037037037037035}}}, "6": {"num": 42, "community_belong": {"0": {"num": 2, "%": 0.047619047619047616}, "1": {"num": 2, "%": 0.047619047619047616}, "3": {"num": 1, "%": 0.023809523809523808}, "6": {"num": 2, "%": 0.047619047619047616}, "7": {"num": 1, "%": 0.023809523809523808}, "8": {"num": 3, "%": 0.07142857142857142}, "11": {"num": 1, "%": 0.023809523809523808}, "12": {"num": 1, "%": 0.023809523809523808}, "16": {"num": 1, "%": 0.023809523809523808}, "17": {"num": 1, "%": 0.023809523809523808}}}, "7": {"num": 32, "community_belong": {"1": {"num": 1, "%": 0.03125}, "4": {"num": 3, "%": 0.09375}, "6": {"num": 2, "%": 0.0625}, "18": {"num": 1, "%": 0.03125}, "22": {"num": 1, "%": 0.03125}}}, "8": {"num": 48, "community_belong": {"0": {"num": 3, "%": 0.0625}, "1": {"num": 5, "%": 0.10416666666666667}, "3": {"num": 1, "%": 0.020833333333333332}, "6": {"num": 1, "%": 0.020833333333333332}, "7": {"num": 2, "%": 0.041666666666666664}, "8": {"num": 1, "%": 0.020833333333333332}, "15": {"num": 2, "%": 0.041666666666666664}, "22": {"num": 2, "%": 0.041666666666666664}, "24": {"num": 1, "%": 0.020833333333333332}}}, "9": {"num": 11, "community_belong": {"1": {"num": 1, "%": 0.09090909090909091}, "2": {"num": 1, "%": 0.09090909090909091}, "3": {"num": 1, "%": 0.09090909090909091}}}, "10": {"num": 28, "community_belong": {"0": {"num": 1, "%": 0.03571428571428571}, "1": {"num": 1, "%": 0.03571428571428571}, "2": {"num": 3, "%": 0.10714285714285714}, "6": {"num": 2, "%": 0.07142857142857142}, "11": {"num": 1, "%": 0.03571428571428571}, "24": {"num": 1, "%": 0.03571428571428571}}}, "11": {"num": 15, "community_belong": {"1": {"num": 3, "%": 0.2}, "6": {"num": 1, "%": 0.06666666666666667}, "10": {"num": 1, "%": 0.06666666666666667}, "11": {"num": 2, "%": 0.13333333333333333}, "14": {"num": 1, "%": 0.06666666666666667}}}, "12": {"num": 25, "community_belong": {"1": {"num": 5, "%": 0.2}, "2": {"num": 1, "%": 0.04}, "7": {"num": 1, "%": 0.04}, "8": {"num": 3, "%": 0.12}, "11": {"num": 2, "%": 0.08}, "29": {"num": 1, "%": 0.04}}}, "13": {"num": 66, "community_belong": {"0": {"num": 3, "%": 0.045454545454545456}, "1": {"num": 2, "%": 0.030303030303030304}, "2": {"num": 3, "%": 0.045454545454545456}, "4": {"num": 2, "%": 0.030303030303030304}, "5": {"num": 2, "%": 0.030303030303030304}, "6": {"num": 2, "%": 0.030303030303030304}, "11": {"num": 2, "%": 0.030303030303030304}, "16": {"num": 1, "%": 0.015151515151515152}, "17": {"num": 1, "%": 0.015151515151515152}, "22": {"num": 1, "%": 0.015151515151515152}, "24": {"num": 2, "%": 0.030303030303030304}, "29": {"num": 1, "%": 0.015151515151515152}}}, "14": {"num": 7, "community_belong": {"1": {"num": 2, "%": 0.2857142857142857}}}, "15": {"num": 17, "community_belong": {"0": {"num": 1, "%": 0.058823529411764705}, "1": {"num": 3, "%": 0.17647058823529413}, "6": {"num": 1, "%": 0.058823529411764705}, "9": {"num": 1, "%": 0.058823529411764705}, "24": {"num": 1, "%": 0.058823529411764705}}}, "16": {"num": 12, "community_belong": {"0": {"num": 1, "%": 0.08333333333333333}, "1": {"num": 4, "%": 0.3333333333333333}, "3": {"num": 1, "%": 0.08333333333333333}, "6": {"num": 1, "%": 0.08333333333333333}, "7": {"num": 1, "%": 0.08333333333333333}, "11": {"num": 1, "%": 0.08333333333333333}, "14": {"num": 1, "%": 0.08333333333333333}}}, "17": {"num": 15, "community_belong": {"1": {"num": 3, "%": 0.2}, "2": {"num": 1, "%": 0.06666666666666667}, "5": {"num": 1, "%": 0.06666666666666667}, "6": {"num": 1, "%": 0.06666666666666667}, "8": {"num": 1, "%": 0.06666666666666667}, "17": {"num": 1, "%": 0.06666666666666667}, "18": {"num": 1, "%": 0.06666666666666667}}}, "18": {"num": 23, "community_belong": {"0": {"num": 1, "%": 0.043478260869565216}, "1": {"num": 4, "%": 0.17391304347826086}, "8": {"num": 1, "%": 0.043478260869565216}, "9": {"num": 1, "%": 0.043478260869565216}, "14": {"num": 1, "%": 0.043478260869565216}}}}