{"0": {"num": 574, "community_belong": {"0": {"num": 13, "%": 0.02264808362369338}, "1": {"num": 36, "%": 0.0627177700348432}, "2": {"num": 23, "%": 0.04006968641114982}, "3": {"num": 7, "%": 0.012195121951219513}, "4": {"num": 14, "%": 0.024390243902439025}, "5": {"num": 4, "%": 0.006968641114982578}, "6": {"num": 27, "%": 0.047038327526132406}, "7": {"num": 5, "%": 0.008710801393728223}, "8": {"num": 9, "%": 0.0156794425087108}, "10": {"num": 2, "%": 0.003484320557491289}, "11": {"num": 11, "%": 0.01916376306620209}, "12": {"num": 1, "%": 0.0017421602787456446}, "13": {"num": 2, "%": 0.003484320557491289}, "14": {"num": 2, "%": 0.003484320557491289}, "15": {"num": 2, "%": 0.003484320557491289}, "16": {"num": 1, "%": 0.0017421602787456446}, "18": {"num": 8, "%": 0.013937282229965157}, "21": {"num": 2, "%": 0.003484320557491289}, "22": {"num": 7, "%": 0.012195121951219513}, "24": {"num": 5, "%": 0.008710801393728223}, "29": {"num": 12, "%": 0.020905923344947737}, "30": {"num": 2, "%": 0.003484320557491289}, "32": {"num": 1, "%": 0.0017421602787456446}}}, "1": {"num": 244, "community_belong": {"0": {"num": 13, "%": 0.05327868852459016}, "1": {"num": 17, "%": 0.06967213114754098}, "2": {"num": 23, "%": 0.0942622950819672}, "3": {"num": 7, "%": 0.028688524590163935}, "4": {"num": 5, "%": 0.020491803278688523}, "6": {"num": 5, "%": 0.020491803278688523}, "7": {"num": 1, "%": 0.004098360655737705}, "8": {"num": 2, "%": 0.00819672131147541}, "9": {"num": 2, "%": 0.00819672131147541}, "11": {"num": 4, "%": 0.01639344262295082}, "12": {"num": 1, "%": 0.004098360655737705}, "14": {"num": 2, "%": 0.00819672131147541}, "17": {"num": 2, "%": 0.00819672131147541}, "18": {"num": 3, "%": 0.012295081967213115}, "19": {"num": 1, "%": 0.004098360655737705}, "21": {"num": 1, "%": 0.004098360655737705}, "22": {"num": 1, "%": 0.004098360655737705}, "23": {"num": 1, "%": 0.004098360655737705}, "24": {"num": 3, "%": 0.012295081967213115}, "29": {"num": 4, "%": 0.01639344262295082}}}, "2": {"num": 91, "community_belong": {"0": {"num": 6, "%": 0.06593406593406594}, "1": {"num": 2, "%": 0.02197802197802198}, "2": {"num": 3, "%": 0.03296703296703297}, "3": {"num": 8, "%": 0.08791208791208792}, "6": {"num": 3, "%": 0.03296703296703297}, "8": {"num": 1, "%": 0.01098901098901099}, "11": {"num": 4, "%": 0.04395604395604396}, "13": {"num": 1, "%": 0.01098901098901099}, "15": {"num": 1, "%": 0.01098901098901099}, "17": {"num": 1, "%": 0.01098901098901099}, "24": {"num": 1, "%": 0.01098901098901099}, "29": {"num": 1, "%": 0.01098901098901099}}}, "3": {"num": 75, "community_belong": {"0": {"num": 2, "%": 0.02666666666666667}, "1": {"num": 5, "%": 0.06666666666666667}, "2": {"num": 11, "%": 0.14666666666666667}, "3": {"num": 1, "%": 0.013333333333333334}, "4": {"num": 1, "%": 0.013333333333333334}, "5": {"num": 1, "%": 0.013333333333333334}, "6": {"num": 4, "%": 0.05333333333333334}, "7": {"num": 1, "%": 0.013333333333333334}, "11": {"num": 5, "%": 0.06666666666666667}, "13": {"num": 1, "%": 0.013333333333333334}, "14": {"num": 2, "%": 0.02666666666666667}, "15": {"num": 1, "%": 0.013333333333333334}, "18": {"num": 2, "%": 0.02666666666666667}, "21": {"num": 2, "%": 0.02666666666666667}, "22": {"num": 1, "%": 0.013333333333333334}, "26": {"num": 1, "%": 0.013333333333333334}, "28": {"num": 2, "%": 0.02666666666666667}, "29": {"num": 2, "%": 0.02666666666666667}}}, "4": {"num": 23, "community_belong": {"0": {"num": 1, "%": 0.043478260869565216}, "1": {"num": 1, "%": 0.043478260869565216}, "2": {"num": 2, "%": 0.08695652173913043}, "6": {"num": 1, "%": 0.043478260869565216}, "11": {"num": 1, "%": 0.043478260869565216}, "14": {"num": 3, "%": 0.13043478260869565}, "22": {"num": 2, "%": 0.08695652173913043}}}, "5": {"num": 162, "community_belong": {"0": {"num": 4, "%": 0.024691358024691357}, "1": {"num": 18, "%": 0.1111111111111111}, "2": {"num": 13, "%": 0.08024691358024691}, "3": {"num": 5, "%": 0.030864197530864196}, "4": {"num": 3, "%": 0.018518518518518517}, "6": {"num": 12, "%": 0.07407407407407407}, "7": {"num": 3, "%": 0.018518518518518517}, "8": {"num": 5, "%": 0.030864197530864196}, "11": {"num": 2, "%": 0.012345679012345678}, "13": {"num": 1, "%": 0.006172839506172839}, "14": {"num": 1, "%": 0.006172839506172839}, "15": {"num": 3, "%": 0.018518518518518517}, "17": {"num": 2, "%": 0.012345679012345678}, "18": {"num": 2, "%": 0.012345679012345678}, "22": {"num": 5, "%": 0.030864197530864196}, "24": {"num": 1, "%": 0.006172839506172839}, "29": {"num": 3, "%": 0.018518518518518517}}}, "6": {"num": 356, "community_belong": {"0": {"num": 7, "%": 0.019662921348314606}, "1": {"num": 40, "%": 0.11235955056179775}, "2": {"num": 19, "%": 0.05337078651685393}, "3": {"num": 14, "%": 0.03932584269662921}, "4": {"num": 4, "%": 0.011235955056179775}, "5": {"num": 6, "%": 0.016853932584269662}, "6": {"num": 13, "%": 0.03651685393258427}, "7": {"num": 2, "%": 0.0056179775280898875}, "8": {"num": 7, "%": 0.019662921348314606}, "9": {"num": 2, "%": 0.0056179775280898875}, "10": {"num": 1, "%": 0.0028089887640449437}, "11": {"num": 4, "%": 0.011235955056179775}, "12": {"num": 2, "%": 0.0056179775280898875}, "13": {"num": 3, "%": 0.008426966292134831}, "14": {"num": 1, "%": 0.0028089887640449437}, "15": {"num": 2, "%": 0.0056179775280898875}, "16": {"num": 1, "%": 0.0028089887640449437}, "17": {"num": 4, "%": 0.011235955056179775}, "18": {"num": 3, "%": 0.008426966292134831}, "21": {"num": 1, "%": 0.0028089887640449437}, "22": {"num": 1, "%": 0.0028089887640449437}, "24": {"num": 5, "%": 0.014044943820224719}, "25": {"num": 1, "%": 0.0028089887640449437}, "29": {"num": 2, "%": 0.0056179775280898875}, "30": {"num": 3, "%": 0.008426966292134831}}}, "7": {"num": 26, "community_belong": {"0": {"num": 1, "%": 0.038461538461538464}, "1": {"num": 9, "%": 0.34615384615384615}, "4": {"num": 2, "%": 0.07692307692307693}, "14": {"num": 1, "%": 0.038461538461538464}, "30": {"num": 1, "%": 0.038461538461538464}}}, "8": {"num": 7, "community_belong": {"1": {"num": 1, "%": 0.14285714285714285}, "6": {"num": 1, "%": 0.14285714285714285}, "9": {"num": 1, "%": 0.14285714285714285}}}, "9": {"num": 54, "community_belong": {"0": {"num": 1, "%": 0.018518518518518517}, "1": {"num": 9, "%": 0.16666666666666666}, "2": {"num": 2, "%": 0.037037037037037035}, "3": {"num": 2, "%": 0.037037037037037035}, "4": {"num": 1, "%": 0.018518518518518517}, "6": {"num": 1, "%": 0.018518518518518517}, "14": {"num": 2, "%": 0.037037037037037035}, "22": {"num": 1, "%": 0.018518518518518517}}}, "10": {"num": 16, "community_belong": {"1": {"num": 1, "%": 0.0625}, "10": {"num": 2, "%": 0.125}}}, "11": {"num": 4, "community_belong": {}}, "12": {"num": 30, "community_belong": {"0": {"num": 1, "%": 0.03333333333333333}, "1": {"num": 2, "%": 0.06666666666666667}, "3": {"num": 1, "%": 0.03333333333333333}, "6": {"num": 1, "%": 0.03333333333333333}, "14": {"num": 1, "%": 0.03333333333333333}, "16": {"num": 1, "%": 0.03333333333333333}, "18": {"num": 1, "%": 0.03333333333333333}, "23": {"num": 1, "%": 0.03333333333333333}}}, "13": {"num": 4, "community_belong": {"4": {"num": 1, "%": 0.25}, "6": {"num": 2, "%": 0.5}}}, "14": {"num": 3, "community_belong": {"11": {"num": 1, "%": 0.3333333333333333}}}, "15": {"num": 7, "community_belong": {"2": {"num": 1, "%": 0.14285714285714285}, "6": {"num": 3, "%": 0.42857142857142855}}}}