{"0": {"num": 266, "community_belong": {"0": {"num": 7, "%": 0.02631578947368421}, "1": {"num": 31, "%": 0.11654135338345864}, "2": {"num": 13, "%": 0.04887218045112782}, "3": {"num": 6, "%": 0.022556390977443608}, "4": {"num": 2, "%": 0.007518796992481203}, "5": {"num": 3, "%": 0.011278195488721804}, "6": {"num": 8, "%": 0.03007518796992481}, "7": {"num": 3, "%": 0.011278195488721804}, "8": {"num": 4, "%": 0.015037593984962405}, "9": {"num": 1, "%": 0.0037593984962406013}, "11": {"num": 4, "%": 0.015037593984962405}, "13": {"num": 1, "%": 0.0037593984962406013}, "14": {"num": 7, "%": 0.02631578947368421}, "15": {"num": 2, "%": 0.007518796992481203}, "17": {"num": 1, "%": 0.0037593984962406013}, "18": {"num": 3, "%": 0.011278195488721804}, "21": {"num": 1, "%": 0.0037593984962406013}, "22": {"num": 3, "%": 0.011278195488721804}, "24": {"num": 5, "%": 0.018796992481203006}, "29": {"num": 2, "%": 0.007518796992481203}, "30": {"num": 2, "%": 0.007518796992481203}, "32": {"num": 1, "%": 0.0037593984962406013}}}, "1": {"num": 61, "community_belong": {"0": {"num": 2, "%": 0.03278688524590164}, "1": {"num": 6, "%": 0.09836065573770492}, "2": {"num": 3, "%": 0.04918032786885246}, "3": {"num": 1, "%": 0.01639344262295082}, "4": {"num": 1, "%": 0.01639344262295082}, "5": {"num": 2, "%": 0.03278688524590164}, "6": {"num": 3, "%": 0.04918032786885246}, "7": {"num": 2, "%": 0.03278688524590164}, "8": {"num": 1, "%": 0.01639344262295082}, "13": {"num": 1, "%": 0.01639344262295082}, "18": {"num": 2, "%": 0.03278688524590164}, "21": {"num": 1, "%": 0.01639344262295082}, "22": {"num": 1, "%": 0.01639344262295082}, "26": {"num": 1, "%": 0.01639344262295082}}}, "2": {"num": 60, "community_belong": {"1": {"num": 5, "%": 0.08333333333333333}, "2": {"num": 3, "%": 0.05}, "4": {"num": 3, "%": 0.05}, "5": {"num": 1, "%": 0.016666666666666666}, "6": {"num": 2, "%": 0.03333333333333333}, "7": {"num": 1, "%": 0.016666666666666666}, "8": {"num": 1, "%": 0.016666666666666666}, "11": {"num": 1, "%": 0.016666666666666666}, "14": {"num": 1, "%": 0.016666666666666666}, "15": {"num": 3, "%": 0.05}, "17": {"num": 2, "%": 0.03333333333333333}, "18": {"num": 2, "%": 0.03333333333333333}, "22": {"num": 4, "%": 0.06666666666666667}, "23": {"num": 1, "%": 0.016666666666666666}, "28": {"num": 1, "%": 0.016666666666666666}, "29": {"num": 2, "%": 0.03333333333333333}}}, "3": {"num": 21, "community_belong": {"1": {"num": 2, "%": 0.09523809523809523}, "2": {"num": 1, "%": 0.047619047619047616}, "5": {"num": 1, "%": 0.047619047619047616}, "7": {"num": 1, "%": 0.047619047619047616}, "10": {"num": 1, "%": 0.047619047619047616}, "29": {"num": 1, "%": 0.047619047619047616}}}, "4": {"num": 81, "community_belong": {"0": {"num": 4, "%": 0.04938271604938271}, "1": {"num": 1, "%": 0.012345679012345678}, "2": {"num": 7, "%": 0.08641975308641975}, "3": {"num": 1, "%": 0.012345679012345678}, "5": {"num": 1, "%": 0.012345679012345678}, "6": {"num": 3, "%": 0.037037037037037035}, "7": {"num": 4, "%": 0.04938271604938271}, "8": {"num": 1, "%": 0.012345679012345678}, "9": {"num": 1, "%": 0.012345679012345678}, "11": {"num": 1, "%": 0.012345679012345678}, "13": {"num": 1, "%": 0.012345679012345678}, "18": {"num": 5, "%": 0.06172839506172839}, "22": {"num": 1, "%": 0.012345679012345678}, "24": {"num": 1, "%": 0.012345679012345678}, "29": {"num": 3, "%": 0.037037037037037035}}}, "5": {"num": 44, "community_belong": {"1": {"num": 6, "%": 0.13636363636363635}, "2": {"num": 2, "%": 0.045454545454545456}, "4": {"num": 3, "%": 0.06818181818181818}, "5": {"num": 1, "%": 0.022727272727272728}, "6": {"num": 2, "%": 0.045454545454545456}, "7": {"num": 3, "%": 0.06818181818181818}, "8": {"num": 1, "%": 0.022727272727272728}, "9": {"num": 2, "%": 0.045454545454545456}, "17": {"num": 1, "%": 0.022727272727272728}, "24": {"num": 1, "%": 0.022727272727272728}, "30": {"num": 1, "%": 0.022727272727272728}}}, "6": {"num": 150, "community_belong": {"0": {"num": 1, "%": 0.006666666666666667}, "1": {"num": 16, "%": 0.10666666666666667}, "2": {"num": 1, "%": 0.006666666666666667}, "3": {"num": 2, "%": 0.013333333333333334}, "4": {"num": 5, "%": 0.03333333333333333}, "6": {"num": 8, "%": 0.05333333333333334}, "7": {"num": 1, "%": 0.006666666666666667}, "8": {"num": 2, "%": 0.013333333333333334}, "10": {"num": 1, "%": 0.006666666666666667}, "11": {"num": 2, "%": 0.013333333333333334}, "14": {"num": 1, "%": 0.006666666666666667}, "15": {"num": 1, "%": 0.006666666666666667}, "17": {"num": 1, "%": 0.006666666666666667}, "18": {"num": 1, "%": 0.006666666666666667}, "24": {"num": 1, "%": 0.006666666666666667}, "28": {"num": 1, "%": 0.006666666666666667}}}, "7": {"num": 57, "community_belong": {"1": {"num": 5, "%": 0.08771929824561403}, "2": {"num": 4, "%": 0.07017543859649122}, "3": {"num": 1, "%": 0.017543859649122806}, "4": {"num": 1, "%": 0.017543859649122806}, "6": {"num": 2, "%": 0.03508771929824561}, "7": {"num": 1, "%": 0.017543859649122806}, "8": {"num": 2, "%": 0.03508771929824561}, "9": {"num": 1, "%": 0.017543859649122806}, "11": {"num": 1, "%": 0.017543859649122806}, "14": {"num": 2, "%": 0.03508771929824561}, "18": {"num": 1, "%": 0.017543859649122806}, "23": {"num": 1, "%": 0.017543859649122806}}}, "8": {"num": 29, "community_belong": {"0": {"num": 1, "%": 0.034482758620689655}, "1": {"num": 3, "%": 0.10344827586206896}, "3": {"num": 1, "%": 0.034482758620689655}, "4": {"num": 1, "%": 0.034482758620689655}, "6": {"num": 1, "%": 0.034482758620689655}, "7": {"num": 2, "%": 0.06896551724137931}, "9": {"num": 1, "%": 0.034482758620689655}, "14": {"num": 1, "%": 0.034482758620689655}, "21": {"num": 1, "%": 0.034482758620689655}, "29": {"num": 2, "%": 0.06896551724137931}}}, "9": {"num": 234, "community_belong": {"0": {"num": 6, "%": 0.02564102564102564}, "1": {"num": 11, "%": 0.04700854700854701}, "2": {"num": 16, "%": 0.06837606837606838}, "3": {"num": 5, "%": 0.021367521367521368}, "4": {"num": 4, "%": 0.017094017094017096}, "5": {"num": 2, "%": 0.008547008547008548}, "6": {"num": 12, "%": 0.05128205128205128}, "7": {"num": 2, "%": 0.008547008547008548}, "8": {"num": 1, "%": 0.004273504273504274}, "10": {"num": 1, "%": 0.004273504273504274}, "11": {"num": 3, "%": 0.01282051282051282}, "12": {"num": 2, "%": 0.008547008547008548}, "15": {"num": 1, "%": 0.004273504273504274}, "18": {"num": 1, "%": 0.004273504273504274}, "22": {"num": 3, "%": 0.01282051282051282}, "23": {"num": 1, "%": 0.004273504273504274}, "24": {"num": 1, "%": 0.004273504273504274}, "26": {"num": 1, "%": 0.004273504273504274}, "29": {"num": 5, "%": 0.021367521367521368}, "30": {"num": 1, "%": 0.004273504273504274}}}, "10": {"num": 26, "community_belong": {"1": {"num": 4, "%": 0.15384615384615385}, "2": {"num": 3, "%": 0.11538461538461539}, "16": {"num": 1, "%": 0.038461538461538464}, "18": {"num": 2, "%": 0.07692307692307693}, "28": {"num": 1, "%": 0.038461538461538464}}}, "11": {"num": 111, "community_belong": {"0": {"num": 2, "%": 0.018018018018018018}, "1": {"num": 7, "%": 0.06306306306306306}, "2": {"num": 5, "%": 0.04504504504504504}, "3": {"num": 2, "%": 0.018018018018018018}, "4": {"num": 2, "%": 0.018018018018018018}, "8": {"num": 2, "%": 0.018018018018018018}, "9": {"num": 1, "%": 0.009009009009009009}, "10": {"num": 1, "%": 0.009009009009009009}, "11": {"num": 1, "%": 0.009009009009009009}, "17": {"num": 1, "%": 0.009009009009009009}, "24": {"num": 2, "%": 0.018018018018018018}, "28": {"num": 2, "%": 0.018018018018018018}, "29": {"num": 4, "%": 0.036036036036036036}}}, "12": {"num": 55, "community_belong": {"0": {"num": 4, "%": 0.07272727272727272}, "1": {"num": 5, "%": 0.09090909090909091}, "3": {"num": 2, "%": 0.03636363636363636}, "4": {"num": 1, "%": 0.01818181818181818}, "6": {"num": 2, "%": 0.03636363636363636}, "25": {"num": 1, "%": 0.01818181818181818}}}, "13": {"num": 20, "community_belong": {"2": {"num": 7, "%": 0.35}, "6": {"num": 1, "%": 0.05}, "15": {"num": 1, "%": 0.05}, "24": {"num": 1, "%": 0.05}}}, "14": {"num": 57,