{"0": {"num": 335, "community_belong": {"0": {"num": 6, "%": 0.01791044776119403}, "1": {"num": 223, "%": 0.6656716417910448}, "2": {"num": 2, "%": 0.005970149253731343}, "4": {"num": 9, "%": 0.026865671641791045}, "6": {"num": 10, "%": 0.029850746268656716}, "7": {"num": 1, "%": 0.0029850746268656717}, "8": {"num": 38, "%": 0.11343283582089553}, "9": {"num": 1, "%": 0.0029850746268656717}, "10": {"num": 1, "%": 0.0029850746268656717}, "11": {"num": 11, "%": 0.03283582089552239}, "13": {"num": 8, "%": 0.023880597014925373}, "14": {"num": 10, "%": 0.029850746268656716}, "16": {"num": 1, "%": 0.0029850746268656717}, "17": {"num": 4, "%": 0.011940298507462687}, "18": {"num": 4, "%": 0.011940298507462687}, "19": {"num": 2, "%": 0.005970149253731343}, "21": {"num": 1, "%": 0.0029850746268656717}, "22": {"num": 1, "%": 0.0029850746268656717}, "28": {"num": 1, "%": 0.0029850746268656717}, "33": {"num": 1, "%": 0.0029850746268656717}}}, "1": {"num": 122, "community_belong": {"0": {"num": 11, "%": 0.09016393442622951}, "1": {"num": 78, "%": 0.639344262295082}, "2": {"num": 3, "%": 0.02459016393442623}, "4": {"num": 6, "%": 0.04918032786885246}, "8": {"num": 3, "%": 0.02459016393442623}, "13": {"num": 2, "%": 0.01639344262295082}, "14": {"num": 5, "%": 0.040983606557377046}, "16": {"num": 10, "%": 0.08196721311475409}, "17": {"num": 4, "%": 0.03278688524590164}}}, "2": {"num": 360, "community_belong": {"0": {"num": 16, "%": 0.044444444444444446}, "1": {"num": 275, "%": 0.7638888888888888}, "2": {"num": 7, "%": 0.019444444444444445}, "3": {"num": 5, "%": 0.013888888888888888}, "4": {"num": 4, "%": 0.011111111111111112}, "8": {"num": 17, "%": 0.04722222222222222}, "10": {"num": 7, "%": 0.019444444444444445}, "11": {"num": 2, "%": 0.005555555555555556}, "13": {"num": 7, "%": 0.019444444444444445}, "14": {"num": 9, "%": 0.025}, "16": {"num": 6, "%": 0.016666666666666666}, "17": {"num": 3, "%": 0.008333333333333333}, "25": {"num": 2, "%": 0.005555555555555556}}}, "3": {"num": 686, "community_belong": {"0": {"num": 23, "%": 0.033527696793002916}, "1": {"num": 469, "%": 0.6836734693877551}, "2": {"num": 11, "%": 0.016034985422740525}, "3": {"num": 6, "%": 0.008746355685131196}, "4": {"num": 8, "%": 0.011661807580174927}, "5": {"num": 3, "%": 0.004373177842565598}, "6": {"num": 14, "%": 0.02040816326530612}, "7": {"num": 6, "%": 0.008746355685131196}, "8": {"num": 35, "%": 0.05102040816326531}, "9": {"num": 1, "%": 0.0014577259475218659}, "10": {"num": 7, "%": 0.01020408163265306}, "11": {"num": 29, "%": 0.04227405247813411}, "13": {"num": 11, "%": 0.016034985422740525}, "14": {"num": 21, "%": 0.030612244897959183}, "16": {"num": 17, "%": 0.02478134110787172}, "17": {"num": 12, "%": 0.01749271137026239}, "18": {"num": 2, "%": 0.0029154518950437317}, "19": {"num": 1, "%": 0.0014577259475218659}, "20": {"num": 1, "%": 0.0014577259475218659}, "21": {"num": 1, "%": 0.0014577259475218659}, "28": {"num": 4, "%": 0.0058309037900874635}, "29": {"num": 3, "%": 0.004373177842565598}, "31": {"num": 1, "%": 0.0014577259475218659}}}, "4": {"num": 315, "community_belong": {"0": {"num": 22, "%": 0.06984126984126984}, "1": {"num": 72, "%": 0.22857142857142856}, "2": {"num": 38, "%": 0.12063492063492064}, "3": {"num": 14, "%": 0.044444444444444446}, "4": {"num": 24, "%": 0.0761904761904762}, "5": {"num": 1, "%": 0.0031746031746031746}, "6": {"num": 19, "%": 0.06031746031746032}, "7": {"num": 1, "%": 0.0031746031746031746}, "8": {"num": 27, "%": 0.08571428571428572}, "10": {"num": 3, "%": 0.009523809523809525}, "11": {"num": 2, "%": 0.006349206349206349}, "13": {"num": 8, "%": 0.025396825396825397}, "14": {"num": 70, "%": 0.2222222222222222}, "16": {"num": 5, "%": 0.015873015873015872}, "17": {"num": 2, "%": 0.006349206349206349}, "19": {"num": 3, "%": 0.009523809523809525}, "24": {"num": 1, "%": 0.0031746031746031746}, "25": {"num": 1, "%": 0.0031746031746031746}, "28": {"num": 1, "%": 0.0031746031746031746}, "29": {"num": 1, "%": 0.0031746031746031746}}}, "5": {"num": 180, "community_belong": {"0": {"num": 9, "%": 0.05}, "1": {"num": 20, "%": 0.1111111111111111}, "2": {"num": 15, "%": 0.08333333333333333}, "4": {"num": 93, "%": 0.5166666666666667}, "6": {"num": 3, "%": 0.016666666666666666}, "7": {"num": 2, "%": 0.011111111111111112}, "8": {"num": 6, "%": 0.03333333333333333}, "10": {"num": 1, "%": 0.005555555555555556}, "11": {"num": 6, "%": 0.03333333333333333}, "13": {"num": 1, "%": 0.005555555555555556}, "14": {"num": 1, "%": 0.005555555555555556}, "15": {"num": 1, "%": 0.005555555555555556}, "16": {"num": 7, "%": 0.03888888888888889}, "17": {"num": 12, "%": 0.06666666666666667}, "24": {"num": 3, "%": 0.016666666666666666}}}, "6": {"num": 489, "community_belong": {"0": {"num": 4, "%": 0.0081799591002045}, "1": {"num": 5, "%": 0.010224948875255624}, "2": {"num": 367, "%": 0.7505112474437627}, "4": {"num": 2, "%": 0.00408997955010225}, "6": {"num": 4, "%": 0.0081799591002045}, "8": {"num": 1, "%": 0.002044989775051125}, "9": {"num": 9, "%": 0.018404907975460124}, "10": {"num": 1, "%": 0.002044989775051125}, "11": {"num": 4, "%": 0.0081799591002045}, "12": {"num": 8, "%": 0.016359918200409}, "15": {"num": 24, "%": 0.049079754601226995}, "18": {"num": 9, "%": 0.018404907975460124}, "21": {"num": 17, "%": 0.034764826175869123}, "22": {"num": 1, "%": 0.002044989775051125}, "23": {"num": 3, "%": 0.006134969325153374}, "24": {"num": 23, "%": 0.04703476482617587}, "26": {"num": 2, "%": 0.00408997955010225}, "27": {"num": 1, "%": 0.002044989775051125}, "28": {"num": 1, "%": 0.002044989775051125}, "29": {"num": 2, "%": 0.00408997955010225}, "32": {"num": 1, "%": 0.002044989775051125}}}, "7": {"num": 384, "community_belong": {"0": {"num": 6, "%": 0.015625}, "1": {"num": 299, "%": 0.7786458333333334}, "2": {"num": 3, "%": 0.0078125}, "3": {"num": 7, "%": 0.018229166666666668}, "4": {"num": 3, "%": 0.0078125}, "5": {"num": 1, "%": 0.0026041666666666665}, "6": {"num": 2, "%": 0.005208333333333333}, "7": {"num": 4, "%": 0.010416666666666666}, "8": {"num": 19, "%": 0.049479166666666664}, "10": {"num": 1, "%": 0.0026041666666666665}, "11": {"num": 2, "%": 0.005208333333333333}, "13": {"num": 1, "%": 0.0026041666666666665}, "14": {"num": 10, "%": 0.026041666666666668}, "16": {"num": 11, "%": 0.028645833333333332}, "17": {"num": 6, "%": 0.015625}, "18": {"num": 2, "%": 0.005208333333333333}, "20": {"num": 1, "%": 0.0026041666666666665}, "25": {"num": 5, "%": 0.013020833333333334}, "33": {"num": 1, "%": 0.0026041666666666665}}}, "8": {"num": 67, "community_belong": {"0": {"num": 2, "%": 0.029850746268656716}, "1": {"num": 4, "%": 0.05970149253731343}, "2": {"num": 2, "%": 0.029850746268656716}, "4": {"num": 1, "%": 0.014925373134328358}, "5": {"num": 12, "%": 0.1791044776119403}, "6": {"num": 4, "%": 0.05970149253731343}, "14": {"num": 11, "%": 0.16417910447761194}, "17": {"num": 31, "%": 0.4626865671641791}}}, "9": {"num": 137, "community_belong": {"0": {"num": 2, "%": 0.014598540145985401}, "1": {"num": 97, "%": 0.708029197080292}, "2": {"num": 6, "%": 0.043795620437956206}, "4": {"num": 7, "%": 0.051094890510948905}, "6": {"num": 1, "%": 0.0072992700729927005}, "7": {"num": 11, "%": 0.08029197080291971}, "8": {"num": 1, "%": 0.0072992700729927005}, "9": {"num": 2, "%": 0.014598540145985401}, "11": {"num": 4, "%": 0.029197080291970802}, "15": {"num": 1, "%": 0.0072992700729927005}, "17": {"num": 1, "%": 0.0072992700729927005}, "23": {"num": 3, "%": 0.021897810218978103}, "24": {"num": 1, "%": 0.0072992700729927005}}}, "10": {"num": 39, "community_belong": {"0": {"num": 2, "%": 0.05128205128205128}, "2": {"num": 1, "%": 0.02564102564102564}, "11": {"num": 36, "%": 0.9230769230769231}}}, "11": {"num": 116, "community_belong": {"0": {"num": 1, "%": 0.008620689655172414}, "3": {"num": 1, "%": 0.008620689655172414}, "4": {"num": 51, "%": 0.4396551724137931}, "6": {"num": 56, "%": 0.4827586206896552}, "7": {"num": 1, "%": 0.008620689655172414}, "8": {"num": 2, "%": 0.017241379310344827},