{"0": {"num": 1217, "community_belong": {"0": {"num": 32, "%": 0.02629416598192276}, "1": {"num": 80, "%": 0.0657354149548069}, "2": {"num": 58, "%": 0.047658175842235}, "3": {"num": 20, "%": 0.016433853738701727}, "4": {"num": 25, "%": 0.020542317173377157}, "5": {"num": 3, "%": 0.0024650780608052587}, "6": {"num": 39, "%": 0.03204601479046836}, "7": {"num": 9, "%": 0.007395234182415777}, "8": {"num": 6, "%": 0.0049301561216105174}, "9": {"num": 4, "%": 0.003286770747740345}, "10": {"num": 7, "%": 0.005751848808545604}, "11": {"num": 18, "%": 0.014790468364831553}, "12": {"num": 2, "%": 0.0016433853738701725}, "13": {"num": 5, "%": 0.004108463434675432}, "14": {"num": 9, "%": 0.007395234182415777}, "15": {"num": 11, "%": 0.009038619556285949}, "16": {"num": 5, "%": 0.004108463434675432}, "17": {"num": 4, "%": 0.003286770747740345}, "18": {"num": 10, "%": 0.008216926869350863}, "20": {"num": 1, "%": 0.0008216926869350862}, "21": {"num": 3, "%": 0.0024650780608052587}, "22": {"num": 16, "%": 0.01314708299096138}, "23": {"num": 1, "%": 0.0008216926869350862}, "24": {"num": 12, "%": 0.009860312243221035}, "25": {"num": 1, "%": 0.0008216926869350862}, "26": {"num": 1, "%": 0.0008216926869350862}, "28": {"num": 3, "%": 0.0024650780608052587}, "29": {"num": 19, "%": 0.015612161051766639}, "30": {"num": 2, "%": 0.0016433853738701725}, "32": {"num": 2, "%": 0.0016433853738701725}}}, "1": {"num": 549, "community_belong": {"0": {"num": 16, "%": 0.029143897996357013}, "1": {"num": 66, "%": 0.12021857923497267}, "2": {"num": 26, "%": 0.04735883424408015}, "3": {"num": 11, "%": 0.020036429872495445}, "4": {"num": 8, "%": 0.014571948998178506}, "5": {"num": 8, "%": 0.014571948998178506}, "6": {"num": 15, "%": 0.0273224043715847}, "7": {"num": 7, "%": 0.012750455373406194}, "8": {"num": 9, "%": 0.01639344262295082}, "9": {"num": 2, "%": 0.0036429872495446266}, "10": {"num": 1, "%": 0.0018214936247723133}, "11": {"num": 9, "%": 0.01639344262295082}, "13": {"num": 3, "%": 0.00546448087431694}, "14": {"num": 4, "%": 0.007285974499089253}, "15": {"num": 5, "%": 0.009107468123861567}, "16": {"num": 3, "%": 0.00546448087431694}, "17": {"num": 7, "%": 0.012750455373406194}, "18": {"num": 4, "%": 0.007285974499089253}, "19": {"num": 1, "%": 0.0018214936247723133}, "21": {"num": 2, "%": 0.0036429872495446266}, "22": {"num": 7, "%": 0.012750455373406194}, "24": {"num": 5, "%": 0.009107468123861567}, "25": {"num": 1, "%": 0.0018214936247723133}, "28": {"num": 2, "%": 0.0036429872495446266}, "29": {"num": 3, "%": 0.00546448087431694}, "30": {"num": 3, "%": 0.00546448087431694}, "32": {"num": 1, "%": 0.0018214936247723133}}}, "2": {"num": 65, "community_belong": {"1": {"num": 6, "%": 0.09230769230769231}, "2": {"num": 2, "%": 0.03076923076923077}, "3": {"num": 3, "%": 0.046153846153846156}, "6": {"num": 2, "%": 0.03076923076923077}, "7": {"num": 1, "%": 0.015384615384615385}, "8": {"num": 1, "%": 0.015384615384615385}, "10": {"num": 1, "%": 0.015384615384615385}, "11": {"num": 3, "%": 0.046153846153846156}, "13": {"num": 1, "%": 0.015384615384615385}, "22": {"num": 1, "%": 0.015384615384615385}, "24": {"num": 1, "%": 0.015384615384615385}, "25": {"num": 1, "%": 0.015384615384615385}, "29": {"num": 1, "%": 0.015384615384615385}}}, "3": {"num": 103, "community_belong": {"0": {"num": 1, "%": 0.009708737864077669}, "1": {"num": 8, "%": 0.07766990291262135}, "2": {"num": 5, "%": 0.04854368932038835}, "3": {"num": 2, "%": 0.019417475728155338}, "6": {"num": 3, "%": 0.02912621359223301}, "7": {"num": 2, "%": 0.019417475728155338}, "8": {"num": 4, "%": 0.038834951456310676}, "9": {"num": 1, "%": 0.009708737864077669}, "10": {"num": 1, "%": 0.009708737864077669}, "11": {"num": 3, "%": 0.02912621359223301}, "14": {"num": 1, "%": 0.009708737864077669}, "15": {"num": 1, "%": 0.009708737864077669}, "21": {"num": 1, "%": 0.009708737864077669}, "22": {"num": 3, "%": 0.02912621359223301}, "23": {"num": 1, "%": 0.009708737864077669}, "24": {"num": 1, "%": 0.009708737864077669}, "29": {"num": 1, "%": 0.009708737864077669}}}, "4": {"num": 385, "community_belong": {"0": {"num": 12, "%": 0.03116883116883117}, "1": {"num": 52, "%": 0.13506493506493505}, "2": {"num": 16, "%": 0.04155844155844156}, "3": {"num": 10, "%": 0.025974025974025976}, "4": {"num": 7, "%": 0.01818181818181818}, "5": {"num": 2, "%": 0.005194805194805195}, "6": {"num": 18, "%": 0.046753246753246755}, "7": {"num": 4, "%": 0.01038961038961039}, "8": {"num": 9, "%": 0.023376623376623377}, "9": {"num": 2, "%": 0.005194805194805195}, "11": {"num": 8, "%": 0.02077922077922078}, "12": {"num": 1, "%": 0.0025974025974025974}, "14": {"num": 4, "%": 0.01038961038961039}, "16": {"num": 2, "%": 0.005194805194805195}, "17": {"num": 1, "%": 0.0025974025974025974}, "18": {"num": 2, "%": 0.005194805194805195}, "22": {"num": 15, "%": 0.03896103896103896}, "23": {"num": 1, "%": 0.0025974025974025974}, "24": {"num": 4, "%": 0.01038961038961039}, "25": {"num": 1, "%": 0.0025974025974025974}, "29": {"num": 2, "%": 0.005194805194805195}, "30": {"num": 2, "%": 0.005194805194805195}, "32": {"num": 1, "%": 0.0025974025974025974}}}, "5": {"num": 148, "community_belong": {"0": {"num": 3, "%": 0.02027027027027027}, "1": {"num": 9, "%": 0.060810810810810814}, "2": {"num": 11, "%": 0.07432432432432433}, "4": {"num": 9, "%": 0.060810810810810814}, "5": {"num": 3, "%": 0.02027027027027027}, "6": {"num": 3, "%": 0.02027027027027027}, "7": {"num": 2, "%": 0.013513513513513514}, "8": {"num": 3, "%": 0.02027027027027027}, "11": {"num": 1, "%": 0.006756756756756757}, "14": {"num": 2, "%": 0.013513513513513514}, "17": {"num": 1, "%": 0.006756756756756757}, "18": {"num": 5, "%": 0.033783783783783786}, "22": {"num": 5, "%": 0.033783783783783786}, "23": {"num": 1, "%": 0.006756756756756757}, "24": {"num": 1, "%": 0.006756756756756757}, "29": {"num": 5, "%": 0.033783783783783786}, "32": {"num": 1, "%": 0.006756756756756757}}}, "6": {"num": 276, "community_belong": {"0": {"num": 6, "%": 0.021739130434782608}, "1": {"num": 21, "%": 0.07608695652173914}, "2": {"num": 17, "%": 0.06159420289855073}, "3": {"num": 7, "%": 0.025362318840579712}, "4": {"num": 7, "%": 0.025362318840579712}, "5": {"num": 1, "%": 0.0036231884057971015}, "6": {"num": 14, "%": 0.050724637681159424}, "7": {"num": 2, "%": 0.007246376811594203}, "8": {"num": 4, "%": 0.014492753623188406}, "9": {"num": 2, "%": 0.007246376811594203}, "11": {"num": 4, "%": 0.014492753623188406}, "13": {"num": 2, "%": 0.007246376811594203}, "14": {"num": 4, "%": 0.014492753623188406}, "15": {"num": 9, "%": 0.03260869565217391}, "16": {"num": 2, "%": 0.007246376811594203}, "17": {"num": 2, "%": 0.007246376811594203}, "18": {"num": 4, "%": 0.014492753623188406}, "22": {"num": 11, "%": 0.03985507246376811}, "23": {"num": 1, "%": 0.0036231884057971015}, "24": {"num": 4, "%": 0.014492753623188406}, "29": {"num": 4, "%": 0.014492753623188406}}}, "7": {"num": 275, "community_belong": {"0": {"num": 8, "%": 0.02909090909090909}, "1": {"num": 32, "%": 0.11636363636363636}, "2": {"num": 20, "%": 0.07272727272727272}, "3": {"num": 1, "%": 0.0036363636363636364}, "4": {"num": 1, "%": 0.0036363636363636364}, "5": {"num": 2, "%": 0.007272727272727273}, "6": {"num": 12, "%": 0.04363636363636364}, "7": {"num": 2, "%": 0.007272727272727273}, "8": {"num": 8, "%": 0.02909090909090909}, "9": {"num": 1, "%": 0.0036363636363636364}, "10": {"num": 2, "%": 0.007272727272727273}, "11": {"num": 8, "%": 0.02909090909090909}, "12": {"num": 1, "%": 0.0036363636363636364}, "14": {"num": 2, "%": 0.007272727272727273}, "15": {"num": 3, "%": 0.01090909090909091}, "16": {"num": 2, "%": 0.007272727272727273}, "17": {"num": 1, "%": 0.0036363636363636364}, "18": {"num": 9, "%": 0.03272727272727273}, "21": {"num": 3, "%": 0.01090909090909091}, "22": {"num": 4, "%": 0.014545454545454545}, "24": {"num": 2, "%": 0.007272727272727273}, "29": {"num": 4, "%": 0.014545454545454545}}}, "8": {"num": 85, "community_belong": {"0": {"num": 3, "%": 0.03529411764705882},