{"0": {"num": 1098, "community_belong": {"0": {"num": 29, "%": 0.026411657559198543}, "1": {"num": 81, "%": 0.07377049180327869}, "2": {"num": 51, "%": 0.04644808743169399}, "3": {"num": 24, "%": 0.02185792349726776}, "4": {"num": 27, "%": 0.02459016393442623}, "5": {"num": 7, "%": 0.006375227686703097}, "6": {"num": 49, "%": 0.044626593806921674}, "7": {"num": 9, "%": 0.00819672131147541}, "8": {"num": 7, "%": 0.006375227686703097}, "9": {"num": 7, "%": 0.006375227686703097}, "10": {"num": 5, "%": 0.004553734061930784}, "11": {"num": 20, "%": 0.018214936247723135}, "12": {"num": 2, "%": 0.0018214936247723133}, "14": {"num": 6, "%": 0.00546448087431694}, "15": {"num": 2, "%": 0.0018214936247723133}, "16": {"num": 4, "%": 0.0036429872495446266}, "17": {"num": 4, "%": 0.0036429872495446266}, "18": {"num": 11, "%": 0.010018214936247723}, "19": {"num": 1, "%": 0.0009107468123861566}, "21": {"num": 3, "%": 0.00273224043715847}, "22": {"num": 13, "%": 0.011839708561020037}, "24": {"num": 9, "%": 0.00819672131147541}, "25": {"num": 1, "%": 0.0009107468123861566}, "26": {"num": 1, "%": 0.0009107468123861566}, "28": {"num": 2, "%": 0.0018214936247723133}, "29": {"num": 13, "%": 0.011839708561020037}, "32": {"num": 2, "%": 0.0018214936247723133}}}, "1": {"num": 438, "community_belong": {"0": {"num": 20, "%": 0.045662100456621}, "1": {"num": 32, "%": 0.0730593607305936}, "2": {"num": 35, "%": 0.07990867579908675}, "3": {"num": 8, "%": 0.0182648401826484}, "4": {"num": 7, "%": 0.01598173515981735}, "5": {"num": 1, "%": 0.00228310502283105}, "6": {"num": 8, "%": 0.0182648401826484}, "7": {"num": 6, "%": 0.0136986301369863}, "8": {"num": 3, "%": 0.00684931506849315}, "9": {"num": 4, "%": 0.0091324200913242}, "10": {"num": 1, "%": 0.00228310502283105}, "11": {"num": 8, "%": 0.0182648401826484}, "13": {"num": 3, "%": 0.00684931506849315}, "14": {"num": 4, "%": 0.0091324200913242}, "17": {"num": 3, "%": 0.00684931506849315}, "18": {"num": 7, "%": 0.01598173515981735}, "22": {"num": 3, "%": 0.00684931506849315}, "23": {"num": 3, "%": 0.00684931506849315}, "24": {"num": 4, "%": 0.0091324200913242}, "26": {"num": 2, "%": 0.0045662100456621}, "28": {"num": 1, "%": 0.00228310502283105}, "29": {"num": 7, "%": 0.01598173515981735}, "30": {"num": 1, "%": 0.00228310502283105}, "32": {"num": 2, "%": 0.0045662100456621}}}, "2": {"num": 83, "community_belong": {"0": {"num": 3, "%": 0.03614457831325301}, "1": {"num": 10, "%": 0.12048192771084337}, "2": {"num": 15, "%": 0.18072289156626506}, "3": {"num": 2, "%": 0.024096385542168676}, "6": {"num": 3, "%": 0.03614457831325301}, "8": {"num": 1, "%": 0.012048192771084338}, "9": {"num": 2, "%": 0.024096385542168676}, "11": {"num": 2, "%": 0.024096385542168676}, "14": {"num": 1, "%": 0.012048192771084338}, "18": {"num": 2, "%": 0.024096385542168676}, "19": {"num": 1, "%": 0.012048192771084338}, "21": {"num": 1, "%": 0.012048192771084338}, "28": {"num": 1, "%": 0.012048192771084338}, "29": {"num": 2, "%": 0.024096385542168676}}}, "3": {"num": 83, "community_belong": {"0": {"num": 1, "%": 0.012048192771084338}, "1": {"num": 3, "%": 0.03614457831325301}, "2": {"num": 8, "%": 0.0963855421686747}, "3": {"num": 4, "%": 0.04819277108433735}, "4": {"num": 2, "%": 0.024096385542168676}, "8": {"num": 3, "%": 0.03614457831325301}, "11": {"num": 2, "%": 0.024096385542168676}, "14": {"num": 4, "%": 0.04819277108433735}, "15": {"num": 1, "%": 0.012048192771084338}, "16": {"num": 1, "%": 0.012048192771084338}, "21": {"num": 1, "%": 0.012048192771084338}, "22": {"num": 1, "%": 0.012048192771084338}, "24": {"num": 2, "%": 0.024096385542168676}}}, "4": {"num": 37, "community_belong": {"0": {"num": 1, "%": 0.02702702702702703}, "1": {"num": 3, "%": 0.08108108108108109}, "2": {"num": 4, "%": 0.10810810810810811}, "4": {"num": 5, "%": 0.13513513513513514}, "6": {"num": 2, "%": 0.05405405405405406}, "7": {"num": 1, "%": 0.02702702702702703}, "8": {"num": 1, "%": 0.02702702702702703}, "14": {"num": 1, "%": 0.02702702702702703}, "29": {"num": 1, "%": 0.02702702702702703}}}, "5": {"num": 253, "community_belong": {"0": {"num": 5, "%": 0.019762845849802372}, "1": {"num": 33, "%": 0.13043478260869565}, "2": {"num": 10, "%": 0.039525691699604744}, "3": {"num": 9, "%": 0.03557312252964427}, "4": {"num": 2, "%": 0.007905138339920948}, "6": {"num": 8, "%": 0.03162055335968379}, "7": {"num": 3, "%": 0.011857707509881422}, "8": {"num": 7, "%": 0.02766798418972332}, "9": {"num": 1, "%": 0.003952569169960474}, "10": {"num": 1, "%": 0.003952569169960474}, "11": {"num": 7, "%": 0.02766798418972332}, "12": {"num": 1, "%": 0.003952569169960474}, "13": {"num": 2, "%": 0.007905138339920948}, "14": {"num": 7, "%": 0.02766798418972332}, "17": {"num": 1, "%": 0.003952569169960474}, "18": {"num": 1, "%": 0.003952569169960474}, "22": {"num": 8, "%": 0.03162055335968379}, "24": {"num": 3, "%": 0.011857707509881422}, "25": {"num": 1, "%": 0.003952569169960474}, "28": {"num": 1, "%": 0.003952569169960474}, "29": {"num": 2, "%": 0.007905138339920948}, "30": {"num": 1, "%": 0.003952569169960474}, "32": {"num": 1, "%": 0.003952569169960474}}}, "6": {"num": 227, "community_belong": {"0": {"num": 3, "%": 0.013215859030837005}, "1": {"num": 18, "%": 0.07929515418502203}, "2": {"num": 17, "%": 0.07488986784140969}, "3": {"num": 6, "%": 0.02643171806167401}, "4": {"num": 2, "%": 0.00881057268722467}, "5": {"num": 1, "%": 0.004405286343612335}, "6": {"num": 8, "%": 0.03524229074889868}, "7": {"num": 3, "%": 0.013215859030837005}, "8": {"num": 2, "%": 0.00881057268722467}, "9": {"num": 2, "%": 0.00881057268722467}, "11": {"num": 5, "%": 0.022026431718061675}, "12": {"num": 1, "%": 0.004405286343612335}, "13": {"num": 1, "%": 0.004405286343612335}, "15": {"num": 2, "%": 0.00881057268722467}, "17": {"num": 1, "%": 0.004405286343612335}, "18": {"num": 2, "%": 0.00881057268722467}, "19": {"num": 1, "%": 0.004405286343612335}, "22": {"num": 11, "%": 0.048458149779735685}, "24": {"num": 1, "%": 0.004405286343612335}, "28": {"num": 1, "%": 0.004405286343612335}}}, "7": {"num": 43, "community_belong": {"0": {"num": 2, "%": 0.046511627906976744}, "1": {"num": 5, "%": 0.11627906976744186}, "2": {"num": 3, "%": 0.06976744186046512}, "6": {"num": 2, "%": 0.046511627906976744}, "7": {"num": 1, "%": 0.023255813953488372}, "8": {"num": 1, "%": 0.023255813953488372}, "9": {"num": 1, "%": 0.023255813953488372}, "10": {"num": 1, "%": 0.023255813953488372}, "12": {"num": 1, "%": 0.023255813953488372}, "13": {"num": 1, "%": 0.023255813953488372}, "17": {"num": 1, "%": 0.023255813953488372}, "18": {"num": 1, "%": 0.023255813953488372}, "21": {"num": 1, "%": 0.023255813953488372}, "29": {"num": 2, "%": 0.046511627906976744}}}, "8": {"num": 609, "community_belong": {"0": {"num": 13, "%": 0.021346469622331693}, "1": {"num": 60, "%": 0.09852216748768473}, "2": {"num": 37, "%": 0.060755336617405585}, "3": {"num": 20, "%": 0.03284072249589491}, "4": {"num": 7, "%": 0.011494252873563218}, "5": {"num": 9, "%": 0.014778325123152709}, "6": {"num": 26, "%": 0.042692939244663386}, "7": {"num": 11, "%": 0.0180623973727422}, "8": {"num": 13, "%": 0.021346469622331693}, "9": {"num": 4, "%": 0.006568144499178982}, "10": {"num": 2, "%": 0.003284072249589491}, "11": {"num": 11, "%": 0.0180623973727422}, "13": {"num": 3, "%": 0.0049261083743842365}, "14": {"num": 8, "%": 0.013136288998357963}, "15": {"num": 4, "%": 0.006568144499178982}, "16": {"num": 4, "%": 0.006568144499178982}, "17": {"num": 7, "%": 0.011494252873563218}, "18": {"num": 6, "%": 0.009852216748768473}, "19": {"num": 1, "%": 0.0016420361247947454}, "21": {"num": 4, "%": 0.006568144499178982}, "22": {"num": 2, "%": 0.003284072249589491}, "23": {"num": 2, "%": 0.003284072249589491}, "24": {"num": 4, "%": 0.006568144499178982}, "25": {"num": 1, "%": 0.0016420361247947454}, "26": {"num": 1, "%": 0.0016420361247947454}, "28": {"num": 2, "%": 0.003284072249589491}, "29": {"num": 7, "%": 0.011494252873563218}, "30": {"num": 1, "%": 0.0016420361247947454}, "32": {"num": 2,