{"0": {"num": 355, "community_belong": {"0": {"num": 8, "%": 0.022535211267605635}, "1": {"num": 23, "%": 0.0647887323943662}, "2": {"num": 23, "%": 0.0647887323943662}, "3": {"num": 5, "%": 0.014084507042253521}, "4": {"num": 4, "%": 0.011267605633802818}, "5": {"num": 1, "%": 0.0028169014084507044}, "6": {"num": 9, "%": 0.02535211267605634}, "7": {"num": 2, "%": 0.005633802816901409}, "8": {"num": 2, "%": 0.005633802816901409}, "9": {"num": 6, "%": 0.016901408450704224}, "11": {"num": 8, "%": 0.022535211267605635}, "12": {"num": 1, "%": 0.0028169014084507044}, "13": {"num": 3, "%": 0.008450704225352112}, "14": {"num": 3, "%": 0.008450704225352112}, "15": {"num": 1, "%": 0.0028169014084507044}, "16": {"num": 1, "%": 0.0028169014084507044}, "17": {"num": 1, "%": 0.0028169014084507044}, "18": {"num": 5, "%": 0.014084507042253521}, "22": {"num": 4, "%": 0.011267605633802818}, "23": {"num": 1, "%": 0.0028169014084507044}, "24": {"num": 1, "%": 0.0028169014084507044}, "28": {"num": 2, "%": 0.005633802816901409}, "29": {"num": 5, "%": 0.014084507042253521}}}, "1": {"num": 942, "community_belong": {"0": {"num": 24, "%": 0.025477707006369428}, "1": {"num": 54, "%": 0.05732484076433121}, "2": {"num": 45, "%": 0.04777070063694268}, "3": {"num": 17, "%": 0.018046709129511677}, "4": {"num": 27, "%": 0.028662420382165606}, "5": {"num": 7, "%": 0.0074309978768577496}, "6": {"num": 40, "%": 0.04246284501061571}, "7": {"num": 14, "%": 0.014861995753715499}, "8": {"num": 8, "%": 0.008492569002123142}, "9": {"num": 4, "%": 0.004246284501061571}, "10": {"num": 3, "%": 0.0031847133757961785}, "11": {"num": 17, "%": 0.018046709129511677}, "12": {"num": 1, "%": 0.0010615711252653928}, "13": {"num": 3, "%": 0.0031847133757961785}, "14": {"num": 4, "%": 0.004246284501061571}, "15": {"num": 5, "%": 0.005307855626326964}, "16": {"num": 2, "%": 0.0021231422505307855}, "17": {"num": 2, "%": 0.0021231422505307855}, "18": {"num": 7, "%": 0.0074309978768577496}, "20": {"num": 1, "%": 0.0010615711252653928}, "21": {"num": 2, "%": 0.0021231422505307855}, "22": {"num": 14, "%": 0.014861995753715499}, "23": {"num": 2, "%": 0.0021231422505307855}, "24": {"num": 7, "%": 0.0074309978768577496}, "26": {"num": 1, "%": 0.0010615711252653928}, "28": {"num": 3, "%": 0.0031847133757961785}, "29": {"num": 14, "%": 0.014861995753715499}, "30": {"num": 1, "%": 0.0010615711252653928}, "32": {"num": 1, "%": 0.0010615711252653928}}}, "2": {"num": 121, "community_belong": {"0": {"num": 4, "%": 0.03305785123966942}, "1": {"num": 7, "%": 0.05785123966942149}, "2": {"num": 1, "%": 0.008264462809917356}, "3": {"num": 4, "%": 0.03305785123966942}, "4": {"num": 1, "%": 0.008264462809917356}, "7": {"num": 1, "%": 0.008264462809917356}, "8": {"num": 1, "%": 0.008264462809917356}, "10": {"num": 1, "%": 0.008264462809917356}, "11": {"num": 5, "%": 0.04132231404958678}, "14": {"num": 2, "%": 0.01652892561983471}, "17": {"num": 1, "%": 0.008264462809917356}, "18": {"num": 1, "%": 0.008264462809917356}, "24": {"num": 2, "%": 0.01652892561983471}, "25": {"num": 1, "%": 0.008264462809917356}, "29": {"num": 1, "%": 0.008264462809917356}}}, "3": {"num": 160, "community_belong": {"0": {"num": 4, "%": 0.025}, "1": {"num": 18, "%": 0.1125}, "2": {"num": 11, "%": 0.06875}, "3": {"num": 2, "%": 0.0125}, "4": {"num": 1, "%": 0.00625}, "6": {"num": 13, "%": 0.08125}, "7": {"num": 1, "%": 0.00625}, "8": {"num": 1, "%": 0.00625}, "9": {"num": 1, "%": 0.00625}, "11": {"num": 1, "%": 0.00625}, "12": {"num": 1, "%": 0.00625}, "14": {"num": 3, "%": 0.01875}, "16": {"num": 1, "%": 0.00625}, "18": {"num": 3, "%": 0.01875}, "21": {"num": 1, "%": 0.00625}, "22": {"num": 5, "%": 0.03125}, "23": {"num": 1, "%": 0.00625}, "24": {"num": 3, "%": 0.01875}, "29": {"num": 3, "%": 0.01875}, "30": {"num": 1, "%": 0.00625}}}, "4": {"num": 24, "community_belong": {"0": {"num": 1, "%": 0.041666666666666664}, "1": {"num": 1, "%": 0.041666666666666664}, "2": {"num": 1, "%": 0.041666666666666664}, "4": {"num": 1, "%": 0.041666666666666664}, "6": {"num": 1, "%": 0.041666666666666664}, "7": {"num": 1, "%": 0.041666666666666664}, "8": {"num": 2, "%": 0.08333333333333333}}}, "5": {"num": 542, "community_belong": {"0": {"num": 15, "%": 0.027675276752767528}, "1": {"num": 70, "%": 0.12915129151291513}, "2": {"num": 17, "%": 0.03136531365313653}, "3": {"num": 9, "%": 0.016605166051660517}, "4": {"num": 6, "%": 0.01107011070110701}, "5": {"num": 8, "%": 0.014760147601476014}, "6": {"num": 23, "%": 0.042435424354243544}, "7": {"num": 11, "%": 0.02029520295202952}, "8": {"num": 10, "%": 0.01845018450184502}, "9": {"num": 2, "%": 0.0036900369003690036}, "10": {"num": 1, "%": 0.0018450184501845018}, "11": {"num": 11, "%": 0.02029520295202952}, "12": {"num": 1, "%": 0.0018450184501845018}, "13": {"num": 5, "%": 0.00922509225092251}, "14": {"num": 7, "%": 0.012915129151291513}, "15": {"num": 2, "%": 0.0036900369003690036}, "16": {"num": 4, "%": 0.007380073800738007}, "17": {"num": 3, "%": 0.005535055350553505}, "18": {"num": 6, "%": 0.01107011070110701}, "19": {"num": 1, "%": 0.0018450184501845018}, "21": {"num": 3, "%": 0.005535055350553505}, "22": {"num": 6, "%": 0.01107011070110701}, "24": {"num": 5, "%": 0.00922509225092251}, "25": {"num": 1, "%": 0.0018450184501845018}, "28": {"num": 1, "%": 0.0018450184501845018}, "29": {"num": 4, "%": 0.007380073800738007}, "30": {"num": 1, "%": 0.0018450184501845018}, "32": {"num": 1, "%": 0.0018450184501845018}}}, "6": {"num": 190, "community_belong": {"0": {"num": 3, "%": 0.015789473684210527}, "1": {"num": 11, "%": 0.05789473684210526}, "2": {"num": 15, "%": 0.07894736842105263}, "3": {"num": 2, "%": 0.010526315789473684}, "4": {"num": 4, "%": 0.021052631578947368}, "5": {"num": 1, "%": 0.005263157894736842}, "6": {"num": 6, "%": 0.031578947368421054}, "7": {"num": 3, "%": 0.015789473684210527}, "8": {"num": 2, "%": 0.010526315789473684}, "9": {"num": 5, "%": 0.02631578947368421}, "11": {"num": 3, "%": 0.015789473684210527}, "14": {"num": 1, "%": 0.005263157894736842}, "15": {"num": 3, "%": 0.015789473684210527}, "16": {"num": 1, "%": 0.005263157894736842}, "17": {"num": 1, "%": 0.005263157894736842}, "18": {"num": 4, "%": 0.021052631578947368}, "22": {"num": 6, "%": 0.031578947368421054}, "24": {"num": 1, "%": 0.005263157894736842}, "27": {"num": 1, "%": 0.005263157894736842}, "28": {"num": 1, "%": 0.005263157894736842}, "29": {"num": 3, "%": 0.015789473684210527}}}, "7": {"num": 52, "community_belong": {"0": {"num": 1, "%": 0.019230769230769232}, "1": {"num": 12, "%": 0.23076923076923078}, "3": {"num": 3, "%": 0.057692307692307696}, "4": {"num": 1, "%": 0.019230769230769232}, "6": {"num": 4, "%": 0.07692307692307693}, "13": {"num": 1, "%": 0.019230769230769232}, "24": {"num": 1, "%": 0.019230769230769232}}}, "8": {"num": 82, "community_belong": {"0": {"num": 2, "%": 0.024390243902439025}, "1": {"num": 12, "%": 0.14634146341463414}, "2": {"num": 2, "%": 0.024390243902439025}, "3": {"num": 5, "%": 0.06097560975609756}, "6": {"num": 5, "%": 0.06097560975609756}, "8": {"num": 2, "%": 0.024390243902439025}, "10": {"num": 1, "%": 0.012195121951219513}, "11": {"num": 3, "%": 0.036585365853658534}, "14": {"num": 3, "%": 0.036585365853658534}, "17": {"num": 1, "%": 0.012195121951219513}, "29": {"num": 1, "%": 0.012195121951219513}}}, "9": {"num": 27, "community_belong": {"2": {"num": 3, "%": 0.1111111111111111}, "4": {"num": 1, "%": 0.037037037037037035}, "18": {"num": 2, "%": 0.07407407407407407}, "29": {"num": 1, "%": 0.037037037037037035}}}, "10": {"num": 3, "community_belong": {"15": {"num": 1, "%": 0.3333333333333333}}}, "11": {"num": 91, "community_belong": {"1": {"num": 9, "%": 0.0989010989010989}, "2": {"num": 9, "%": 0.0989010989010989}, "4": {"num": 1, "%": 0.01098901098901099}, "6": {"num": 5, "%": 0.054945054945054944}, "8": {"num": 1, "%": 0.01098901098901099}, "9": {"num": 1, "%": 0.01098901098901099}, "10": {"num": 1, "%": 0.01098901098901099}, "11": {"num": 7, "%": 0.07692307692307693}, "14": {"num": 1,