{"0": {"num": 43, "community_belong": {"0": {"num": 1, "%": 0.023255813953488372}, "1": {"num": 1, "%": 0.023255813953488372}, "2": {"num": 3, "%": 0.06976744186046512}, "4": {"num": 2, "%": 0.046511627906976744}, "6": {"num": 3, "%": 0.06976744186046512}, "7": {"num": 1, "%": 0.023255813953488372}, "9": {"num": 1, "%": 0.023255813953488372}, "11": {"num": 3, "%": 0.06976744186046512}, "14": {"num": 2, "%": 0.046511627906976744}, "18": {"num": 1, "%": 0.023255813953488372}, "21": {"num": 1, "%": 0.023255813953488372}, "22": {"num": 4, "%": 0.09302325581395349}, "24": {"num": 1, "%": 0.023255813953488372}, "29": {"num": 3, "%": 0.06976744186046512}}}, "1": {"num": 145, "community_belong": {"0": {"num": 4, "%": 0.027586206896551724}, "1": {"num": 14, "%": 0.09655172413793103}, "2": {"num": 4, "%": 0.027586206896551724}, "3": {"num": 3, "%": 0.020689655172413793}, "4": {"num": 1, "%": 0.006896551724137931}, "6": {"num": 4, "%": 0.027586206896551724}, "7": {"num": 1, "%": 0.006896551724137931}, "8": {"num": 1, "%": 0.006896551724137931}, "11": {"num": 4, "%": 0.027586206896551724}, "13": {"num": 1, "%": 0.006896551724137931}, "14": {"num": 1, "%": 0.006896551724137931}, "17": {"num": 2, "%": 0.013793103448275862}, "18": {"num": 1, "%": 0.006896551724137931}, "21": {"num": 1, "%": 0.006896551724137931}, "22": {"num": 1, "%": 0.006896551724137931}, "24": {"num": 2, "%": 0.013793103448275862}, "29": {"num": 1, "%": 0.006896551724137931}}}, "2": {"num": 485, "community_belong": {"0": {"num": 15, "%": 0.030927835051546393}, "1": {"num": 13, "%": 0.026804123711340205}, "2": {"num": 19, "%": 0.03917525773195876}, "3": {"num": 11, "%": 0.02268041237113402}, "4": {"num": 14, "%": 0.0288659793814433}, "5": {"num": 3, "%": 0.006185567010309278}, "6": {"num": 27, "%": 0.05567010309278351}, "7": {"num": 4, "%": 0.008247422680412371}, "9": {"num": 1, "%": 0.002061855670103093}, "10": {"num": 3, "%": 0.006185567010309278}, "11": {"num": 6, "%": 0.012371134020618556}, "12": {"num": 4, "%": 0.008247422680412371}, "14": {"num": 1, "%": 0.002061855670103093}, "15": {"num": 3, "%": 0.006185567010309278}, "17": {"num": 3, "%": 0.006185567010309278}, "18": {"num": 5, "%": 0.010309278350515464}, "21": {"num": 1, "%": 0.002061855670103093}, "22": {"num": 8, "%": 0.016494845360824743}, "23": {"num": 1, "%": 0.002061855670103093}, "24": {"num": 12, "%": 0.024742268041237112}, "26": {"num": 1, "%": 0.002061855670103093}, "27": {"num": 1, "%": 0.002061855670103093}, "28": {"num": 1, "%": 0.002061855670103093}, "29": {"num": 8, "%": 0.016494845360824743}, "32": {"num": 1, "%": 0.002061855670103093}}}, "3": {"num": 230, "community_belong": {"0": {"num": 3, "%": 0.013043478260869565}, "1": {"num": 19, "%": 0.08260869565217391}, "2": {"num": 14, "%": 0.06086956521739131}, "3": {"num": 4, "%": 0.017391304347826087}, "4": {"num": 2, "%": 0.008695652173913044}, "5": {"num": 2, "%": 0.008695652173913044}, "6": {"num": 2, "%": 0.008695652173913044}, "7": {"num": 1, "%": 0.004347826086956522}, "8": {"num": 4, "%": 0.017391304347826087}, "9": {"num": 3, "%": 0.013043478260869565}, "11": {"num": 4, "%": 0.017391304347826087}, "14": {"num": 4, "%": 0.017391304347826087}, "15": {"num": 3, "%": 0.013043478260869565}, "17": {"num": 2, "%": 0.008695652173913044}, "18": {"num": 3, "%": 0.013043478260869565}, "22": {"num": 4, "%": 0.017391304347826087}, "23": {"num": 1, "%": 0.004347826086956522}, "24": {"num": 3, "%": 0.013043478260869565}, "25": {"num": 1, "%": 0.004347826086956522}, "26": {"num": 1, "%": 0.004347826086956522}, "29": {"num": 4, "%": 0.017391304347826087}, "30": {"num": 1, "%": 0.004347826086956522}}}, "4": {"num": 115, "community_belong": {"0": {"num": 4, "%": 0.034782608695652174}, "1": {"num": 10, "%": 0.08695652173913043}, "2": {"num": 9, "%": 0.0782608695652174}, "3": {"num": 1, "%": 0.008695652173913044}, "4": {"num": 2, "%": 0.017391304347826087}, "5": {"num": 1, "%": 0.008695652173913044}, "6": {"num": 5, "%": 0.043478260869565216}, "7": {"num": 1, "%": 0.008695652173913044}, "8": {"num": 1, "%": 0.008695652173913044}, "15": {"num": 5, "%": 0.043478260869565216}, "17": {"num": 1, "%": 0.008695652173913044}, "18": {"num": 3, "%": 0.02608695652173913}, "19": {"num": 1, "%": 0.008695652173913044}, "22": {"num": 3, "%": 0.02608695652173913}, "24": {"num": 1, "%": 0.008695652173913044}, "29": {"num": 3, "%": 0.02608695652173913}}}, "5": {"num": 38, "community_belong": {"1": {"num": 11, "%": 0.2894736842105263}, "2": {"num": 1, "%": 0.02631578947368421}, "3": {"num": 1, "%": 0.02631578947368421}, "4": {"num": 2, "%": 0.05263157894736842}, "6": {"num": 3, "%": 0.07894736842105263}, "7": {"num": 1, "%": 0.02631578947368421}, "8": {"num": 3, "%": 0.07894736842105263}, "11": {"num": 1, "%": 0.02631578947368421}, "22": {"num": 1, "%": 0.02631578947368421}, "29": {"num": 1, "%": 0.02631578947368421}}}, "6": {"num": 83, "community_belong": {"0": {"num": 3, "%": 0.03614457831325301}, "1": {"num": 12, "%": 0.14457831325301204}, "2": {"num": 1, "%": 0.012048192771084338}, "3": {"num": 2, "%": 0.024096385542168676}, "4": {"num": 3, "%": 0.03614457831325301}, "6": {"num": 1, "%": 0.012048192771084338}, "7": {"num": 2, "%": 0.024096385542168676}, "8": {"num": 2, "%": 0.024096385542168676}, "11": {"num": 3, "%": 0.03614457831325301}, "13": {"num": 1, "%": 0.012048192771084338}, "14": {"num": 5, "%": 0.060240963855421686}, "17": {"num": 2, "%": 0.024096385542168676}}}, "7": {"num": 100, "community_belong": {"1": {"num": 14, "%": 0.14}, "2": {"num": 7, "%": 0.07}, "3": {"num": 3, "%": 0.03}, "4": {"num": 6, "%": 0.06}, "6": {"num": 8, "%": 0.08}, "11": {"num": 2, "%": 0.02}, "14": {"num": 1, "%": 0.01}, "15": {"num": 1, "%": 0.01}, "18": {"num": 2, "%": 0.02}, "22": {"num": 4, "%": 0.04}, "29": {"num": 3, "%": 0.03}, "32": {"num": 1, "%": 0.01}}}, "8": {"num": 72, "community_belong": {"1": {"num": 9, "%": 0.125}, "2": {"num": 3, "%": 0.041666666666666664}, "3": {"num": 1, "%": 0.013888888888888888}, "4": {"num": 2, "%": 0.027777777777777776}, "6": {"num": 3, "%": 0.041666666666666664}, "7": {"num": 1, "%": 0.013888888888888888}, "8": {"num": 1, "%": 0.013888888888888888}, "9": {"num": 1, "%": 0.013888888888888888}, "11": {"num": 2, "%": 0.027777777777777776}, "13": {"num": 2, "%": 0.027777777777777776}, "14": {"num": 1, "%": 0.013888888888888888}, "16": {"num": 2, "%": 0.027777777777777776}, "17": {"num": 1, "%": 0.013888888888888888}, "22": {"num": 5, "%": 0.06944444444444445}, "30": {"num": 1, "%": 0.013888888888888888}}}, "9": {"num": 47, "community_belong": {"0": {"num": 1, "%": 0.02127659574468085}, "2": {"num": 9, "%": 0.19148936170212766}, "6": {"num": 4, "%": 0.0851063829787234}, "7": {"num": 2, "%": 0.0425531914893617}, "8": {"num": 1, "%": 0.02127659574468085}, "9": {"num": 1, "%": 0.02127659574468085}, "11": {"num": 2, "%": 0.0425531914893617}, "18": {"num": 1, "%": 0.02127659574468085}, "21": {"num": 1, "%": 0.02127659574468085}, "22": {"num": 1, "%": 0.02127659574468085}, "29": {"num": 3, "%": 0.06382978723404255}}}, "10": {"num": 92, "community_belong": {"0": {"num": 3, "%": 0.03260869565217391}, "1": {"num": 5, "%": 0.05434782608695652}, "2": {"num": 13, "%": 0.14130434782608695}, "4": {"num": 2, "%": 0.021739130434782608}, "6": {"num": 2, "%": 0.021739130434782608}, "7": {"num": 1, "%": 0.010869565217391304}, "10": {"num": 1, "%": 0.010869565217391304}, "11": {"num": 1, "%": 0.010869565217391304}, "15": {"num": 2, "%": 0.021739130434782608}, "18": {"num": 4, "%": 0.043478260869565216}, "21": {"num": 1, "%": 0.010869565217391304}, "24": {"num": 2, "%": 0.021739130434782608}, "28": {"num": 1, "%": 0.010869565217391304}, "29": {"num": 3, "%": 0.03260869565217391}}}, "11": {"num": 126, "community_belong": {"0": {"num": 11, "%": 0.0873015873015873}, "1": {"num": 5, "%": 0.03968253968253968}, "2": {"num": 2, "%": 0.015873015873015872}, "3": {"num": 12, "%": 0.09523809523809523}, "6": {"num": 4, "%": 0.031746031746031744}, "14": {"num": 1, "%": 0.007936507936507936}, "15": {"num": 3,