{"0": {"num": 436, "community_belong": {"0": {"num": 2, "%": 0.0045871559633027525}, "2": {"num": 324, "%": 0.7431192660550459}, "8": {"num": 3, "%": 0.006880733944954129}, "9": {"num": 8, "%": 0.01834862385321101}, "11": {"num": 4, "%": 0.009174311926605505}, "12": {"num": 2, "%": 0.0045871559633027525}, "15": {"num": 47, "%": 0.10779816513761468}, "18": {"num": 10, "%": 0.022935779816513763}, "23": {"num": 1, "%": 0.0022935779816513763}, "24": {"num": 28, "%": 0.06422018348623854}, "27": {"num": 2, "%": 0.0045871559633027525}, "29": {"num": 2, "%": 0.0045871559633027525}, "30": {"num": 1, "%": 0.0022935779816513763}, "32": {"num": 2, "%": 0.0045871559633027525}}}, "1": {"num": 823, "community_belong": {"0": {"num": 27, "%": 0.032806804374240585}, "1": {"num": 581, "%": 0.7059538274605103}, "2": {"num": 9, "%": 0.010935601458080195}, "4": {"num": 11, "%": 0.013365735115431349}, "5": {"num": 2, "%": 0.002430133657351154}, "6": {"num": 5, "%": 0.006075334143377886}, "7": {"num": 3, "%": 0.0036452004860267314}, "8": {"num": 49, "%": 0.05953827460510328}, "10": {"num": 7, "%": 0.00850546780072904}, "11": {"num": 11, "%": 0.013365735115431349}, "12": {"num": 3, "%": 0.0036452004860267314}, "13": {"num": 11, "%": 0.013365735115431349}, "14": {"num": 29, "%": 0.03523693803159174}, "16": {"num": 18, "%": 0.02187120291616039}, "17": {"num": 42, "%": 0.05103280680437424}, "19": {"num": 4, "%": 0.004860267314702308}, "20": {"num": 5, "%": 0.006075334143377886}, "21": {"num": 1, "%": 0.001215066828675577}, "25": {"num": 3, "%": 0.0036452004860267314}, "31": {"num": 2, "%": 0.002430133657351154}}}, "2": {"num": 285, "community_belong": {"0": {"num": 40, "%": 0.14035087719298245}, "1": {"num": 39, "%": 0.1368421052631579}, "2": {"num": 39, "%": 0.1368421052631579}, "3": {"num": 5, "%": 0.017543859649122806}, "4": {"num": 35, "%": 0.12280701754385964}, "6": {"num": 5, "%": 0.017543859649122806}, "7": {"num": 2, "%": 0.007017543859649123}, "8": {"num": 55, "%": 0.19298245614035087}, "10": {"num": 5, "%": 0.017543859649122806}, "11": {"num": 6, "%": 0.021052631578947368}, "13": {"num": 11, "%": 0.03859649122807018}, "14": {"num": 34, "%": 0.11929824561403508}, "16": {"num": 4, "%": 0.014035087719298246}, "17": {"num": 2, "%": 0.007017543859649123}, "18": {"num": 1, "%": 0.0035087719298245615}, "19": {"num": 1, "%": 0.0035087719298245615}, "25": {"num": 1, "%": 0.0035087719298245615}}}, "3": {"num": 41, "community_belong": {"22": {"num": 41, "%": 1.0}}}, "4": {"num": 158, "community_belong": {"1": {"num": 5, "%": 0.03164556962025317}, "6": {"num": 50, "%": 0.31645569620253167}, "11": {"num": 59, "%": 0.37341772151898733}, "18": {"num": 32, "%": 0.20253164556962025}, "22": {"num": 1, "%": 0.006329113924050633}, "29": {"num": 3, "%": 0.0189873417721519}, "30": {"num": 8, "%": 0.05063291139240506}}}, "5": {"num": 158, "community_belong": {"2": {"num": 2, "%": 0.012658227848101266}, "3": {"num": 3, "%": 0.0189873417721519}, "4": {"num": 43, "%": 0.2721518987341772}, "6": {"num": 98, "%": 0.620253164556962}, "7": {"num": 1, "%": 0.006329113924050633}, "11": {"num": 3, "%": 0.0189873417721519}, "13": {"num": 8, "%": 0.05063291139240506}}}, "6": {"num": 46, "community_belong": {"11": {"num": 11, "%": 0.2391304347826087}, "18": {"num": 30, "%": 0.6521739130434783}, "23": {"num": 4, "%": 0.08695652173913043}, "29": {"num": 1, "%": 0.021739130434782608}}}, "7": {"num": 8, "community_belong": {"0": {"num": 4, "%": 0.5}, "13": {"num": 4, "%": 0.5}}}, "8": {"num": 104, "community_belong": {"2": {"num": 5, "%": 0.04807692307692308}, "6": {"num": 2, "%": 0.019230769230769232}, "7": {"num": 44, "%": 0.4230769230769231}, "9": {"num": 27, "%": 0.25961538461538464}, "11": {"num": 6, "%": 0.057692307692307696}, "18": {"num": 1, "%": 0.009615384615384616}, "28": {"num": 18, "%": 0.17307692307692307}, "29": {"num": 1, "%": 0.009615384615384616}}}, "9": {"num": 5, "community_belong": {"14": {"num": 5, "%": 1.0}}}, "10": {"num": 8, "community_belong": {"4": {"num": 2, "%": 0.25}, "17": {"num": 6, "%": 0.75}}}, "11": {"num": 5, "community_belong": {"0": {"num": 4, "%": 0.8}, "1": {"num": 1, "%": 0.2}}}, "12": {"num": 4, "community_belong": {"2": {"num": 4, "%": 1.0}}}, "13": {"num": 19, "community_belong": {"0": {"num": 3, "%": 0.15789473684210525}, "5": {"num": 5, "%": 0.2631578947368421}, "16": {"num": 11, "%": 0.5789473684210527}}}, "14": {"num": 3, "community_belong": {"18": {"num": 3, "%": 1.0}}}, "15": {"num": 61, "community_belong": {"17": {"num": 2, "%": 0.03278688524590164}, "18": {"num": 2, "%": 0.03278688524590164}, "29": {"num": 57, "%": 0.9344262295081968}}}, "16": {"num": 24, "community_belong": {"0": {"num": 4, "%": 0.16666666666666666}, "2": {"num": 4, "%": 0.16666666666666666}, "18": {"num": 3, "%": 0.125}, "21": {"num": 11, "%": 0.4583333333333333}, "23": {"num": 2, "%": 0.08333333333333333}}}, "17": {"num": 22, "community_belong": {"3": {"num": 22, "%": 1.0}}}, "18": {"num": 2, "community_belong": {"6": {"num": 2, "%": 1.0}}}, "19": {"num": 7, "community_belong": {"5": {"num": 7, "%": 1.0}}}, "20": {"num": 3, "community_belong": {"32": {"num": 3, "%": 1.0}}}, "21": {"num": 2, "community_belong": {"3": {"num": 2, "%": 1.0}}}, "22": {"num": 2, "community_belong": {"32": {"num": 2, "%": 1.0}}}, "23": {"num": 2, "community_belong": {"26": {"num": 2, "%": 1.0}}}, "24": {"num": 2, "community_belong": {"14": {"num": 2, "%": 1.0}}}, "25": {"num": 2, "community_belong": {"7": {"num": 2, "%": 1.0}}}, "26": {"num": 2, "community_belong": {"18": {"num": 2, "%": 1.0}}}}