{"0": {"num": 957, "community_belong": {"0": {"num": 48, "%": 0.050156739811912224}, "1": {"num": 30, "%": 0.03134796238244514}, "2": {"num": 758, "%": 0.7920585161964472}, "3": {"num": 2, "%": 0.0020898641588296763}, "4": {"num": 8, "%": 0.008359456635318705}, "6": {"num": 1, "%": 0.0010449320794148381}, "7": {"num": 1, "%": 0.0010449320794148381}, "8": {"num": 12, "%": 0.012539184952978056}, "9": {"num": 2, "%": 0.0020898641588296763}, "11": {"num": 7, "%": 0.0073145245559038665}, "14": {"num": 8, "%": 0.008359456635318705}, "15": {"num": 20, "%": 0.02089864158829676}, "17": {"num": 1, "%": 0.0010449320794148381}, "18": {"num": 9, "%": 0.009404388714733543}, "21": {"num": 7, "%": 0.0073145245559038665}, "23": {"num": 4, "%": 0.0041797283176593526}, "24": {"num": 28, "%": 0.029258098223615466}, "27": {"num": 4, "%": 0.0041797283176593526}, "30": {"num": 2, "%": 0.0020898641588296763}, "32": {"num": 5, "%": 0.00522466039707419}}}, "1": {"num": 211, "community_belong": {"0": {"num": 2, "%": 0.009478672985781991}, "1": {"num": 136, "%": 0.6445497630331753}, "10": {"num": 11, "%": 0.052132701421800945}, "16": {"num": 1, "%": 0.004739336492890996}, "17": {"num": 54, "%": 0.2559241706161137}, "20": {"num": 7, "%": 0.03317535545023697}}}, "2": {"num": 1406, "community_belong": {"0": {"num": 22, "%": 0.015647226173541962}, "1": {"num": 1158, "%": 0.8236130867709816}, "2": {"num": 2, "%": 0.001422475106685633}, "3": {"num": 2, "%": 0.001422475106685633}, "4": {"num": 74, "%": 0.05263157894736842}, "5": {"num": 4, "%": 0.002844950213371266}, "7": {"num": 10, "%": 0.007112375533428165}, "8": {"num": 46, "%": 0.032716927453769556}, "10": {"num": 20, "%": 0.01422475106685633}, "11": {"num": 4, "%": 0.002844950213371266}, "13": {"num": 8, "%": 0.005689900426742532}, "14": {"num": 5, "%": 0.0035561877667140826}, "16": {"num": 5, "%": 0.0035561877667140826}, "17": {"num": 32, "%": 0.02275960170697013}, "19": {"num": 2, "%": 0.001422475106685633}, "25": {"num": 6, "%": 0.004267425320056899}, "29": {"num": 2, "%": 0.001422475106685633}, "33": {"num": 4, "%": 0.002844950213371266}}}, "3": {"num": 330, "community_belong": {"0": {"num": 17, "%": 0.051515151515151514}, "1": {"num": 50, "%": 0.15151515151515152}, "2": {"num": 7, "%": 0.021212121212121213}, "4": {"num": 9, "%": 0.02727272727272727}, "6": {"num": 2, "%": 0.006060606060606061}, "8": {"num": 182, "%": 0.5515151515151515}, "10": {"num": 11, "%": 0.03333333333333333}, "11": {"num": 3, "%": 0.00909090909090909}, "13": {"num": 13, "%": 0.03939393939393939}, "14": {"num": 12, "%": 0.03636363636363636}, "16": {"num": 12, "%": 0.03636363636363636}, "17": {"num": 3, "%": 0.00909090909090909}, "18": {"num": 2, "%": 0.006060606060606061}, "19": {"num": 1, "%": 0.0030303030303030303}, "25": {"num": 6, "%": 0.01818181818181818}}}, "4": {"num": 60, "community_belong": {"1": {"num": 2, "%": 0.03333333333333333}, "2": {"num": 1, "%": 0.016666666666666666}, "24": {"num": 57, "%": 0.95}}}, "5": {"num": 229, "community_belong": {"0": {"num": 1, "%": 0.004366812227074236}, "2": {"num": 12, "%": 0.05240174672489083}, "4": {"num": 2, "%": 0.008733624454148471}, "9": {"num": 17, "%": 0.07423580786026202}, "15": {"num": 183, "%": 0.7991266375545851}, "23": {"num": 11, "%": 0.048034934497816595}, "29": {"num": 3, "%": 0.013100436681222707}}}, "6": {"num": 580, "community_belong": {"0": {"num": 17, "%": 0.029310344827586206}, "1": {"num": 419, "%": 0.7224137931034482}, "2": {"num": 5, "%": 0.008620689655172414}, "4": {"num": 22, "%": 0.03793103448275862}, "6": {"num": 6, "%": 0.010344827586206896}, "7": {"num": 2, "%": 0.0034482758620689655}, "8": {"num": 15, "%": 0.02586206896551724}, "10": {"num": 2, "%": 0.0034482758620689655}, "11": {"num": 2, "%": 0.0034482758620689655}, "13": {"num": 8, "%": 0.013793103448275862}, "14": {"num": 38, "%": 0.06551724137931035}, "16": {"num": 32, "%": 0.05517241379310345}, "17": {"num": 10, "%": 0.017241379310344827}, "20": {"num": 1, "%": 0.0017241379310344827}, "25": {"num": 1, "%": 0.0017241379310344827}}}, "7": {"num": 115, "community_belong": {"0": {"num": 61, "%": 0.5304347826086957}, "2": {"num": 1, "%": 0.008695652173913044}, "16": {"num": 53, "%": 0.4608695652173913}}}, "8": {"num": 217, "community_belong": {"0": {"num": 35, "%": 0.16129032258064516}, "1": {"num": 23, "%": 0.10599078341013825}, "6": {"num": 6, "%": 0.027649769585253458}, "8": {"num": 146, "%": 0.6728110599078341}, "13": {"num": 5, "%": 0.02304147465437788}, "14": {"num": 1, "%": 0.004608294930875576}, "22": {"num": 1, "%": 0.004608294930875576}}}, "9": {"num": 294, "community_belong": {"1": {"num": 18, "%": 0.061224489795918366}, "2": {"num": 1, "%": 0.003401360544217687}, "4": {"num": 3, "%": 0.01020408163265306}, "5": {"num": 1, "%": 0.003401360544217687}, "6": {"num": 2, "%": 0.006802721088435374}, "8": {"num": 149, "%": 0.5068027210884354}, "11": {"num": 1, "%": 0.003401360544217687}, "13": {"num": 8, "%": 0.027210884353741496}, "14": {"num": 109, "%": 0.3707482993197279}, "17": {"num": 1, "%": 0.003401360544217687}, "19": {"num": 1, "%": 0.003401360544217687}}}, "10": {"num": 622, "community_belong": {"0": {"num": 1, "%": 0.001607717041800643}, "2": {"num": 4, "%": 0.006430868167202572}, "4": {"num": 6, "%": 0.00964630225080386}, "6": {"num": 596, "%": 0.9581993569131833}, "8": {"num": 1, "%": 0.001607717041800643}, "9": {"num": 1, "%": 0.001607717041800643}, "11": {"num": 9, "%": 0.014469453376205787}, "18": {"num": 2, "%": 0.003215434083601286}, "22": {"num": 2, "%": 0.003215434083601286}}}, "11": {"num": 208, "community_belong": {"1": {"num": 1, "%": 0.004807692307692308}, "2": {"num": 3, "%": 0.014423076923076924}, "10": {"num": 5, "%": 0.02403846153846154}, "11": {"num": 15, "%": 0.07211538461538461}, "18": {"num": 145, "%": 0.6971153846153846}, "28": {"num": 1, "%": 0.004807692307692308}, "29": {"num": 7, "%": 0.03365384615384615}, "30": {"num": 31, "%": 0.14903846153846154}}}, "12": {"num": 258, "community_belong": {"2": {"num": 2, "%": 0.007751937984496124}, "17": {"num": 2, "%": 0.007751937984496124}, "18": {"num": 27, "%": 0.10465116279069768}, "29": {"num": 227, "%": 0.8798449612403101}}}, "13": {"num": 148, "community_belong": {"0": {"num": 1, "%": 0.006756756756756757}, "3": {"num": 119, "%": 0.8040540540540541}, "4": {"num": 12, "%": 0.08108108108108109}, "5": {"num": 16, "%": 0.10810810810810811}}}, "14": {"num": 156, "community_belong": {"0": {"num": 3, "%": 0.019230769230769232}, "4": {"num": 133, "%": 0.8525641025641025}, "6": {"num": 2, "%": 0.01282051282051282}, "10": {"num": 10, "%": 0.0641025641025641}, "11": {"num": 1, "%": 0.00641025641025641}, "13": {"num": 1, "%": 0.00641025641025641}, "29": {"num": 6, "%": 0.038461538461538464}}}, "15": {"num": 372, "community_belong": {"1": {"num": 12, "%": 0.03225806451612903}, "2": {"num": 7, "%": 0.01881720430107527}, "4": {"num": 17, "%": 0.0456989247311828}, "5": {"num": 8, "%": 0.021505376344086023}, "6": {"num": 9, "%": 0.024193548387096774}, "7": {"num": 2, "%": 0.005376344086021506}, "9": {"num": 8, "%": 0.021505376344086023}, "11": {"num": 295, "%": 0.793010752688172}, "14": {"num": 1, "%": 0.002688172043010753}, "15": {"num": 1, "%": 0.002688172043010753}, "18": {"num": 5, "%": 0.013440860215053764}, "28": {"num": 2, "%": 0.005376344086021506}, "29": {"num": 3, "%": 0.008064516129032258}, "32": {"num": 2, "%": 0.005376344086021506}}}, "16": {"num": 203, "community_belong": {"7": {"num": 190, "%": 0.9359605911330049}, "11": {"num": 13, "%": 0.06403940886699508}}}, "17": {"num": 102, "community_belong": {"18": {"num": 98, "%": 0.9607843137254902}, "32": {"num": 4, "%": 0.0392156862745098}}}, "18": {"num": 172, "community_belong": {"0": {"num": 32, "%": 0.18604651162790697}, "1": {"num": 29, "%": 0.1686046511627907}, "2": {"num": 5, "%": 0.029069767441860465}, "4": {"num": 2, "%": 0.011627906976744186}, "8": {"num": 8, "%": 0.046511627906976744}, "11": {"num": 4, "%": 0.023255813953488372}, "13": {"num": 90, "%": 0.5232558139534884},