{"0": {"num": 882, "community_belong": {"0": {"num": 16, "%": 0.018140589569160998}, "1": {"num": 624, "%": 0.7074829931972789}, "2": {"num": 4, "%": 0.0045351473922902496}, "3": {"num": 7, "%": 0.007936507936507936}, "4": {"num": 45, "%": 0.05102040816326531}, "5": {"num": 3, "%": 0.003401360544217687}, "6": {"num": 2, "%": 0.0022675736961451248}, "7": {"num": 2, "%": 0.0022675736961451248}, "8": {"num": 88, "%": 0.09977324263038549}, "10": {"num": 9, "%": 0.01020408163265306}, "11": {"num": 5, "%": 0.005668934240362812}, "13": {"num": 7, "%": 0.007936507936507936}, "14": {"num": 7, "%": 0.007936507936507936}, "16": {"num": 32, "%": 0.036281179138321996}, "17": {"num": 29, "%": 0.032879818594104306}, "25": {"num": 2, "%": 0.0022675736961451248}}}, "1": {"num": 200, "community_belong": {"18": {"num": 50, "%": 0.25}, "29": {"num": 150, "%": 0.75}}}, "2": {"num": 39, "community_belong": {"1": {"num": 26, "%": 0.6666666666666666}, "19": {"num": 11, "%": 0.28205128205128205}, "31": {"num": 2, "%": 0.05128205128205128}}}, "3": {"num": 1014, "community_belong": {"0": {"num": 11, "%": 0.010848126232741617}, "1": {"num": 38, "%": 0.03747534516765286}, "2": {"num": 795, "%": 0.7840236686390533}, "4": {"num": 19, "%": 0.01873767258382643}, "6": {"num": 6, "%": 0.005917159763313609}, "8": {"num": 20, "%": 0.01972386587771203}, "9": {"num": 14, "%": 0.013806706114398421}, "11": {"num": 8, "%": 0.007889546351084813}, "12": {"num": 8, "%": 0.007889546351084813}, "14": {"num": 12, "%": 0.011834319526627219}, "15": {"num": 41, "%": 0.04043392504930966}, "17": {"num": 1, "%": 0.0009861932938856016}, "18": {"num": 12, "%": 0.011834319526627219}, "22": {"num": 2, "%": 0.0019723865877712033}, "23": {"num": 3, "%": 0.0029585798816568047}, "24": {"num": 21, "%": 0.020710059171597635}, "27": {"num": 1, "%": 0.0009861932938856016}, "29": {"num": 1, "%": 0.0009861932938856016}, "30": {"num": 1, "%": 0.0009861932938856016}}}, "4": {"num": 57, "community_belong": {"2": {"num": 5, "%": 0.08771929824561403}, "9": {"num": 52, "%": 0.9122807017543859}}}, "5": {"num": 84, "community_belong": {"0": {"num": 9, "%": 0.10714285714285714}, "2": {"num": 3, "%": 0.03571428571428571}, "6": {"num": 2, "%": 0.023809523809523808}, "8": {"num": 38, "%": 0.4523809523809524}, "13": {"num": 31, "%": 0.36904761904761907}, "14": {"num": 1, "%": 0.011904761904761904}}}, "6": {"num": 100, "community_belong": {"0": {"num": 1, "%": 0.01}, "1": {"num": 3, "%": 0.03}, "2": {"num": 8, "%": 0.08}, "5": {"num": 1, "%": 0.01}, "6": {"num": 1, "%": 0.01}, "8": {"num": 80, "%": 0.8}, "13": {"num": 1, "%": 0.01}, "19": {"num": 5, "%": 0.05}}}, "7": {"num": 160, "community_belong": {"2": {"num": 1, "%": 0.00625}, "6": {"num": 157, "%": 0.98125}, "10": {"num": 1, "%": 0.00625}, "11": {"num": 1, "%": 0.00625}}}, "8": {"num": 634, "community_belong": {"0": {"num": 14, "%": 0.022082018927444796}, "1": {"num": 493, "%": 0.777602523659306}, "2": {"num": 6, "%": 0.00946372239747634}, "4": {"num": 18, "%": 0.028391167192429023}, "6": {"num": 6, "%": 0.00946372239747634}, "7": {"num": 3, "%": 0.00473186119873817}, "8": {"num": 20, "%": 0.031545741324921134}, "9": {"num": 4, "%": 0.006309148264984227}, "10": {"num": 6, "%": 0.00946372239747634}, "11": {"num": 9, "%": 0.014195583596214511}, "13": {"num": 5, "%": 0.007886435331230283}, "14": {"num": 15, "%": 0.02365930599369085}, "16": {"num": 16, "%": 0.025236593059936908}, "17": {"num": 3, "%": 0.00473186119873817}, "18": {"num": 2, "%": 0.0031545741324921135}, "20": {"num": 1, "%": 0.0015772870662460567}, "25": {"num": 1, "%": 0.0015772870662460567}, "28": {"num": 5, "%": 0.007886435331230283}, "29": {"num": 1, "%": 0.0015772870662460567}, "30": {"num": 6, "%": 0.00946372239747634}}}, "9": {"num": 92, "community_belong": {"22": {"num": 92, "%": 1.0}}}, "10": {"num": 147, "community_belong": {"6": {"num": 8, "%": 0.05442176870748299}, "7": {"num": 135, "%": 0.9183673469387755}, "11": {"num": 4, "%": 0.027210884353741496}}}, "11": {"num": 280, "community_belong": {"0": {"num": 84, "%": 0.3}, "1": {"num": 41, "%": 0.14642857142857144}, "2": {"num": 57, "%": 0.20357142857142857}, "4": {"num": 5, "%": 0.017857142857142856}, "5": {"num": 1, "%": 0.0035714285714285713}, "6": {"num": 8, "%": 0.02857142857142857}, "8": {"num": 3, "%": 0.010714285714285714}, "10": {"num": 3, "%": 0.010714285714285714}, "11": {"num": 4, "%": 0.014285714285714285}, "13": {"num": 38, "%": 0.1357142857142857}, "14": {"num": 3, "%": 0.010714285714285714}, "16": {"num": 11, "%": 0.039285714285714285}, "17": {"num": 1, "%": 0.0035714285714285713}, "20": {"num": 4, "%": 0.014285714285714285}, "21": {"num": 1, "%": 0.0035714285714285713}, "22": {"num": 3, "%": 0.010714285714285714}, "25": {"num": 3, "%": 0.010714285714285714}, "29": {"num": 10, "%": 0.03571428571428571}}}, "12": {"num": 120, "community_belong": {"0": {"num": 1, "%": 0.008333333333333333}, "2": {"num": 1, "%": 0.008333333333333333}, "4": {"num": 1, "%": 0.008333333333333333}, "6": {"num": 80, "%": 0.6666666666666666}, "13": {"num": 3, "%": 0.025}, "22": {"num": 2, "%": 0.016666666666666666}, "24": {"num": 32, "%": 0.26666666666666666}}}, "13": {"num": 140, "community_belong": {"0": {"num": 4, "%": 0.02857142857142857}, "1": {"num": 8, "%": 0.05714285714285714}, "2": {"num": 4, "%": 0.02857142857142857}, "4": {"num": 5, "%": 0.03571428571428571}, "8": {"num": 9, "%": 0.06428571428571428}, "11": {"num": 2, "%": 0.014285714285714285}, "13": {"num": 4, "%": 0.02857142857142857}, "14": {"num": 96, "%": 0.6857142857142857}, "17": {"num": 8, "%": 0.05714285714285714}}}, "14": {"num": 206, "community_belong": {"1": {"num": 2, "%": 0.009708737864077669}, "2": {"num": 2, "%": 0.009708737864077669}, "4": {"num": 2, "%": 0.009708737864077669}, "6": {"num": 2, "%": 0.009708737864077669}, "7": {"num": 1, "%": 0.0048543689320388345}, "8": {"num": 1, "%": 0.0048543689320388345}, "11": {"num": 167, "%": 0.8106796116504854}, "13": {"num": 21, "%": 0.10194174757281553}, "18": {"num": 3, "%": 0.014563106796116505}, "29": {"num": 5, "%": 0.024271844660194174}}}, "15": {"num": 6, "community_belong": {"2": {"num": 4, "%": 0.6666666666666666}, "27": {"num": 2, "%": 0.3333333333333333}}}, "16": {"num": 5, "community_belong": {"23": {"num": 5, "%": 1.0}}}, "17": {"num": 88, "community_belong": {"0": {"num": 9, "%": 0.10227272727272728}, "1": {"num": 6, "%": 0.06818181818181818}, "2": {"num": 50, "%": 0.5681818181818182}, "11": {"num": 1, "%": 0.011363636363636364}, "18": {"num": 8, "%": 0.09090909090909091}, "28": {"num": 9, "%": 0.10227272727272728}, "30": {"num": 5, "%": 0.056818181818181816}}}, "18": {"num": 81, "community_belong": {"0": {"num": 7, "%": 0.08641975308641975}, "2": {"num": 7, "%": 0.08641975308641975}, "11": {"num": 7, "%": 0.08641975308641975}, "18": {"num": 49, "%": 0.6049382716049383}, "23": {"num": 11, "%": 0.13580246913580246}}}, "19": {"num": 166, "community_belong": {"0": {"num": 2, "%": 0.012048192771084338}, "1": {"num": 1, "%": 0.006024096385542169}, "3": {"num": 163, "%": 0.9819277108433735}}}, "20": {"num": 159, "community_belong": {"1": {"num": 1, "%": 0.006289308176100629}, "2": {"num": 5, "%": 0.031446540880503145}, "4": {"num": 117, "%": 0.7358490566037735}, "6": {"num": 12, "%": 0.07547169811320754}, "7": {"num": 2, "%": 0.012578616352201259}, "10": {"num": 3, "%": 0.018867924528301886}, "11": {"num": 18, "%": 0.11320754716981132}, "13": {"num": 1, "%": 0.006289308176100629}}}, "21": {"num": 203, "community_belong": {"0": {"num": 5, "%": 0.024630541871921183}, "1": {"num": 158, "%": 0.7783251231527094}, "2": {"num": 3, "%": 0.014778325123152709}, "3": {"num": 1, "%": 0.0049261083743842365}, "4": {"num": 4, "%": 0.019704433497536946}, "8": {"num": 11, "%": 0.054187192118226604}, "10": {"num": 2, "%": 0.009852216748768473}, "13": {"num": 5, "%": 0.024630541871921183}, "16": {"num": 11, "%": 0.054187192118226604}, "19": {"num": 1, "%": 0.0049261083743842365}, "30": {"num": 1, "%": 0.0049261083743842365}, "31": {"num": 1,