{"0": {"num": 176, "community_belong": {"0": {"num": 12, "%": 0.06818181818181818}, "1": {"num": 9, "%": 0.05113636363636364}, "2": {"num": 9, "%": 0.05113636363636364}, "3": {"num": 8, "%": 0.045454545454545456}, "4": {"num": 2, "%": 0.011363636363636364}, "6": {"num": 10, "%": 0.056818181818181816}, "7": {"num": 2, "%": 0.011363636363636364}, "10": {"num": 1, "%": 0.005681818181818182}, "11": {"num": 2, "%": 0.011363636363636364}, "12": {"num": 1, "%": 0.005681818181818182}, "14": {"num": 3, "%": 0.017045454545454544}, "15": {"num": 1, "%": 0.005681818181818182}, "17": {"num": 1, "%": 0.005681818181818182}, "22": {"num": 1, "%": 0.005681818181818182}, "24": {"num": 3, "%": 0.017045454545454544}, "29": {"num": 1, "%": 0.005681818181818182}}}, "1": {"num": 10, "community_belong": {"1": {"num": 1, "%": 0.1}, "4": {"num": 1, "%": 0.1}, "6": {"num": 1, "%": 0.1}, "14": {"num": 1, "%": 0.1}}}, "2": {"num": 329, "community_belong": {"0": {"num": 13, "%": 0.03951367781155015}, "1": {"num": 32, "%": 0.0972644376899696}, "2": {"num": 13, "%": 0.03951367781155015}, "3": {"num": 6, "%": 0.0182370820668693}, "4": {"num": 12, "%": 0.0364741641337386}, "5": {"num": 3, "%": 0.00911854103343465}, "6": {"num": 5, "%": 0.015197568389057751}, "7": {"num": 4, "%": 0.0121580547112462}, "8": {"num": 7, "%": 0.02127659574468085}, "9": {"num": 4, "%": 0.0121580547112462}, "11": {"num": 4, "%": 0.0121580547112462}, "12": {"num": 1, "%": 0.00303951367781155}, "13": {"num": 2, "%": 0.0060790273556231}, "14": {"num": 3, "%": 0.00911854103343465}, "15": {"num": 4, "%": 0.0121580547112462}, "16": {"num": 1, "%": 0.00303951367781155}, "17": {"num": 1, "%": 0.00303951367781155}, "18": {"num": 2, "%": 0.0060790273556231}, "19": {"num": 1, "%": 0.00303951367781155}, "22": {"num": 5, "%": 0.015197568389057751}, "24": {"num": 5, "%": 0.015197568389057751}, "28": {"num": 1, "%": 0.00303951367781155}, "29": {"num": 6, "%": 0.0182370820668693}}}, "3": {"num": 83, "community_belong": {"0": {"num": 1, "%": 0.012048192771084338}, "1": {"num": 2, "%": 0.024096385542168676}, "2": {"num": 5, "%": 0.060240963855421686}, "6": {"num": 2, "%": 0.024096385542168676}, "7": {"num": 1, "%": 0.012048192771084338}, "9": {"num": 1, "%": 0.012048192771084338}, "11": {"num": 4, "%": 0.04819277108433735}, "17": {"num": 2, "%": 0.024096385542168676}, "19": {"num": 1, "%": 0.012048192771084338}, "22": {"num": 2, "%": 0.024096385542168676}, "28": {"num": 1, "%": 0.012048192771084338}}}, "4": {"num": 221, "community_belong": {"0": {"num": 5, "%": 0.02262443438914027}, "1": {"num": 21, "%": 0.09502262443438914}, "2": {"num": 16, "%": 0.07239819004524888}, "3": {"num": 3, "%": 0.013574660633484163}, "5": {"num": 9, "%": 0.04072398190045249}, "6": {"num": 9, "%": 0.04072398190045249}, "7": {"num": 5, "%": 0.02262443438914027}, "8": {"num": 7, "%": 0.03167420814479638}, "9": {"num": 1, "%": 0.004524886877828055}, "11": {"num": 4, "%": 0.01809954751131222}, "13": {"num": 2, "%": 0.00904977375565611}, "14": {"num": 2, "%": 0.00904977375565611}, "17": {"num": 3, "%": 0.013574660633484163}, "18": {"num": 3, "%": 0.013574660633484163}, "22": {"num": 2, "%": 0.00904977375565611}, "23": {"num": 1, "%": 0.004524886877828055}, "24": {"num": 2, "%": 0.00904977375565611}, "28": {"num": 1, "%": 0.004524886877828055}, "29": {"num": 2, "%": 0.00904977375565611}}}, "5": {"num": 44, "community_belong": {"1": {"num": 2, "%": 0.045454545454545456}, "3": {"num": 2, "%": 0.045454545454545456}, "8": {"num": 1, "%": 0.022727272727272728}, "10": {"num": 1, "%": 0.022727272727272728}, "11": {"num": 4, "%": 0.09090909090909091}, "14": {"num": 1, "%": 0.022727272727272728}}}, "6": {"num": 61, "community_belong": {"1": {"num": 10, "%": 0.16393442622950818}, "2": {"num": 6, "%": 0.09836065573770492}, "3": {"num": 1, "%": 0.01639344262295082}, "4": {"num": 1, "%": 0.01639344262295082}, "6": {"num": 3, "%": 0.04918032786885246}, "8": {"num": 1, "%": 0.01639344262295082}, "9": {"num": 1, "%": 0.01639344262295082}, "11": {"num": 2, "%": 0.03278688524590164}, "18": {"num": 1, "%": 0.01639344262295082}, "19": {"num": 1, "%": 0.01639344262295082}, "22": {"num": 1, "%": 0.01639344262295082}, "24": {"num": 2, "%": 0.03278688524590164}, "30": {"num": 1, "%": 0.01639344262295082}}}, "7": {"num": 81, "community_belong": {"0": {"num": 1, "%": 0.012345679012345678}, "1": {"num": 7, "%": 0.08641975308641975}, "2": {"num": 3, "%": 0.037037037037037035}, "3": {"num": 2, "%": 0.024691358024691357}, "4": {"num": 1, "%": 0.012345679012345678}, "6": {"num": 6, "%": 0.07407407407407407}, "10": {"num": 1, "%": 0.012345679012345678}, "11": {"num": 3, "%": 0.037037037037037035}, "14": {"num": 2, "%": 0.024691358024691357}, "17": {"num": 1, "%": 0.012345679012345678}, "18": {"num": 1, "%": 0.012345679012345678}, "22": {"num": 6, "%": 0.07407407407407407}, "29": {"num": 1, "%": 0.012345679012345678}, "32": {"num": 1, "%": 0.012345679012345678}}}, "8": {"num": 56, "community_belong": {"0": {"num": 2, "%": 0.03571428571428571}, "1": {"num": 7, "%": 0.125}, "2": {"num": 1, "%": 0.017857142857142856}, "3": {"num": 1, "%": 0.017857142857142856}, "4": {"num": 2, "%": 0.03571428571428571}, "6": {"num": 1, "%": 0.017857142857142856}, "7": {"num": 2, "%": 0.03571428571428571}, "8": {"num": 3, "%": 0.05357142857142857}, "11": {"num": 1, "%": 0.017857142857142856}, "13": {"num": 1, "%": 0.017857142857142856}, "14": {"num": 1, "%": 0.017857142857142856}, "30": {"num": 1, "%": 0.017857142857142856}}}, "9": {"num": 23, "community_belong": {"1": {"num": 4, "%": 0.17391304347826086}, "2": {"num": 2, "%": 0.08695652173913043}, "6": {"num": 2, "%": 0.08695652173913043}, "7": {"num": 1, "%": 0.043478260869565216}, "15": {"num": 1, "%": 0.043478260869565216}, "16": {"num": 1, "%": 0.043478260869565216}, "18": {"num": 1, "%": 0.043478260869565216}}}, "10": {"num": 10, "community_belong": {"1": {"num": 1, "%": 0.1}, "2": {"num": 3, "%": 0.3}, "6": {"num": 1, "%": 0.1}, "21": {"num": 1, "%": 0.1}}}, "11": {"num": 20, "community_belong": {"1": {"num": 2, "%": 0.1}, "2": {"num": 2, "%": 0.1}, "15": {"num": 1, "%": 0.05}, "18": {"num": 1, "%": 0.05}, "22": {"num": 4, "%": 0.2}, "32": {"num": 1, "%": 0.05}}}, "12": {"num": 3, "community_belong": {"17": {"num": 1, "%": 0.3333333333333333}}}}