{"0": {"num": 205, "community_belong": {"0": {"num": 5, "%": 0.024390243902439025}, "1": {"num": 14, "%": 0.06829268292682927}, "2": {"num": 12, "%": 0.05853658536585366}, "3": {"num": 2, "%": 0.00975609756097561}, "4": {"num": 8, "%": 0.03902439024390244}, "5": {"num": 1, "%": 0.004878048780487805}, "6": {"num": 6, "%": 0.02926829268292683}, "7": {"num": 1, "%": 0.004878048780487805}, "8": {"num": 4, "%": 0.01951219512195122}, "11": {"num": 3, "%": 0.014634146341463415}, "12": {"num": 1, "%": 0.004878048780487805}, "13": {"num": 1, "%": 0.004878048780487805}, "14": {"num": 3, "%": 0.014634146341463415}, "18": {"num": 3, "%": 0.014634146341463415}, "22": {"num": 4, "%": 0.01951219512195122}, "29": {"num": 3, "%": 0.014634146341463415}}}, "1": {"num": 81, "community_belong": {"0": {"num": 5, "%": 0.06172839506172839}, "1": {"num": 5, "%": 0.06172839506172839}, "2": {"num": 5, "%": 0.06172839506172839}, "3": {"num": 3, "%": 0.037037037037037035}, "4": {"num": 1, "%": 0.012345679012345678}, "5": {"num": 1, "%": 0.012345679012345678}, "11": {"num": 1, "%": 0.012345679012345678}, "14": {"num": 1, "%": 0.012345679012345678}, "15": {"num": 1, "%": 0.012345679012345678}, "22": {"num": 1, "%": 0.012345679012345678}}}, "2": {"num": 116, "community_belong": {"0": {"num": 2, "%": 0.017241379310344827}, "1": {"num": 7, "%": 0.0603448275862069}, "2": {"num": 7, "%": 0.0603448275862069}, "3": {"num": 2, "%": 0.017241379310344827}, "4": {"num": 1, "%": 0.008620689655172414}, "5": {"num": 3, "%": 0.02586206896551724}, "6": {"num": 5, "%": 0.04310344827586207}, "7": {"num": 2, "%": 0.017241379310344827}, "8": {"num": 2, "%": 0.017241379310344827}, "10": {"num": 1, "%": 0.008620689655172414}, "11": {"num": 1, "%": 0.008620689655172414}, "13": {"num": 1, "%": 0.008620689655172414}, "14": {"num": 3, "%": 0.02586206896551724}, "15": {"num": 2, "%": 0.017241379310344827}, "16": {"num": 1, "%": 0.008620689655172414}, "17": {"num": 1, "%": 0.008620689655172414}, "21": {"num": 2, "%": 0.017241379310344827}, "22": {"num": 1, "%": 0.008620689655172414}, "29": {"num": 1, "%": 0.008620689655172414}}}, "3": {"num": 38, "community_belong": {"1": {"num": 6, "%": 0.15789473684210525}, "2": {"num": 7, "%": 0.18421052631578946}, "3": {"num": 1, "%": 0.02631578947368421}, "4": {"num": 3, "%": 0.07894736842105263}, "6": {"num": 2, "%": 0.05263157894736842}, "9": {"num": 3, "%": 0.07894736842105263}, "11": {"num": 1, "%": 0.02631578947368421}, "13": {"num": 1, "%": 0.02631578947368421}, "18": {"num": 1, "%": 0.02631578947368421}, "23": {"num": 1, "%": 0.02631578947368421}, "29": {"num": 1, "%": 0.02631578947368421}}}, "4": {"num": 12, "community_belong": {"1": {"num": 3, "%": 0.25}, "2": {"num": 1, "%": 0.08333333333333333}, "7": {"num": 1, "%": 0.08333333333333333}, "11": {"num": 1, "%": 0.08333333333333333}, "14": {"num": 1, "%": 0.08333333333333333}, "29": {"num": 2, "%": 0.16666666666666666}}}, "5": {"num": 15, "community_belong": {"0": {"num": 1, "%": 0.06666666666666667}, "2": {"num": 1, "%": 0.06666666666666667}, "6": {"num": 1, "%": 0.06666666666666667}, "11": {"num": 2, "%": 0.13333333333333333}, "17": {"num": 1, "%": 0.06666666666666667}, "18": {"num": 1, "%": 0.06666666666666667}}}, "6": {"num": 37, "community_belong": {"0": {"num": 1, "%": 0.02702702702702703}, "1": {"num": 3, "%": 0.08108108108108109}, "2": {"num": 3, "%": 0.08108108108108109}, "6": {"num": 3, "%": 0.08108108108108109}, "7": {"num": 2, "%": 0.05405405405405406}, "8": {"num": 1, "%": 0.02702702702702703}, "11": {"num": 1, "%": 0.02702702702702703}, "15": {"num": 1, "%": 0.02702702702702703}, "16": {"num": 3, "%": 0.08108108108108109}, "17": {"num": 2, "%": 0.05405405405405406}, "18": {"num": 1, "%": 0.02702702702702703}, "22": {"num": 1, "%": 0.02702702702702703}, "28": {"num": 1, "%": 0.02702702702702703}, "32": {"num": 1, "%": 0.02702702702702703}}}, "7": {"num": 10, "community_belong": {"2": {"num": 1, "%": 0.1}, "9": {"num": 2, "%": 0.2}, "19": {"num": 1, "%": 0.1}}}, "8": {"num": 31, "community_belong": {"0": {"num": 1, "%": 0.03225806451612903}, "1": {"num": 7, "%": 0.22580645161290322}, "4": {"num": 3, "%": 0.0967741935483871}, "6": {"num": 2, "%": 0.06451612903225806}, "8": {"num": 2, "%": 0.06451612903225806}, "11": {"num": 1, "%": 0.03225806451612903}}}, "9": {"num": 4, "community_belong": {"1": {"num": 1, "%": 0.25}, "3": {"num": 1, "%": 0.25}}}, "10": {"num": 9, "community_belong": {"2": {"num": 1, "%": 0.1111111111111111}, "11": {"num": 1, "%": 0.1111111111111111}}}}