{"0": {"num": 939, "community_belong": {"0": {"num": 22, "%": 0.023429179978700747}, "1": {"num": 688, "%": 0.7326943556975506}, "2": {"num": 15, "%": 0.01597444089456869}, "3": {"num": 1, "%": 0.0010649627263045794}, "4": {"num": 13, "%": 0.013844515441959531}, "5": {"num": 1, "%": 0.0010649627263045794}, "7": {"num": 1, "%": 0.0010649627263045794}, "8": {"num": 47, "%": 0.05005324813631523}, "10": {"num": 3, "%": 0.003194888178913738}, "11": {"num": 4, "%": 0.004259850905218318}, "13": {"num": 10, "%": 0.010649627263045794}, "14": {"num": 28, "%": 0.029818956336528223}, "16": {"num": 43, "%": 0.04579339723109691}, "17": {"num": 50, "%": 0.05324813631522897}, "19": {"num": 3, "%": 0.003194888178913738}, "20": {"num": 3, "%": 0.003194888178913738}, "25": {"num": 4, "%": 0.004259850905218318}, "29": {"num": 1, "%": 0.0010649627263045794}, "33": {"num": 2, "%": 0.002129925452609159}}}, "1": {"num": 526, "community_belong": {"0": {"num": 3, "%": 0.005703422053231939}, "2": {"num": 389, "%": 0.7395437262357415}, "4": {"num": 2, "%": 0.0038022813688212928}, "6": {"num": 2, "%": 0.0038022813688212928}, "8": {"num": 3, "%": 0.005703422053231939}, "9": {"num": 10, "%": 0.019011406844106463}, "11": {"num": 1, "%": 0.0019011406844106464}, "12": {"num": 2, "%": 0.0038022813688212928}, "15": {"num": 63, "%": 0.11977186311787072}, "18": {"num": 6, "%": 0.011406844106463879}, "23": {"num": 1, "%": 0.0019011406844106464}, "24": {"num": 32, "%": 0.060836501901140684}, "27": {"num": 2, "%": 0.0038022813688212928}, "32": {"num": 10, "%": 0.019011406844106463}}}, "2": {"num": 205, "community_belong": {"0": {"num": 1, "%": 0.004878048780487805}, "2": {"num": 1, "%": 0.004878048780487805}, "6": {"num": 9, "%": 0.04390243902439024}, "7": {"num": 16, "%": 0.07804878048780488}, "10": {"num": 1, "%": 0.004878048780487805}, "11": {"num": 74, "%": 0.36097560975609755}, "18": {"num": 72, "%": 0.35121951219512193}, "23": {"num": 6, "%": 0.02926829268292683}, "28": {"num": 1, "%": 0.004878048780487805}, "29": {"num": 8, "%": 0.03902439024390244}, "30": {"num": 12, "%": 0.05853658536585366}, "32": {"num": 4, "%": 0.01951219512195122}}}, "3": {"num": 357, "community_belong": {"0": {"num": 21, "%": 0.058823529411764705}, "1": {"num": 66, "%": 0.18487394957983194}, "2": {"num": 44, "%": 0.12324929971988796}, "3": {"num": 5, "%": 0.014005602240896359}, "4": {"num": 39, "%": 0.1092436974789916}, "6": {"num": 6, "%": 0.01680672268907563}, "8": {"num": 86, "%": 0.24089635854341737}, "10": {"num": 8, "%": 0.022408963585434174}, "11": {"num": 1, "%": 0.0028011204481792717}, "12": {"num": 1, "%": 0.0028011204481792717}, "13": {"num": 29, "%": 0.08123249299719888}, "14": {"num": 46, "%": 0.12885154061624648}, "17": {"num": 1, "%": 0.0028011204481792717}, "18": {"num": 2, "%": 0.0056022408963585435}, "25": {"num": 2, "%": 0.0056022408963585435}}}, "4": {"num": 74, "community_belong": {"0": {"num": 55, "%": 0.7432432432432432}, "1": {"num": 2, "%": 0.02702702702702703}, "10": {"num": 3, "%": 0.04054054054054054}, "13": {"num": 4, "%": 0.05405405405405406}, "14": {"num": 9, "%": 0.12162162162162163}, "19": {"num": 1, "%": 0.013513513513513514}}}, "5": {"num": 36, "community_belong": {"3": {"num": 36, "%": 1.0}}}, "6": {"num": 189, "community_belong": {"2": {"num": 2, "%": 0.010582010582010581}, "3": {"num": 4, "%": 0.021164021164021163}, "4": {"num": 3, "%": 0.015873015873015872}, "6": {"num": 175, "%": 0.9259259259259259}, "7": {"num": 1, "%": 0.005291005291005291}, "8": {"num": 1, "%": 0.005291005291005291}, "11": {"num": 3, "%": 0.015873015873015872}}}, "7": {"num": 87, "community_belong": {"1": {"num": 2, "%": 0.022988505747126436}, "2": {"num": 8, "%": 0.09195402298850575}, "9": {"num": 41, "%": 0.47126436781609193}, "11": {"num": 11, "%": 0.12643678160919541}, "18": {"num": 4, "%": 0.04597701149425287}, "28": {"num": 21, "%": 0.2413793103448276}}}, "8": {"num": 13, "community_belong": {"4": {"num": 4, "%": 0.3076923076923077}, "5": {"num": 9, "%": 0.6923076923076923}}}, "9": {"num": 4, "community_belong": {"18": {"num": 4, "%": 1.0}}}, "10": {"num": 25, "community_belong": {"2": {"num": 3, "%": 0.12}, "8": {"num": 12, "%": 0.48}, "13": {"num": 10, "%": 0.4}}}, "11": {"num": 57, "community_belong": {"7": {"num": 57, "%": 1.0}}}, "12": {"num": 23, "community_belong": {"21": {"num": 23, "%": 1.0}}}, "13": {"num": 64, "community_belong": {"18": {"num": 7, "%": 0.109375}, "29": {"num": 57, "%": 0.890625}}}, "14": {"num": 101, "community_belong": {"0": {"num": 1, "%": 0.009900990099009901}, "1": {"num": 4, "%": 0.039603960396039604}, "2": {"num": 1, "%": 0.009900990099009901}, "4": {"num": 66, "%": 0.6534653465346535}, "6": {"num": 5, "%": 0.04950495049504951}, "11": {"num": 21, "%": 0.2079207920792079}, "12": {"num": 1, "%": 0.009900990099009901}, "24": {"num": 2, "%": 0.019801980198019802}}}, "15": {"num": 61, "community_belong": {"22": {"num": 61, "%": 1.0}}}, "16": {"num": 11, "community_belong": {"1": {"num": 7, "%": 0.6363636363636364}, "31": {"num": 4, "%": 0.36363636363636365}}}, "17": {"num": 13, "community_belong": {"5": {"num": 13, "%": 1.0}}}, "18": {"num": 3, "community_belong": {"17": {"num": 3, "%": 1.0}}}, "19": {"num": 5, "community_belong": {"26": {"num": 5, "%": 1.0}}}}