{"0": {"num": 336, "community_belong": {"0": {"num": 3, "%": 0.008928571428571428}, "4": {"num": 66, "%": 0.19642857142857142}, "6": {"num": 248, "%": 0.7380952380952381}, "7": {"num": 4, "%": 0.011904761904761904}, "11": {"num": 11, "%": 0.03273809523809524}, "18": {"num": 2, "%": 0.005952380952380952}, "22": {"num": 1, "%": 0.002976190476190476}, "29": {"num": 1, "%": 0.002976190476190476}}}, "1": {"num": 667, "community_belong": {"2": {"num": 480, "%": 0.719640179910045}, "4": {"num": 2, "%": 0.0029985007496251873}, "8": {"num": 1, "%": 0.0014992503748125937}, "9": {"num": 50, "%": 0.07496251874062969}, "11": {"num": 3, "%": 0.004497751124437781}, "12": {"num": 5, "%": 0.0074962518740629685}, "15": {"num": 88, "%": 0.13193403298350825}, "18": {"num": 9, "%": 0.013493253373313344}, "21": {"num": 1, "%": 0.0014992503748125937}, "23": {"num": 3, "%": 0.004497751124437781}, "24": {"num": 8, "%": 0.01199400299850075}, "26": {"num": 7, "%": 0.010494752623688156}, "27": {"num": 3, "%": 0.004497751124437781}, "29": {"num": 4, "%": 0.005997001499250375}, "30": {"num": 1, "%": 0.0014992503748125937}, "32": {"num": 2, "%": 0.0029985007496251873}}}, "2": {"num": 72, "community_belong": {"18": {"num": 3, "%": 0.041666666666666664}, "29": {"num": 69, "%": 0.9583333333333334}}}, "3": {"num": 442, "community_belong": {"0": {"num": 39, "%": 0.08823529411764706}, "1": {"num": 62, "%": 0.14027149321266968}, "2": {"num": 50, "%": 0.11312217194570136}, "3": {"num": 5, "%": 0.011312217194570135}, "4": {"num": 60, "%": 0.13574660633484162}, "6": {"num": 3, "%": 0.006787330316742082}, "7": {"num": 1, "%": 0.0022624434389140274}, "8": {"num": 108, "%": 0.24434389140271492}, "10": {"num": 22, "%": 0.049773755656108594}, "11": {"num": 2, "%": 0.004524886877828055}, "13": {"num": 19, "%": 0.042986425339366516}, "14": {"num": 58, "%": 0.13122171945701358}, "17": {"num": 1, "%": 0.0022624434389140274}, "18": {"num": 3, "%": 0.006787330316742082}, "19": {"num": 3, "%": 0.006787330316742082}, "25": {"num": 3, "%": 0.006787330316742082}, "31": {"num": 3, "%": 0.006787330316742082}}}, "4": {"num": 1062, "community_belong": {"0": {"num": 28, "%": 0.026365348399246705}, "1": {"num": 805, "%": 0.7580037664783428}, "2": {"num": 7, "%": 0.006591337099811676}, "3": {"num": 7, "%": 0.006591337099811676}, "4": {"num": 8, "%": 0.007532956685499058}, "5": {"num": 1, "%": 0.0009416195856873823}, "7": {"num": 4, "%": 0.003766478342749529}, "8": {"num": 67, "%": 0.06308851224105462}, "10": {"num": 3, "%": 0.002824858757062147}, "11": {"num": 3, "%": 0.002824858757062147}, "13": {"num": 16, "%": 0.015065913370998116}, "14": {"num": 27, "%": 0.025423728813559324}, "16": {"num": 44, "%": 0.04143126177024482}, "17": {"num": 27, "%": 0.025423728813559324}, "19": {"num": 6, "%": 0.005649717514124294}, "20": {"num": 3, "%": 0.002824858757062147}, "25": {"num": 5, "%": 0.004708097928436911}, "33": {"num": 1, "%": 0.0009416195856873823}}}, "5": {"num": 36, "community_belong": {"1": {"num": 4, "%": 0.1111111111111111}, "4": {"num": 3, "%": 0.08333333333333333}, "17": {"num": 29, "%": 0.8055555555555556}}}, "6": {"num": 161, "community_belong": {"1": {"num": 27, "%": 0.16770186335403728}, "2": {"num": 8, "%": 0.049689440993788817}, "4": {"num": 5, "%": 0.031055900621118012}, "6": {"num": 2, "%": 0.012422360248447204}, "7": {"num": 1, "%": 0.006211180124223602}, "11": {"num": 105, "%": 0.6521739130434783}, "16": {"num": 3, "%": 0.018633540372670808}, "29": {"num": 1, "%": 0.006211180124223602}, "32": {"num": 9, "%": 0.055900621118012424}}}, "7": {"num": 164, "community_belong": {"2": {"num": 2, "%": 0.012195121951219513}, "7": {"num": 90, "%": 0.5487804878048781}, "9": {"num": 1, "%": 0.006097560975609756}, "11": {"num": 28, "%": 0.17073170731707318}, "12": {"num": 2, "%": 0.012195121951219513}, "15": {"num": 1, "%": 0.006097560975609756}, "24": {"num": 39, "%": 0.23780487804878048}, "29": {"num": 1, "%": 0.006097560975609756}}}, "8": {"num": 73, "community_belong": {"22": {"num": 73, "%": 1.0}}}, "9": {"num": 80, "community_belong": {"18": {"num": 78, "%": 0.975}, "23": {"num": 2, "%": 0.025}}}, "10": {"num": 88, "community_belong": {"0": {"num": 31, "%": 0.3522727272727273}, "1": {"num": 2, "%": 0.022727272727272728}, "3": {"num": 29, "%": 0.32954545454545453}, "5": {"num": 9, "%": 0.10227272727272728}, "16": {"num": 17, "%": 0.19318181818181818}}}, "11": {"num": 107, "community_belong": {"0": {"num": 5, "%": 0.04672897196261682}, "2": {"num": 1, "%": 0.009345794392523364}, "5": {"num": 12, "%": 0.11214953271028037}, "6": {"num": 2, "%": 0.018691588785046728}, "18": {"num": 23, "%": 0.21495327102803738}, "21": {"num": 37, "%": 0.34579439252336447}, "23": {"num": 2, "%": 0.018691588785046728}, "28": {"num": 25, "%": 0.2336448598130841}}}, "12": {"num": 7, "community_belong": {"30": {"num": 7, "%": 1.0}}}, "13": {"num": 15, "community_belong": {"2": {"num": 1, "%": 0.06666666666666667}, "4": {"num": 1, "%": 0.06666666666666667}, "13": {"num": 13, "%": 0.8666666666666667}}}, "14": {"num": 6, "community_belong": {"1": {"num": 3, "%": 0.5}, "10": {"num": 3, "%": 0.5}}}, "15": {"num": 8, "community_belong": {"14": {"num": 8, "%": 1.0}}}, "16": {"num": 6, "community_belong": {"3": {"num": 6, "%": 1.0}}}, "17": {"num": 15, "community_belong": {"1": {"num": 6, "%": 0.4}, "8": {"num": 7, "%": 0.4666666666666667}, "31": {"num": 2, "%": 0.13333333333333333}}}, "18": {"num": 3, "community_belong": {"1": {"num": 3, "%": 1.0}}}, "19": {"num": 2, "community_belong": {"6": {"num": 2, "%": 1.0}}}, "20": {"num": 2, "community_belong": {"29": {"num": 2, "%": 1.0}}}}