{"0": {"num": 192, "community_belong": {"0": {"num": 6, "%": 0.03125}, "1": {"num": 12, "%": 0.0625}, "2": {"num": 10, "%": 0.052083333333333336}, "3": {"num": 2, "%": 0.010416666666666666}, "4": {"num": 7, "%": 0.036458333333333336}, "5": {"num": 2, "%": 0.010416666666666666}, "6": {"num": 11, "%": 0.057291666666666664}, "7": {"num": 1, "%": 0.005208333333333333}, "10": {"num": 2, "%": 0.010416666666666666}, "11": {"num": 3, "%": 0.015625}, "13": {"num": 1, "%": 0.005208333333333333}, "14": {"num": 1, "%": 0.005208333333333333}, "17": {"num": 1, "%": 0.005208333333333333}, "18": {"num": 3, "%": 0.015625}, "22": {"num": 3, "%": 0.015625}, "24": {"num": 1, "%": 0.005208333333333333}, "26": {"num": 1, "%": 0.005208333333333333}, "29": {"num": 2, "%": 0.010416666666666666}}}, "1": {"num": 125, "community_belong": {"0": {"num": 3, "%": 0.024}, "1": {"num": 9, "%": 0.072}, "2": {"num": 8, "%": 0.064}, "3": {"num": 4, "%": 0.032}, "4": {"num": 1, "%": 0.008}, "5": {"num": 1, "%": 0.008}, "6": {"num": 7, "%": 0.056}, "7": {"num": 3, "%": 0.024}, "8": {"num": 3, "%": 0.024}, "10": {"num": 1, "%": 0.008}, "11": {"num": 3, "%": 0.024}, "13": {"num": 2, "%": 0.016}, "14": {"num": 1, "%": 0.008}, "15": {"num": 1, "%": 0.008}, "17": {"num": 1, "%": 0.008}, "21": {"num": 1, "%": 0.008}, "22": {"num": 1, "%": 0.008}, "24": {"num": 2, "%": 0.016}, "28": {"num": 2, "%": 0.016}}}, "2": {"num": 69, "community_belong": {"1": {"num": 6, "%": 0.08695652173913043}, "2": {"num": 3, "%": 0.043478260869565216}, "3": {"num": 1, "%": 0.014492753623188406}, "6": {"num": 1, "%": 0.014492753623188406}, "7": {"num": 1, "%": 0.014492753623188406}, "8": {"num": 2, "%": 0.028985507246376812}, "10": {"num": 1, "%": 0.014492753623188406}, "14": {"num": 1, "%": 0.014492753623188406}, "15": {"num": 1, "%": 0.014492753623188406}, "17": {"num": 1, "%": 0.014492753623188406}, "24": {"num": 3, "%": 0.043478260869565216}}}, "3": {"num": 64, "community_belong": {"0": {"num": 3, "%": 0.046875}, "1": {"num": 6, "%": 0.09375}, "2": {"num": 4, "%": 0.0625}, "3": {"num": 2, "%": 0.03125}, "4": {"num": 2, "%": 0.03125}, "6": {"num": 2, "%": 0.03125}, "11": {"num": 2, "%": 0.03125}, "14": {"num": 1, "%": 0.015625}, "18": {"num": 3, "%": 0.046875}, "22": {"num": 2, "%": 0.03125}, "24": {"num": 1, "%": 0.015625}, "29": {"num": 1, "%": 0.015625}}}, "4": {"num": 33, "community_belong": {"1": {"num": 3, "%": 0.09090909090909091}, "2": {"num": 1, "%": 0.030303030303030304}, "3": {"num": 1, "%": 0.030303030303030304}, "4": {"num": 3, "%": 0.09090909090909091}, "5": {"num": 2, "%": 0.06060606060606061}, "6": {"num": 1, "%": 0.030303030303030304}, "7": {"num": 1, "%": 0.030303030303030304}, "14": {"num": 1, "%": 0.030303030303030304}, "15": {"num": 1, "%": 0.030303030303030304}, "22": {"num": 1, "%": 0.030303030303030304}, "30": {"num": 1, "%": 0.030303030303030304}}}, "5": {"num": 63, "community_belong": {"0": {"num": 2, "%": 0.031746031746031744}, "1": {"num": 1, "%": 0.015873015873015872}, "2": {"num": 2, "%": 0.031746031746031744}, "3": {"num": 1, "%": 0.015873015873015872}, "8": {"num": 1, "%": 0.015873015873015872}, "11": {"num": 3, "%": 0.047619047619047616}, "14": {"num": 1, "%": 0.015873015873015872}, "15": {"num": 1, "%": 0.015873015873015872}, "17": {"num": 1, "%": 0.015873015873015872}, "18": {"num": 1, "%": 0.015873015873015872}, "22": {"num": 3, "%": 0.047619047619047616}, "29": {"num": 1, "%": 0.015873015873015872}}}, "6": {"num": 42, "community_belong": {"0": {"num": 2, "%": 0.047619047619047616}, "1": {"num": 2, "%": 0.047619047619047616}, "2": {"num": 2, "%": 0.047619047619047616}, "3": {"num": 2, "%": 0.047619047619047616}, "6": {"num": 1, "%": 0.023809523809523808}, "7": {"num": 1, "%": 0.023809523809523808}, "8": {"num": 1, "%": 0.023809523809523808}, "15": {"num": 2, "%": 0.047619047619047616}, "16": {"num": 1, "%": 0.023809523809523808}, "18": {"num": 1, "%": 0.023809523809523808}, "19": {"num": 1, "%": 0.023809523809523808}, "23": {"num": 1, "%": 0.023809523809523808}}}, "7": {"num": 73, "community_belong": {"0": {"num": 3, "%": 0.0410958904109589}, "1": {"num": 4, "%": 0.0547945205479452}, "2": {"num": 6, "%": 0.0821917808219178}, "3": {"num": 3, "%": 0.0410958904109589}, "4": {"num": 2, "%": 0.0273972602739726}, "8": {"num": 1, "%": 0.0136986301369863}, "11": {"num": 1, "%": 0.0136986301369863}, "12": {"num": 1, "%": 0.0136986301369863}, "18": {"num": 5, "%": 0.0684931506849315}, "23": {"num": 1, "%": 0.0136986301369863}, "24": {"num": 2, "%": 0.0273972602739726}, "29": {"num": 2, "%": 0.0273972602739726}}}, "8": {"num": 40, "community_belong": {"0": {"num": 1, "%": 0.025}, "1": {"num": 3, "%": 0.075}, "2": {"num": 1, "%": 0.025}, "4": {"num": 4, "%": 0.1}, "6": {"num": 2, "%": 0.05}, "11": {"num": 1, "%": 0.025}}}, "9": {"num": 16, "community_belong": {"1": {"num": 1, "%": 0.0625}, "2": {"num": 1, "%": 0.0625}, "3": {"num": 1, "%": 0.0625}, "11": {"num": 1, "%": 0.0625}, "14": {"num": 1, "%": 0.0625}}}, "10": {"num": 38, "community_belong": {"1": {"num": 1, "%": 0.02631578947368421}, "2": {"num": 6, "%": 0.15789473684210525}, "6": {"num": 2, "%": 0.05263157894736842}, "8": {"num": 1, "%": 0.02631578947368421}, "9": {"num": 1, "%": 0.02631578947368421}, "18": {"num": 4, "%": 0.10526315789473684}, "23": {"num": 1, "%": 0.02631578947368421}, "24": {"num": 1, "%": 0.02631578947368421}, "29": {"num": 1, "%": 0.02631578947368421}}}, "11": {"num": 51, "community_belong": {"0": {"num": 3, "%": 0.058823529411764705}, "1": {"num": 6, "%": 0.11764705882352941}, "2": {"num": 2, "%": 0.0392156862745098}, "6": {"num": 6, "%": 0.11764705882352941}, "7": {"num": 1, "%": 0.0196078431372549}, "8": {"num": 1, "%": 0.0196078431372549}, "10": {"num": 1, "%": 0.0196078431372549}, "17": {"num": 1, "%": 0.0196078431372549}, "18": {"num": 1, "%": 0.0196078431372549}, "19": {"num": 1, "%": 0.0196078431372549}, "22": {"num": 1, "%": 0.0196078431372549}, "29": {"num": 1, "%": 0.0196078431372549}}}, "12": {"num": 37, "community_belong": {"1": {"num": 4, "%": 0.10810810810810811}, "2": {"num": 1, "%": 0.02702702702702703}, "3": {"num": 1, "%": 0.02702702702702703}, "4": {"num": 1, "%": 0.02702702702702703}, "6": {"num": 4, "%": 0.10810810810810811}, "8": {"num": 2, "%": 0.05405405405405406}, "13": {"num": 1, "%": 0.02702702702702703}, "22": {"num": 1, "%": 0.02702702702702703}, "24": {"num": 1, "%": 0.02702702702702703}}}, "13": {"num": 10, "community_belong": {"4": {"num": 3, "%": 0.3}, "7": {"num": 1, "%": 0.1}, "22": {"num": 1, "%": 0.1}}}, "14": {"num": 15, "community_belong": {"1": {"num": 2, "%": 0.13333333333333333}, "2": {"num": 2, "%": 0.13333333333333333}}}, "15": {"num": 16, "community_belong": {"1": {"num": 2, "%": 0.125}, "2": {"num": 3, "%": 0.1875}, "4": {"num": 1, "%": 0.0625}, "15": {"num": 1, "%": 0.0625}}}, "16": {"num": 53, "community_belong": {"0": {"num": 1, "%": 0.018867924528301886}, "1": {"num": 3, "%": 0.05660377358490566}, "2": {"num": 6, "%": 0.11320754716981132}, "3": {"num": 2, "%": 0.03773584905660377}, "6": {"num": 1, "%": 0.018867924528301886}, "7": {"num": 1, "%": 0.018867924528301886}, "11": {"num": 3, "%": 0.05660377358490566}, "18": {"num": 3, "%": 0.05660377358490566}, "21": {"num": 1, "%": 0.018867924528301886}, "23": {"num": 1, "%": 0.018867924528301886}, "29": {"num": 2, "%": 0.03773584905660377}}}, "17": {"num": 32, "community_belong": {"1": {"num": 2, "%": 0.0625}, "2": {"num": 4, "%": 0.125}, "3": {"num": 2, "%": 0.0625}, "5": {"num": 1, "%": 0.03125}, "11": {"num": 2, "%": 0.0625}, "22": {"num": 1, "%": 0.03125}}}, "18": {"num": 36, "community_belong": {"0": {"num": 1, "%": 0.027777777777777776}, "1": {"num": 3, "%": 0.08333333333333333}, "2": {"num": 4, "%": 0.1111111111111111}, "4": {"num": 4, "%": 0.1111111111111111}, "6": {"num": 5, "%": 0.1388888888888889}, "11": {"num": 1, "%": 0.027777777777777776}, "16": {"num": 1, "%": 0.027777777777777776}, "18": {"num": 1, "%": 0.027777777777777776}, "29": {"num": 1, "%": 0.027777777777777776}, "32": {"num": 1,