{"0": {"num": 157, "community_belong": {"0": {"num": 12, "%": 0.07643312101910828}, "1": {"num": 114, "%": 0.7261146496815286}, "2": {"num": 1, "%": 0.006369426751592357}, "3": {"num": 2, "%": 0.012738853503184714}, "4": {"num": 1, "%": 0.006369426751592357}, "8": {"num": 9, "%": 0.05732484076433121}, "10": {"num": 2, "%": 0.012738853503184714}, "11": {"num": 2, "%": 0.012738853503184714}, "13": {"num": 4, "%": 0.025477707006369428}, "14": {"num": 7, "%": 0.044585987261146494}, "16": {"num": 2, "%": 0.012738853503184714}, "25": {"num": 1, "%": 0.006369426751592357}}}, "1": {"num": 145, "community_belong": {"1": {"num": 110, "%": 0.7586206896551724}, "2": {"num": 7, "%": 0.04827586206896552}, "4": {"num": 7, "%": 0.04827586206896552}, "8": {"num": 3, "%": 0.020689655172413793}, "11": {"num": 6, "%": 0.041379310344827586}, "13": {"num": 1, "%": 0.006896551724137931}, "14": {"num": 3, "%": 0.020689655172413793}, "16": {"num": 5, "%": 0.034482758620689655}, "17": {"num": 2, "%": 0.013793103448275862}, "20": {"num": 1, "%": 0.006896551724137931}}}, "2": {"num": 216, "community_belong": {"0": {"num": 38, "%": 0.17592592592592593}, "1": {"num": 28, "%": 0.12962962962962962}, "2": {"num": 29, "%": 0.13425925925925927}, "3": {"num": 16, "%": 0.07407407407407407}, "4": {"num": 11, "%": 0.05092592592592592}, "5": {"num": 1, "%": 0.004629629629629629}, "6": {"num": 3, "%": 0.013888888888888888}, "8": {"num": 5, "%": 0.023148148148148147}, "11": {"num": 2, "%": 0.009259259259259259}, "13": {"num": 6, "%": 0.027777777777777776}, "14": {"num": 64, "%": 0.2962962962962963}, "16": {"num": 7, "%": 0.032407407407407406}, "17": {"num": 1, "%": 0.004629629629629629}, "19": {"num": 2, "%": 0.009259259259259259}, "24": {"num": 1, "%": 0.004629629629629629}, "28": {"num": 1, "%": 0.004629629629629629}, "29": {"num": 1, "%": 0.004629629629629629}}}, "3": {"num": 622, "community_belong": {"0": {"num": 20, "%": 0.03215434083601286}, "1": {"num": 426, "%": 0.684887459807074}, "2": {"num": 8, "%": 0.012861736334405145}, "3": {"num": 6, "%": 0.00964630225080386}, "4": {"num": 11, "%": 0.017684887459807074}, "5": {"num": 3, "%": 0.00482315112540193}, "6": {"num": 19, "%": 0.03054662379421222}, "7": {"num": 6, "%": 0.00964630225080386}, "8": {"num": 33, "%": 0.05305466237942122}, "10": {"num": 8, "%": 0.012861736334405145}, "11": {"num": 26, "%": 0.04180064308681672}, "13": {"num": 8, "%": 0.012861736334405145}, "14": {"num": 14, "%": 0.022508038585209004}, "16": {"num": 12, "%": 0.01929260450160772}, "17": {"num": 8, "%": 0.012861736334405145}, "18": {"num": 2, "%": 0.003215434083601286}, "19": {"num": 2, "%": 0.003215434083601286}, "20": {"num": 1, "%": 0.001607717041800643}, "21": {"num": 1, "%": 0.001607717041800643}, "28": {"num": 3, "%": 0.00482315112540193}, "29": {"num": 4, "%": 0.006430868167202572}, "31": {"num": 1, "%": 0.001607717041800643}}}, "4": {"num": 490, "community_belong": {"0": {"num": 3, "%": 0.006122448979591836}, "1": {"num": 9, "%": 0.018367346938775512}, "2": {"num": 371, "%": 0.7571428571428571}, "4": {"num": 1, "%": 0.0020408163265306124}, "6": {"num": 2, "%": 0.004081632653061225}, "7": {"num": 1, "%": 0.0020408163265306124}, "8": {"num": 3, "%": 0.006122448979591836}, "9": {"num": 24, "%": 0.04897959183673469}, "10": {"num": 1, "%": 0.0020408163265306124}, "11": {"num": 7, "%": 0.014285714285714285}, "12": {"num": 6, "%": 0.012244897959183673}, "13": {"num": 1, "%": 0.0020408163265306124}, "15": {"num": 17, "%": 0.03469387755102041}, "17": {"num": 1, "%": 0.0020408163265306124}, "18": {"num": 6, "%": 0.012244897959183673}, "21": {"num": 9, "%": 0.018367346938775512}, "23": {"num": 2, "%": 0.004081632653061225}, "24": {"num": 15, "%": 0.030612244897959183}, "26": {"num": 3, "%": 0.006122448979591836}, "27": {"num": 1, "%": 0.0020408163265306124}, "28": {"num": 1, "%": 0.0020408163265306124}, "29": {"num": 3, "%": 0.006122448979591836}, "30": {"num": 2, "%": 0.004081632653061225}, "32": {"num": 1, "%": 0.0020408163265306124}}}, "5": {"num": 97, "community_belong": {"0": {"num": 1, "%": 0.010309278350515464}, "1": {"num": 12, "%": 0.12371134020618557}, "2": {"num": 1, "%": 0.010309278350515464}, "4": {"num": 1, "%": 0.010309278350515464}, "6": {"num": 1, "%": 0.010309278350515464}, "7": {"num": 5, "%": 0.05154639175257732}, "8": {"num": 32, "%": 0.32989690721649484}, "11": {"num": 44, "%": 0.4536082474226804}}}, "6": {"num": 147, "community_belong": {"0": {"num": 15, "%": 0.10204081632653061}, "1": {"num": 100, "%": 0.6802721088435374}, "2": {"num": 2, "%": 0.013605442176870748}, "3": {"num": 6, "%": 0.04081632653061224}, "4": {"num": 2, "%": 0.013605442176870748}, "5": {"num": 6, "%": 0.04081632653061224}, "6": {"num": 2, "%": 0.013605442176870748}, "7": {"num": 1, "%": 0.006802721088435374}, "8": {"num": 3, "%": 0.02040816326530612}, "10": {"num": 1, "%": 0.006802721088435374}, "11": {"num": 2, "%": 0.013605442176870748}, "13": {"num": 1, "%": 0.006802721088435374}, "14": {"num": 2, "%": 0.013605442176870748}, "16": {"num": 2, "%": 0.013605442176870748}, "24": {"num": 1, "%": 0.006802721088435374}, "33": {"num": 1, "%": 0.006802721088435374}}}, "7": {"num": 134, "community_belong": {"0": {"num": 1, "%": 0.007462686567164179}, "1": {"num": 109, "%": 0.8134328358208955}, "4": {"num": 15, "%": 0.11194029850746269}, "8": {"num": 3, "%": 0.022388059701492536}, "10": {"num": 1, "%": 0.007462686567164179}, "14": {"num": 5, "%": 0.03731343283582089}}}, "8": {"num": 232, "community_belong": {"0": {"num": 2, "%": 0.008620689655172414}, "1": {"num": 8, "%": 0.034482758620689655}, "2": {"num": 10, "%": 0.04310344827586207}, "4": {"num": 92, "%": 0.39655172413793105}, "6": {"num": 100, "%": 0.43103448275862066}, "8": {"num": 4, "%": 0.017241379310344827}, "10": {"num": 1, "%": 0.004310344827586207}, "11": {"num": 5, "%": 0.021551724137931036}, "14": {"num": 1, "%": 0.004310344827586207}, "15": {"num": 3, "%": 0.01293103448275862}, "16": {"num": 2, "%": 0.008620689655172414}, "17": {"num": 2, "%": 0.008620689655172414}, "24": {"num": 1, "%": 0.004310344827586207}, "29": {"num": 1, "%": 0.004310344827586207}}}, "9": {"num": 88, "community_belong": {"0": {"num": 3, "%": 0.03409090909090909}, "1": {"num": 71, "%": 0.8068181818181818}, "2": {"num": 2, "%": 0.022727272727272728}, "3": {"num": 5, "%": 0.056818181818181816}, "4": {"num": 1, "%": 0.011363636363636364}, "10": {"num": 1, "%": 0.011363636363636364}, "13": {"num": 2, "%": 0.022727272727272728}, "19": {"num": 1, "%": 0.011363636363636364}, "20": {"num": 1, "%": 0.011363636363636364}, "30": {"num": 1, "%": 0.011363636363636364}}}, "10": {"num": 91, "community_belong": {"0": {"num": 1, "%": 0.01098901098901099}, "1": {"num": 16, "%": 0.17582417582417584}, "2": {"num": 1, "%": 0.01098901098901099}, "4": {"num": 3, "%": 0.03296703296703297}, "6": {"num": 1, "%": 0.01098901098901099}, "7": {"num": 1, "%": 0.01098901098901099}, "8": {"num": 51, "%": 0.5604395604395604}, "10": {"num": 5, "%": 0.054945054945054944}, "11": {"num": 1, "%": 0.01098901098901099}, "13": {"num": 1, "%": 0.01098901098901099}, "14": {"num": 1, "%": 0.01098901098901099}, "16": {"num": 7, "%": 0.07692307692307693}, "19": {"num": 1, "%": 0.01098901098901099}, "25": {"num": 1, "%": 0.01098901098901099}}}, "11": {"num": 220, "community_belong": {"0": {"num": 4, "%": 0.01818181818181818}, "1": {"num": 127, "%": 0.5772727272727273}, "2": {"num": 17, "%": 0.07727272727272727}, "4": {"num": 7, "%": 0.031818181818181815}, "5": {"num": 1, "%": 0.004545454545454545}, "6": {"num": 6, "%": 0.02727272727272727}, "7": {"num": 4, "%": 0.01818181818181818}, "8": {"num": 8, "%": 0.03636363636363636}, "10": {"num": 1, "%": 0.004545454545454545}, "11": {"num": 17, "%": 0.07727272727272727}, "13": {"num": 4, "%": 0.01818181818181818}, "14": {"num": 6, "%": 0.02727272727272727}, "15": {"num": 1, "%": 0.004545454545454545}, "16": {"num": 3, "%": 0.013636363636363636}, "17": {"num": 6, "%": 0.02727272727272727}, "18": {"num": 2, "%": 0.00909090909090909},