{"0": {"num": 24, "community_belong": {"0": {"num": 9, "%": 0.375}, "1": {"num": 1, "%": 0.041666666666666664}, "3": {"num": 14, "%": 0.5833333333333334}}}, "1": {"num": 324, "community_belong": {"0": {"num": 18, "%": 0.05555555555555555}, "1": {"num": 15, "%": 0.046296296296296294}, "2": {"num": 232, "%": 0.7160493827160493}, "3": {"num": 2, "%": 0.006172839506172839}, "4": {"num": 2, "%": 0.006172839506172839}, "6": {"num": 1, "%": 0.0030864197530864196}, "7": {"num": 2, "%": 0.006172839506172839}, "8": {"num": 2, "%": 0.006172839506172839}, "9": {"num": 6, "%": 0.018518518518518517}, "10": {"num": 3, "%": 0.009259259259259259}, "11": {"num": 6, "%": 0.018518518518518517}, "12": {"num": 1, "%": 0.0030864197530864196}, "13": {"num": 5, "%": 0.015432098765432098}, "14": {"num": 1, "%": 0.0030864197530864196}, "15": {"num": 12, "%": 0.037037037037037035}, "16": {"num": 2, "%": 0.006172839506172839}, "18": {"num": 2, "%": 0.006172839506172839}, "22": {"num": 2, "%": 0.006172839506172839}, "23": {"num": 2, "%": 0.006172839506172839}, "24": {"num": 7, "%": 0.021604938271604937}, "31": {"num": 1, "%": 0.0030864197530864196}}}, "2": {"num": 7, "community_belong": {"2": {"num": 7, "%": 1.0}}}, "3": {"num": 77, "community_belong": {"0": {"num": 1, "%": 0.012987012987012988}, "1": {"num": 10, "%": 0.12987012987012986}, "3": {"num": 7, "%": 0.09090909090909091}, "4": {"num": 31, "%": 0.4025974025974026}, "5": {"num": 3, "%": 0.03896103896103896}, "6": {"num": 2, "%": 0.025974025974025976}, "8": {"num": 14, "%": 0.18181818181818182}, "11": {"num": 2, "%": 0.025974025974025976}, "13": {"num": 1, "%": 0.012987012987012988}, "16": {"num": 1, "%": 0.012987012987012988}, "17": {"num": 2, "%": 0.025974025974025976}, "18": {"num": 3, "%": 0.03896103896103896}}}, "4": {"num": 545, "community_belong": {"0": {"num": 20, "%": 0.03669724770642202}, "1": {"num": 362, "%": 0.6642201834862386}, "2": {"num": 6, "%": 0.011009174311926606}, "4": {"num": 2, "%": 0.003669724770642202}, "5": {"num": 3, "%": 0.005504587155963303}, "7": {"num": 3, "%": 0.005504587155963303}, "8": {"num": 54, "%": 0.09908256880733946}, "10": {"num": 10, "%": 0.01834862385321101}, "11": {"num": 5, "%": 0.009174311926605505}, "13": {"num": 13, "%": 0.023853211009174313}, "14": {"num": 10, "%": 0.01834862385321101}, "16": {"num": 23, "%": 0.04220183486238532}, "17": {"num": 27, "%": 0.04954128440366973}, "18": {"num": 2, "%": 0.003669724770642202}, "22": {"num": 1, "%": 0.001834862385321101}, "25": {"num": 3, "%": 0.005504587155963303}, "29": {"num": 1, "%": 0.001834862385321101}}}, "5": {"num": 92, "community_belong": {"2": {"num": 39, "%": 0.42391304347826086}, "8": {"num": 2, "%": 0.021739130434782608}, "9": {"num": 23, "%": 0.25}, "11": {"num": 6, "%": 0.06521739130434782}, "12": {"num": 3, "%": 0.03260869565217391}, "18": {"num": 2, "%": 0.021739130434782608}, "23": {"num": 4, "%": 0.043478260869565216}, "24": {"num": 12, "%": 0.13043478260869565}, "28": {"num": 1, "%": 0.010869565217391304}}}, "6": {"num": 131, "community_belong": {"1": {"num": 1, "%": 0.007633587786259542}, "4": {"num": 2, "%": 0.015267175572519083}, "5": {"num": 4, "%": 0.030534351145038167}, "6": {"num": 32, "%": 0.24427480916030533}, "7": {"num": 10, "%": 0.07633587786259542}, "11": {"num": 44, "%": 0.33587786259541985}, "13": {"num": 2, "%": 0.015267175572519083}, "18": {"num": 2, "%": 0.015267175572519083}, "22": {"num": 28, "%": 0.21374045801526717}, "28": {"num": 4, "%": 0.030534351145038167}, "32": {"num": 2, "%": 0.015267175572519083}}}, "7": {"num": 156, "community_belong": {"2": {"num": 1, "%": 0.00641025641025641}, "4": {"num": 47, "%": 0.30128205128205127}, "6": {"num": 95, "%": 0.6089743589743589}, "8": {"num": 1, "%": 0.00641025641025641}, "11": {"num": 3, "%": 0.019230769230769232}, "13": {"num": 9, "%": 0.057692307692307696}}}, "8": {"num": 10, "community_belong": {"18": {"num": 2, "%": 0.2}, "29": {"num": 8, "%": 0.8}}}, "9": {"num": 24, "community_belong": {"29": {"num": 24, "%": 1.0}}}, "10": {"num": 47, "community_belong": {"2": {"num": 3, "%": 0.06382978723404255}, "7": {"num": 44, "%": 0.9361702127659575}}}, "11": {"num": 26, "community_belong": {"18": {"num": 26, "%": 1.0}}}, "12": {"num": 67, "community_belong": {"0": {"num": 3, "%": 0.04477611940298507}, "1": {"num": 47, "%": 0.7014925373134329}, "2": {"num": 2, "%": 0.029850746268656716}, "4": {"num": 1, "%": 0.014925373134328358}, "8": {"num": 1, "%": 0.014925373134328358}, "13": {"num": 2, "%": 0.029850746268656716}, "14": {"num": 2, "%": 0.029850746268656716}, "19": {"num": 6, "%": 0.08955223880597014}, "20": {"num": 3, "%": 0.04477611940298507}}}, "13": {"num": 2, "community_belong": {"18": {"num": 2, "%": 1.0}}}, "14": {"num": 20, "community_belong": {"6": {"num": 1, "%": 0.05}, "18": {"num": 14, "%": 0.7}, "28": {"num": 1, "%": 0.05}, "30": {"num": 4, "%": 0.2}}}, "15": {"num": 38, "community_belong": {"15": {"num": 33, "%": 0.868421052631579}, "18": {"num": 4, "%": 0.10526315789473684}, "23": {"num": 1, "%": 0.02631578947368421}}}, "16": {"num": 34, "community_belong": {"0": {"num": 1, "%": 0.029411764705882353}, "1": {"num": 3, "%": 0.08823529411764706}, "4": {"num": 5, "%": 0.14705882352941177}, "6": {"num": 1, "%": 0.029411764705882353}, "14": {"num": 23, "%": 0.6764705882352942}, "16": {"num": 1, "%": 0.029411764705882353}}}, "17": {"num": 2, "community_belong": {"27": {"num": 2, "%": 1.0}}}, "18": {"num": 3, "community_belong": {"14": {"num": 3, "%": 1.0}}}, "19": {"num": 2, "community_belong": {"12": {"num": 2, "%": 1.0}}}, "20": {"num": 2, "community_belong": {"32": {"num": 2, "%": 1.0}}}, "21": {"num": 10, "community_belong": {"21": {"num": 10, "%": 1.0}}}, "22": {"num": 5, "community_belong": {"2": {"num": 2, "%": 0.4}, "18": {"num": 3, "%": 0.6}}}, "23": {"num": 3, "community_belong": {"28": {"num": 3, "%": 1.0}}}, "24": {"num": 2, "community_belong": {"18": {"num": 2, "%": 1.0}}}, "25": {"num": 3, "community_belong": {"26": {"num": 3, "%": 1.0}}}, "26": {"num": 2, "community_belong": {"29": {"num": 2, "%": 1.0}}}, "27": {"num": 2, "community_belong": {"18": {"num": 2, "%": 1.0}}}, "28": {"num": 2, "community_belong": {"32": {"num": 2, "%": 1.0}}}, "29": {"num": 2, "community_belong": {"2": {"num": 2, "%": 1.0}}}, "30": {"num": 4, "community_belong": {"8": {"num": 4, "%": 1.0}}}, "31": {"num": 2, "community_belong": {"0": {"num": 2, "%": 1.0}}}, "32": {"num": 2, "community_belong": {"2": {"num": 2, "%": 1.0}}}, "33": {"num": 2, "community_belong": {"11": {"num": 2, "%": 1.0}}}, "34": {"num": 2, "community_belong": {"11": {"num": 2, "%": 1.0}}}}