{"0": {"num": 1478, "community_belong": {"0": {"num": 18, "%": 0.012178619756427604}, "1": {"num": 1089, "%": 0.7368064952638701}, "2": {"num": 18, "%": 0.012178619756427604}, "3": {"num": 8, "%": 0.005412719891745603}, "4": {"num": 12, "%": 0.008119079837618403}, "6": {"num": 3, "%": 0.0020297699594046007}, "8": {"num": 71, "%": 0.04803788903924222}, "10": {"num": 6, "%": 0.0040595399188092015}, "11": {"num": 3, "%": 0.0020297699594046007}, "13": {"num": 46, "%": 0.03112313937753721}, "14": {"num": 43, "%": 0.029093369418132613}, "16": {"num": 58, "%": 0.03924221921515562}, "17": {"num": 86, "%": 0.058186738836265225}, "19": {"num": 5, "%": 0.0033829499323410014}, "20": {"num": 1, "%": 0.0006765899864682003}, "21": {"num": 1, "%": 0.0006765899864682003}, "25": {"num": 10, "%": 0.006765899864682003}}}, "1": {"num": 326, "community_belong": {"0": {"num": 2, "%": 0.006134969325153374}, "2": {"num": 4, "%": 0.012269938650306749}, "4": {"num": 2, "%": 0.006134969325153374}, "6": {"num": 292, "%": 0.8957055214723927}, "8": {"num": 5, "%": 0.015337423312883436}, "10": {"num": 6, "%": 0.018404907975460124}, "11": {"num": 11, "%": 0.03374233128834356}, "13": {"num": 2, "%": 0.006134969325153374}, "18": {"num": 1, "%": 0.003067484662576687}, "24": {"num": 1, "%": 0.003067484662576687}}}, "2": {"num": 503, "community_belong": {"0": {"num": 63, "%": 0.12524850894632206}, "1": {"num": 68, "%": 0.13518886679920478}, "2": {"num": 49, "%": 0.09741550695825049}, "3": {"num": 9, "%": 0.017892644135188866}, "4": {"num": 67, "%": 0.13320079522862824}, "5": {"num": 1, "%": 0.0019880715705765406}, "6": {"num": 2, "%": 0.003976143141153081}, "8": {"num": 77, "%": 0.15308151093439365}, "10": {"num": 25, "%": 0.04970178926441352}, "11": {"num": 2, "%": 0.003976143141153081}, "13": {"num": 31, "%": 0.061630218687872766}, "14": {"num": 78, "%": 0.1550695825049702}, "16": {"num": 19, "%": 0.03777335984095427}, "17": {"num": 7, "%": 0.013916500994035786}, "18": {"num": 2, "%": 0.003976143141153081}, "25": {"num": 3, "%": 0.005964214711729622}}}, "3": {"num": 784, "community_belong": {"0": {"num": 2, "%": 0.002551020408163265}, "1": {"num": 3, "%": 0.003826530612244898}, "2": {"num": 616, "%": 0.7857142857142857}, "8": {"num": 3, "%": 0.003826530612244898}, "9": {"num": 8, "%": 0.01020408163265306}, "11": {"num": 9, "%": 0.011479591836734694}, "12": {"num": 7, "%": 0.008928571428571428}, "15": {"num": 109, "%": 0.13903061224489796}, "16": {"num": 1, "%": 0.0012755102040816326}, "18": {"num": 4, "%": 0.00510204081632653}, "21": {"num": 2, "%": 0.002551020408163265}, "23": {"num": 2, "%": 0.002551020408163265}, "24": {"num": 7, "%": 0.008928571428571428}, "26": {"num": 3, "%": 0.003826530612244898}, "27": {"num": 3, "%": 0.003826530612244898}, "29": {"num": 1, "%": 0.0012755102040816326}, "32": {"num": 4, "%": 0.00510204081632653}}}, "4": {"num": 46, "community_belong": {"0": {"num": 45, "%": 0.9782608695652174}, "1": {"num": 1, "%": 0.021739130434782608}}}, "5": {"num": 26, "community_belong": {"5": {"num": 26, "%": 1.0}}}, "6": {"num": 286, "community_belong": {"0": {"num": 2, "%": 0.006993006993006993}, "1": {"num": 36, "%": 0.1258741258741259}, "2": {"num": 4, "%": 0.013986013986013986}, "4": {"num": 1, "%": 0.0034965034965034965}, "6": {"num": 15, "%": 0.05244755244755245}, "9": {"num": 6, "%": 0.02097902097902098}, "11": {"num": 155, "%": 0.541958041958042}, "12": {"num": 5, "%": 0.017482517482517484}, "15": {"num": 2, "%": 0.006993006993006993}, "18": {"num": 7, "%": 0.024475524475524476}, "28": {"num": 31, "%": 0.10839160839160839}, "29": {"num": 6, "%": 0.02097902097902098}, "30": {"num": 16, "%": 0.055944055944055944}}}, "7": {"num": 192, "community_belong": {"17": {"num": 1, "%": 0.005208333333333333}, "18": {"num": 69, "%": 0.359375}, "29": {"num": 118, "%": 0.6145833333333334}, "32": {"num": 4, "%": 0.020833333333333332}}}, "8": {"num": 63, "community_belong": {"2": {"num": 4, "%": 0.06349206349206349}, "9": {"num": 59, "%": 0.9365079365079365}}}, "9": {"num": 91, "community_belong": {"22": {"num": 91, "%": 1.0}}}, "10": {"num": 157, "community_belong": {"0": {"num": 7, "%": 0.044585987261146494}, "1": {"num": 1, "%": 0.006369426751592357}, "2": {"num": 5, "%": 0.03184713375796178}, "11": {"num": 13, "%": 0.08280254777070063}, "18": {"num": 83, "%": 0.5286624203821656}, "21": {"num": 35, "%": 0.2229299363057325}, "23": {"num": 5, "%": 0.03184713375796178}, "24": {"num": 6, "%": 0.03821656050955414}, "28": {"num": 1, "%": 0.006369426751592357}, "30": {"num": 1, "%": 0.006369426751592357}}}, "11": {"num": 7, "community_belong": {"32": {"num": 7, "%": 1.0}}}, "12": {"num": 136, "community_belong": {"7": {"num": 133, "%": 0.9779411764705882}, "11": {"num": 3, "%": 0.022058823529411766}}}, "13": {"num": 63, "community_belong": {"3": {"num": 63, "%": 1.0}}}, "14": {"num": 110, "community_belong": {"1": {"num": 12, "%": 0.10909090909090909}, "2": {"num": 5, "%": 0.045454545454545456}, "4": {"num": 2, "%": 0.01818181818181818}, "8": {"num": 88, "%": 0.8}, "13": {"num": 2, "%": 0.01818181818181818}, "22": {"num": 1, "%": 0.00909090909090909}}}, "15": {"num": 12, "community_belong": {"1": {"num": 1, "%": 0.08333333333333333}, "14": {"num": 8, "%": 0.6666666666666666}, "20": {"num": 3, "%": 0.25}}}, "16": {"num": 50, "community_belong": {"24": {"num": 50, "%": 1.0}}}, "17": {"num": 105, "community_belong": {"0": {"num": 2, "%": 0.01904761904761905}, "4": {"num": 103, "%": 0.9809523809523809}}}, "18": {"num": 9, "community_belong": {"1": {"num": 3, "%": 0.3333333333333333}, "31": {"num": 6, "%": 0.6666666666666666}}}, "19": {"num": 3, "community_belong": {"26": {"num": 3, "%": 1.0}}}, "20": {"num": 7, "community_belong": {"2": {"num": 1, "%": 0.14285714285714285}, "19": {"num": 6, "%": 0.8571428571428571}}}, "21": {"num": 3, "community_belong": {"23": {"num": 3, "%": 1.0}}}, "22": {"num": 5, "community_belong": {"4": {"num": 5, "%": 1.0}}}, "23": {"num": 3, "community_belong": {"2": {"num": 1, "%": 0.3333333333333333}, "8": {"num": 2, "%": 0.6666666666666666}}}, "24": {"num": 2, "community_belong": {"8": {"num": 2, "%": 1.0}}}, "25": {"num": 2, "community_belong": {"2": {"num": 2, "%": 1.0}}}}