{"0": {"num": 709, "community_belong": {"0": {"num": 1, "%": 0.0014104372355430183}, "1": {"num": 3, "%": 0.004231311706629055}, "2": {"num": 550, "%": 0.7757404795486601}, "4": {"num": 3, "%": 0.004231311706629055}, "9": {"num": 16, "%": 0.022566995768688293}, "11": {"num": 8, "%": 0.011283497884344146}, "12": {"num": 3, "%": 0.004231311706629055}, "15": {"num": 95, "%": 0.13399153737658676}, "18": {"num": 2, "%": 0.0028208744710860366}, "23": {"num": 1, "%": 0.0014104372355430183}, "24": {"num": 16, "%": 0.022566995768688293}, "26": {"num": 3, "%": 0.004231311706629055}, "27": {"num": 2, "%": 0.0028208744710860366}, "29": {"num": 1, "%": 0.0014104372355430183}, "32": {"num": 5, "%": 0.007052186177715092}}}, "1": {"num": 477, "community_belong": {"0": {"num": 26, "%": 0.05450733752620545}, "1": {"num": 83, "%": 0.1740041928721174}, "2": {"num": 53, "%": 0.1111111111111111}, "3": {"num": 2, "%": 0.0041928721174004195}, "4": {"num": 62, "%": 0.129979035639413}, "6": {"num": 3, "%": 0.006289308176100629}, "8": {"num": 117, "%": 0.24528301886792453}, "10": {"num": 14, "%": 0.029350104821802937}, "11": {"num": 2, "%": 0.0041928721174004195}, "13": {"num": 32, "%": 0.06708595387840671}, "14": {"num": 70, "%": 0.14675052410901468}, "16": {"num": 6, "%": 0.012578616352201259}, "17": {"num": 6, "%": 0.012578616352201259}, "25": {"num": 1, "%": 0.0020964360587002098}}}, "2": {"num": 325, "community_belong": {"2": {"num": 1, "%": 0.003076923076923077}, "4": {"num": 74, "%": 0.2276923076923077}, "6": {"num": 231, "%": 0.7107692307692308}, "8": {"num": 1, "%": 0.003076923076923077}, "10": {"num": 1, "%": 0.003076923076923077}, "11": {"num": 10, "%": 0.03076923076923077}, "13": {"num": 3, "%": 0.009230769230769232}, "22": {"num": 1, "%": 0.003076923076923077}, "24": {"num": 2, "%": 0.006153846153846154}, "29": {"num": 1, "%": 0.003076923076923077}}}, "3": {"num": 143, "community_belong": {"1": {"num": 1, "%": 0.006993006993006993}, "2": {"num": 5, "%": 0.03496503496503497}, "7": {"num": 84, "%": 0.5874125874125874}, "9": {"num": 53, "%": 0.3706293706293706}}}, "4": {"num": 1260, "community_belong": {"0": {"num": 15, "%": 0.011904761904761904}, "1": {"num": 943, "%": 0.7484126984126984}, "2": {"num": 12, "%": 0.009523809523809525}, "3": {"num": 6, "%": 0.004761904761904762}, "4": {"num": 15, "%": 0.011904761904761904}, "5": {"num": 1, "%": 0.0007936507936507937}, "6": {"num": 2, "%": 0.0015873015873015873}, "7": {"num": 5, "%": 0.003968253968253968}, "8": {"num": 80, "%": 0.06349206349206349}, "10": {"num": 4, "%": 0.0031746031746031746}, "11": {"num": 6, "%": 0.004761904761904762}, "13": {"num": 23, "%": 0.018253968253968255}, "14": {"num": 31, "%": 0.024603174603174603}, "16": {"num": 41, "%": 0.03253968253968254}, "17": {"num": 64, "%": 0.050793650793650794}, "19": {"num": 12, "%": 0.009523809523809525}}}, "5": {"num": 37, "community_belong": {"0": {"num": 1, "%": 0.02702702702702703}, "1": {"num": 2, "%": 0.05405405405405406}, "5": {"num": 8, "%": 0.21621621621621623}, "16": {"num": 26, "%": 0.7027027027027027}}}, "6": {"num": 232, "community_belong": {"2": {"num": 2, "%": 0.008620689655172414}, "6": {"num": 32, "%": 0.13793103448275862}, "7": {"num": 42, "%": 0.1810344827586207}, "11": {"num": 127, "%": 0.5474137931034483}, "18": {"num": 3, "%": 0.01293103448275862}, "28": {"num": 11, "%": 0.04741379310344827}, "30": {"num": 15, "%": 0.06465517241379311}}}, "7": {"num": 153, "community_belong": {"10": {"num": 4, "%": 0.026143790849673203}, "15": {"num": 2, "%": 0.013071895424836602}, "18": {"num": 128, "%": 0.8366013071895425}, "28": {"num": 12, "%": 0.0784313725490196}, "29": {"num": 7, "%": 0.0457516339869281}}}, "8": {"num": 132, "community_belong": {"0": {"num": 78, "%": 0.5909090909090909}, "1": {"num": 4, "%": 0.030303030303030304}, "2": {"num": 3, "%": 0.022727272727272728}, "4": {"num": 1, "%": 0.007575757575757576}, "5": {"num": 14, "%": 0.10606060606060606}, "6": {"num": 1, "%": 0.007575757575757576}, "10": {"num": 5, "%": 0.03787878787878788}, "11": {"num": 1, "%": 0.007575757575757576}, "13": {"num": 7, "%": 0.05303030303030303}, "23": {"num": 2, "%": 0.015151515151515152}, "24": {"num": 8, "%": 0.06060606060606061}, "25": {"num": 8, "%": 0.06060606060606061}}}, "9": {"num": 13, "community_belong": {"1": {"num": 10, "%": 0.7692307692307693}, "5": {"num": 1, "%": 0.07692307692307693}, "31": {"num": 2, "%": 0.15384615384615385}}}, "10": {"num": 28, "community_belong": {"24": {"num": 28, "%": 1.0}}}, "11": {"num": 95, "community_belong": {"22": {"num": 95, "%": 1.0}}}, "12": {"num": 54, "community_belong": {"0": {"num": 1, "%": 0.018518518518518517}, "1": {"num": 2, "%": 0.037037037037037035}, "3": {"num": 47, "%": 0.8703703703703703}, "14": {"num": 4, "%": 0.07407407407407407}}}, "13": {"num": 16, "community_belong": {"8": {"num": 16, "%": 1.0}}}, "14": {"num": 21, "community_belong": {"18": {"num": 13, "%": 0.6190476190476191}, "23": {"num": 8, "%": 0.38095238095238093}}}, "15": {"num": 115, "community_belong": {"18": {"num": 13, "%": 0.11304347826086956}, "29": {"num": 102, "%": 0.8869565217391304}}}, "16": {"num": 45, "community_belong": {"21": {"num": 45, "%": 1.0}}}, "17": {"num": 4, "community_belong": {"33": {"num": 4, "%": 1.0}}}, "18": {"num": 2, "community_belong": {"4": {"num": 2, "%": 1.0}}}, "19": {"num": 3, "community_belong": {"11": {"num": 3, "%": 1.0}}}, "20": {"num": 2, "community_belong": {"0": {"num": 2, "%": 1.0}}}, "21": {"num": 13, "community_belong": {"1": {"num": 2, "%": 0.15384615384615385}, "14": {"num": 6, "%": 0.46153846153846156}, "20": {"num": 5, "%": 0.38461538461538464}}}, "22": {"num": 3, "community_belong": {"14": {"num": 3, "%": 1.0}}}, "23": {"num": 5, "community_belong": {"4": {"num": 5, "%": 1.0}}}, "24": {"num": 6, "community_belong": {"8": {"num": 6, "%": 1.0}}}, "25": {"num": 8, "community_belong": {"12": {"num": 8, "%": 1.0}}}, "26": {"num": 3, "community_belong": {"32": {"num": 3, "%": 1.0}}}, "27": {"num": 2, "community_belong": {"8": {"num": 2, "%": 1.0}}}, "28": {"num": 4, "community_belong": {"8": {"num": 4, "%": 1.0}}}}