{"0": {"num": 240, "community_belong": {"1": {"num": 1, "%": 0.004166666666666667}, "2": {"num": 154, "%": 0.6416666666666667}, "8": {"num": 2, "%": 0.008333333333333333}, "9": {"num": 15, "%": 0.0625}, "11": {"num": 7, "%": 0.029166666666666667}, "15": {"num": 33, "%": 0.1375}, "18": {"num": 6, "%": 0.025}, "23": {"num": 4, "%": 0.016666666666666666}, "24": {"num": 14, "%": 0.058333333333333334}, "29": {"num": 1, "%": 0.004166666666666667}, "30": {"num": 1, "%": 0.004166666666666667}, "32": {"num": 2, "%": 0.008333333333333333}}}, "1": {"num": 40, "community_belong": {"29": {"num": 40, "%": 1.0}}}, "2": {"num": 341, "community_belong": {"0": {"num": 7, "%": 0.020527859237536656}, "1": {"num": 210, "%": 0.6158357771260997}, "2": {"num": 7, "%": 0.020527859237536656}, "4": {"num": 7, "%": 0.020527859237536656}, "5": {"num": 4, "%": 0.011730205278592375}, "6": {"num": 3, "%": 0.008797653958944282}, "7": {"num": 2, "%": 0.005865102639296188}, "8": {"num": 48, "%": 0.14076246334310852}, "10": {"num": 2, "%": 0.005865102639296188}, "13": {"num": 4, "%": 0.011730205278592375}, "14": {"num": 20, "%": 0.05865102639296188}, "16": {"num": 13, "%": 0.03812316715542522}, "17": {"num": 7, "%": 0.020527859237536656}, "20": {"num": 2, "%": 0.005865102639296188}, "25": {"num": 3, "%": 0.008797653958944282}, "28": {"num": 2, "%": 0.005865102639296188}}}, "3": {"num": 3, "community_belong": {"9": {"num": 3, "%": 1.0}}}, "4": {"num": 146, "community_belong": {"0": {"num": 4, "%": 0.0273972602739726}, "1": {"num": 28, "%": 0.1917808219178082}, "2": {"num": 19, "%": 0.13013698630136986}, "3": {"num": 2, "%": 0.0136986301369863}, "4": {"num": 35, "%": 0.23972602739726026}, "6": {"num": 4, "%": 0.0273972602739726}, "8": {"num": 22, "%": 0.1506849315068493}, "10": {"num": 2, "%": 0.0136986301369863}, "13": {"num": 5, "%": 0.03424657534246575}, "14": {"num": 11, "%": 0.07534246575342465}, "15": {"num": 1, "%": 0.00684931506849315}, "16": {"num": 2, "%": 0.0136986301369863}, "17": {"num": 11, "%": 0.07534246575342465}}}, "5": {"num": 64, "community_belong": {"0": {"num": 1, "%": 0.015625}, "6": {"num": 59, "%": 0.921875}, "11": {"num": 3, "%": 0.046875}, "28": {"num": 1, "%": 0.015625}}}, "6": {"num": 100, "community_belong": {"1": {"num": 10, "%": 0.1}, "2": {"num": 2, "%": 0.02}, "4": {"num": 1, "%": 0.01}, "6": {"num": 9, "%": 0.09}, "7": {"num": 26, "%": 0.26}, "11": {"num": 40, "%": 0.4}, "13": {"num": 1, "%": 0.01}, "18": {"num": 2, "%": 0.02}, "28": {"num": 4, "%": 0.04}, "30": {"num": 5, "%": 0.05}}}, "7": {"num": 6, "community_belong": {"8": {"num": 2, "%": 0.3333333333333333}, "9": {"num": 4, "%": 0.6666666666666666}}}, "8": {"num": 23, "community_belong": {"2": {"num": 1, "%": 0.043478260869565216}, "22": {"num": 22, "%": 0.9565217391304348}}}, "9": {"num": 2, "community_belong": {"28": {"num": 2, "%": 1.0}}}, "10": {"num": 108, "community_belong": {"0": {"num": 28, "%": 0.25925925925925924}, "1": {"num": 34, "%": 0.3148148148148148}, "2": {"num": 1, "%": 0.009259259259259259}, "3": {"num": 9, "%": 0.08333333333333333}, "4": {"num": 5, "%": 0.046296296296296294}, "5": {"num": 6, "%": 0.05555555555555555}, "8": {"num": 1, "%": 0.009259259259259259}, "10": {"num": 3, "%": 0.027777777777777776}, "13": {"num": 7, "%": 0.06481481481481481}, "14": {"num": 5, "%": 0.046296296296296294}, "16": {"num": 4, "%": 0.037037037037037035}, "18": {"num": 1, "%": 0.009259259259259259}, "19": {"num": 1, "%": 0.009259259259259259}, "21": {"num": 2, "%": 0.018518518518518517}, "24": {"num": 1, "%": 0.009259259259259259}}}, "11": {"num": 3, "community_belong": {"15": {"num": 3, "%": 1.0}}}, "12": {"num": 4, "community_belong": {"18": {"num": 4, "%": 1.0}}}, "13": {"num": 2, "community_belong": {"6": {"num": 2, "%": 1.0}}}, "14": {"num": 9, "community_belong": {"21": {"num": 9, "%": 1.0}}}, "15": {"num": 2, "community_belong": {"31": {"num": 2, "%": 1.0}}}, "16": {"num": 2, "community_belong": {"18": {"num": 2, "%": 1.0}}}, "17": {"num": 4, "community_belong": {"18": {"num": 4, "%": 1.0}}}, "18": {"num": 2, "community_belong": {"18": {"num": 2, "%": 1.0}}}, "19": {"num": 3, "community_belong": {"18": {"num": 3, "%": 1.0}}}, "20": {"num": 5, "community_belong": {"18": {"num": 5, "%": 1.0}}}, "21": {"num": 2, "community_belong": {"7": {"num": 2, "%": 1.0}}}, "22": {"num": 2, "community_belong": {"18": {"num": 2, "%": 1.0}}}, "23": {"num": 2, "community_belong": {"2": {"num": 2, "%": 1.0}}}, "24": {"num": 2, "community_belong": {"22": {"num": 2, "%": 1.0}}}}