{"0": {"num": 691, "community_belong": {"0": {"num": 15, "%": 0.02170767004341534}, "1": {"num": 47, "%": 0.06801736613603473}, "2": {"num": 32, "%": 0.04630969609261939}, "3": {"num": 8, "%": 0.011577424023154847}, "4": {"num": 12, "%": 0.017366136034732273}, "5": {"num": 4, "%": 0.005788712011577424}, "6": {"num": 26, "%": 0.03762662807525326}, "7": {"num": 3, "%": 0.004341534008683068}, "8": {"num": 3, "%": 0.004341534008683068}, "9": {"num": 2, "%": 0.002894356005788712}, "10": {"num": 2, "%": 0.002894356005788712}, "11": {"num": 11, "%": 0.015918958031837915}, "12": {"num": 1, "%": 0.001447178002894356}, "13": {"num": 2, "%": 0.002894356005788712}, "14": {"num": 7, "%": 0.010130246020260492}, "15": {"num": 4, "%": 0.005788712011577424}, "16": {"num": 1, "%": 0.001447178002894356}, "17": {"num": 2, "%": 0.002894356005788712}, "18": {"num": 7, "%": 0.010130246020260492}, "22": {"num": 9, "%": 0.013024602026049204}, "23": {"num": 1, "%": 0.001447178002894356}, "24": {"num": 5, "%": 0.00723589001447178}, "28": {"num": 1, "%": 0.001447178002894356}, "29": {"num": 10, "%": 0.01447178002894356}, "32": {"num": 1, "%": 0.001447178002894356}}}, "1": {"num": 279, "community_belong": {"0": {"num": 19, "%": 0.06810035842293907}, "1": {"num": 15, "%": 0.053763440860215055}, "2": {"num": 16, "%": 0.05734767025089606}, "3": {"num": 7, "%": 0.025089605734767026}, "4": {"num": 1, "%": 0.0035842293906810036}, "5": {"num": 2, "%": 0.007168458781362007}, "6": {"num": 10, "%": 0.035842293906810034}, "7": {"num": 2, "%": 0.007168458781362007}, "8": {"num": 5, "%": 0.017921146953405017}, "9": {"num": 2, "%": 0.007168458781362007}, "10": {"num": 1, "%": 0.0035842293906810036}, "11": {"num": 7, "%": 0.025089605734767026}, "12": {"num": 1, "%": 0.0035842293906810036}, "14": {"num": 3, "%": 0.010752688172043012}, "15": {"num": 1, "%": 0.0035842293906810036}, "17": {"num": 4, "%": 0.014336917562724014}, "18": {"num": 1, "%": 0.0035842293906810036}, "22": {"num": 1, "%": 0.0035842293906810036}, "23": {"num": 2, "%": 0.007168458781362007}, "24": {"num": 4, "%": 0.014336917562724014}, "28": {"num": 2, "%": 0.007168458781362007}, "29": {"num": 4, "%": 0.014336917562724014}}}, "2": {"num": 22, "community_belong": {"0": {"num": 3, "%": 0.13636363636363635}, "1": {"num": 3, "%": 0.13636363636363635}, "2": {"num": 1, "%": 0.045454545454545456}, "4": {"num": 1, "%": 0.045454545454545456}, "7": {"num": 2, "%": 0.09090909090909091}}}, "3": {"num": 432, "community_belong": {"0": {"num": 9, "%": 0.020833333333333332}, "1": {"num": 55, "%": 0.12731481481481483}, "2": {"num": 16, "%": 0.037037037037037035}, "3": {"num": 7, "%": 0.016203703703703703}, "4": {"num": 6, "%": 0.013888888888888888}, "5": {"num": 10, "%": 0.023148148148148147}, "6": {"num": 15, "%": 0.034722222222222224}, "7": {"num": 5, "%": 0.011574074074074073}, "8": {"num": 8, "%": 0.018518518518518517}, "9": {"num": 4, "%": 0.009259259259259259}, "10": {"num": 1, "%": 0.0023148148148148147}, "11": {"num": 7, "%": 0.016203703703703703}, "12": {"num": 1, "%": 0.0023148148148148147}, "13": {"num": 4, "%": 0.009259259259259259}, "14": {"num": 5, "%": 0.011574074074074073}, "15": {"num": 4, "%": 0.009259259259259259}, "17": {"num": 3, "%": 0.006944444444444444}, "18": {"num": 7, "%": 0.016203703703703703}, "21": {"num": 2, "%": 0.004629629629629629}, "22": {"num": 3, "%": 0.006944444444444444}, "24": {"num": 1, "%": 0.0023148148148148147}, "28": {"num": 1, "%": 0.0023148148148148147}, "29": {"num": 8, "%": 0.018518518518518517}, "30": {"num": 2, "%": 0.004629629629629629}, "32": {"num": 2, "%": 0.004629629629629629}}}, "4": {"num": 144, "community_belong": {"0": {"num": 2, "%": 0.013888888888888888}, "1": {"num": 9, "%": 0.0625}, "2": {"num": 5, "%": 0.034722222222222224}, "3": {"num": 1, "%": 0.006944444444444444}, "4": {"num": 2, "%": 0.013888888888888888}, "5": {"num": 1, "%": 0.006944444444444444}, "6": {"num": 12, "%": 0.08333333333333333}, "7": {"num": 1, "%": 0.006944444444444444}, "8": {"num": 2, "%": 0.013888888888888888}, "11": {"num": 1, "%": 0.006944444444444444}, "14": {"num": 1, "%": 0.006944444444444444}, "16": {"num": 2, "%": 0.013888888888888888}, "17": {"num": 1, "%": 0.006944444444444444}, "18": {"num": 3, "%": 0.020833333333333332}, "22": {"num": 11, "%": 0.0763888888888889}, "23": {"num": 1, "%": 0.006944444444444444}, "24": {"num": 2, "%": 0.013888888888888888}, "28": {"num": 1, "%": 0.006944444444444444}, "29": {"num": 1, "%": 0.006944444444444444}}}, "5": {"num": 33, "community_belong": {"0": {"num": 1, "%": 0.030303030303030304}, "1": {"num": 2, "%": 0.06060606060606061}, "2": {"num": 2, "%": 0.06060606060606061}, "3": {"num": 3, "%": 0.09090909090909091}, "7": {"num": 1, "%": 0.030303030303030304}, "11": {"num": 2, "%": 0.06060606060606061}, "14": {"num": 1, "%": 0.030303030303030304}, "25": {"num": 1, "%": 0.030303030303030304}}}, "6": {"num": 224, "community_belong": {"0": {"num": 4, "%": 0.017857142857142856}, "1": {"num": 25, "%": 0.11160714285714286}, "2": {"num": 15, "%": 0.06696428571428571}, "3": {"num": 9, "%": 0.04017857142857143}, "4": {"num": 6, "%": 0.026785714285714284}, "6": {"num": 14, "%": 0.0625}, "7": {"num": 3, "%": 0.013392857142857142}, "8": {"num": 5, "%": 0.022321428571428572}, "9": {"num": 3, "%": 0.013392857142857142}, "11": {"num": 6, "%": 0.026785714285714284}, "12": {"num": 1, "%": 0.004464285714285714}, "13": {"num": 2, "%": 0.008928571428571428}, "14": {"num": 3, "%": 0.013392857142857142}, "18": {"num": 4, "%": 0.017857142857142856}, "19": {"num": 1, "%": 0.004464285714285714}, "21": {"num": 2, "%": 0.008928571428571428}, "22": {"num": 6, "%": 0.026785714285714284}, "23": {"num": 1, "%": 0.004464285714285714}, "24": {"num": 1, "%": 0.004464285714285714}, "29": {"num": 3, "%": 0.013392857142857142}, "30": {"num": 1, "%": 0.004464285714285714}}}, "7": {"num": 60, "community_belong": {"0": {"num": 2, "%": 0.03333333333333333}, "1": {"num": 8, "%": 0.13333333333333333}, "4": {"num": 1, "%": 0.016666666666666666}, "6": {"num": 4, "%": 0.06666666666666667}, "7": {"num": 1, "%": 0.016666666666666666}, "8": {"num": 1, "%": 0.016666666666666666}, "17": {"num": 1, "%": 0.016666666666666666}, "29": {"num": 1, "%": 0.016666666666666666}}}, "8": {"num": 61, "community_belong": {"0": {"num": 1, "%": 0.01639344262295082}, "1": {"num": 4, "%": 0.06557377049180328}, "2": {"num": 1, "%": 0.01639344262295082}, "3": {"num": 4, "%": 0.06557377049180328}, "4": {"num": 1, "%": 0.01639344262295082}, "6": {"num": 1, "%": 0.01639344262295082}, "7": {"num": 3, "%": 0.04918032786885246}, "8": {"num": 2, "%": 0.03278688524590164}, "10": {"num": 1, "%": 0.01639344262295082}, "11": {"num": 2, "%": 0.03278688524590164}, "15": {"num": 1, "%": 0.01639344262295082}, "16": {"num": 1, "%": 0.01639344262295082}, "22": {"num": 1, "%": 0.01639344262295082}, "29": {"num": 1, "%": 0.01639344262295082}}}, "9": {"num": 118, "community_belong": {"0": {"num": 1, "%": 0.00847457627118644}, "1": {"num": 7, "%": 0.059322033898305086}, "2": {"num": 9, "%": 0.07627118644067797}, "3": {"num": 2, "%": 0.01694915254237288}, "4": {"num": 2, "%": 0.01694915254237288}, "6": {"num": 24, "%": 0.2033898305084746}, "7": {"num": 2, "%": 0.01694915254237288}, "9": {"num": 1, "%": 0.00847457627118644}, "11": {"num": 3, "%": 0.025423728813559324}, "14": {"num": 1, "%": 0.00847457627118644}, "15": {"num": 2, "%": 0.01694915254237288}, "16": {"num": 2, "%": 0.01694915254237288}, "17": {"num": 1, "%": 0.00847457627118644}, "18": {"num": 1, "%": 0.00847457627118644}, "22": {"num": 7, "%": 0.059322033898305086}, "23": {"num": 1, "%": 0.00847457627118644}, "24": {"num": 3, "%": 0.025423728813559324}, "29": {"num": 1, "%": 0.00847457627118644}}}, "10": {"num": 44, "community_belong": {"1": {"num": 9, "%": 0.20454545454545456}, "2": {"num": 1, "%": 0.022727272727272728}, "4": {"num": 5, "%": 0.11363636363636363}, "7": {"num": 5, "%": 0.11363636363636363}, "8": {"num": 1, "%": 0.022727272727272728}, "13": {"num": 1,