{"0": {"num": 45, "community_belong": {"1": {"num": 21, "%": 0.4666666666666667}, "2": {"num": 12, "%": 0.26666666666666666}, "6": {"num": 1, "%": 0.022222222222222223}, "8": {"num": 9, "%": 0.2}, "13": {"num": 2, "%": 0.044444444444444446}}}, "1": {"num": 209, "community_belong": {"0": {"num": 3, "%": 0.014354066985645933}, "1": {"num": 35, "%": 0.1674641148325359}, "2": {"num": 16, "%": 0.07655502392344497}, "3": {"num": 1, "%": 0.004784688995215311}, "4": {"num": 5, "%": 0.023923444976076555}, "6": {"num": 5, "%": 0.023923444976076555}, "7": {"num": 1, "%": 0.004784688995215311}, "8": {"num": 112, "%": 0.5358851674641149}, "10": {"num": 4, "%": 0.019138755980861243}, "11": {"num": 3, "%": 0.014354066985645933}, "13": {"num": 3, "%": 0.014354066985645933}, "14": {"num": 6, "%": 0.028708133971291867}, "15": {"num": 1, "%": 0.004784688995215311}, "16": {"num": 4, "%": 0.019138755980861243}, "17": {"num": 5, "%": 0.023923444976076555}, "18": {"num": 1, "%": 0.004784688995215311}, "19": {"num": 1, "%": 0.004784688995215311}, "22": {"num": 1, "%": 0.004784688995215311}, "25": {"num": 2, "%": 0.009569377990430622}}}, "2": {"num": 37, "community_belong": {"0": {"num": 4, "%": 0.10810810810810811}, "1": {"num": 2, "%": 0.05405405405405406}, "2": {"num": 8, "%": 0.21621621621621623}, "4": {"num": 13, "%": 0.35135135135135137}, "6": {"num": 6, "%": 0.16216216216216217}, "10": {"num": 1, "%": 0.02702702702702703}, "13": {"num": 1, "%": 0.02702702702702703}, "14": {"num": 2, "%": 0.05405405405405406}}}, "3": {"num": 200, "community_belong": {"0": {"num": 2, "%": 0.01}, "1": {"num": 21, "%": 0.105}, "2": {"num": 102, "%": 0.51}, "3": {"num": 2, "%": 0.01}, "4": {"num": 26, "%": 0.13}, "6": {"num": 10, "%": 0.05}, "8": {"num": 6, "%": 0.03}, "10": {"num": 2, "%": 0.01}, "11": {"num": 6, "%": 0.03}, "13": {"num": 3, "%": 0.015}, "14": {"num": 2, "%": 0.01}, "15": {"num": 5, "%": 0.025}, "16": {"num": 2, "%": 0.01}, "17": {"num": 3, "%": 0.015}, "22": {"num": 3, "%": 0.015}, "24": {"num": 3, "%": 0.015}, "30": {"num": 2, "%": 0.01}}}, "4": {"num": 33, "community_belong": {"1": {"num": 1, "%": 0.030303030303030304}, "2": {"num": 17, "%": 0.5151515151515151}, "6": {"num": 1, "%": 0.030303030303030304}, "7": {"num": 1, "%": 0.030303030303030304}, "9": {"num": 7, "%": 0.21212121212121213}, "11": {"num": 1, "%": 0.030303030303030304}, "18": {"num": 1, "%": 0.030303030303030304}, "24": {"num": 1, "%": 0.030303030303030304}, "28": {"num": 1, "%": 0.030303030303030304}, "29": {"num": 2, "%": 0.06060606060606061}}}, "5": {"num": 34, "community_belong": {"2": {"num": 1, "%": 0.029411764705882353}, "7": {"num": 31, "%": 0.9117647058823529}, "11": {"num": 2, "%": 0.058823529411764705}}}}