{"0": {"num": 122, "community_belong": {"0": {"num": 9, "%": 0.07377049180327869}, "1": {"num": 61, "%": 0.5}, "2": {"num": 17, "%": 0.13934426229508196}, "4": {"num": 7, "%": 0.05737704918032787}, "6": {"num": 8, "%": 0.06557377049180328}, "7": {"num": 1, "%": 0.00819672131147541}, "8": {"num": 6, "%": 0.04918032786885246}, "10": {"num": 4, "%": 0.03278688524590164}, "13": {"num": 1, "%": 0.00819672131147541}, "14": {"num": 3, "%": 0.02459016393442623}, "15": {"num": 1, "%": 0.00819672131147541}, "19": {"num": 1, "%": 0.00819672131147541}, "20": {"num": 1, "%": 0.00819672131147541}, "24": {"num": 1, "%": 0.00819672131147541}, "25": {"num": 1, "%": 0.00819672131147541}}}, "1": {"num": 201, "community_belong": {"0": {"num": 6, "%": 0.029850746268656716}, "1": {"num": 31, "%": 0.15422885572139303}, "2": {"num": 23, "%": 0.11442786069651742}, "4": {"num": 9, "%": 0.04477611940298507}, "5": {"num": 1, "%": 0.004975124378109453}, "6": {"num": 5, "%": 0.024875621890547265}, "7": {"num": 1, "%": 0.004975124378109453}, "8": {"num": 15, "%": 0.07462686567164178}, "10": {"num": 1, "%": 0.004975124378109453}, "11": {"num": 3, "%": 0.014925373134328358}, "13": {"num": 5, "%": 0.024875621890547265}, "14": {"num": 90, "%": 0.44776119402985076}, "16": {"num": 1, "%": 0.004975124378109453}, "17": {"num": 6, "%": 0.029850746268656716}, "18": {"num": 1, "%": 0.004975124378109453}, "19": {"num": 1, "%": 0.004975124378109453}, "22": {"num": 1, "%": 0.004975124378109453}, "28": {"num": 1, "%": 0.004975124378109453}}}, "2": {"num": 334, "community_belong": {"0": {"num": 8, "%": 0.023952095808383235}, "1": {"num": 8, "%": 0.023952095808383235}, "2": {"num": 274, "%": 0.8203592814371258}, "4": {"num": 3, "%": 0.008982035928143712}, "6": {"num": 2, "%": 0.005988023952095809}, "8": {"num": 1, "%": 0.0029940119760479044}, "9": {"num": 13, "%": 0.038922155688622756}, "11": {"num": 3, "%": 0.008982035928143712}, "12": {"num": 1, "%": 0.0029940119760479044}, "13": {"num": 1, "%": 0.0029940119760479044}, "14": {"num": 2, "%": 0.005988023952095809}, "15": {"num": 8, "%": 0.023952095808383235}, "16": {"num": 1, "%": 0.0029940119760479044}, "17": {"num": 1, "%": 0.0029940119760479044}, "18": {"num": 1, "%": 0.0029940119760479044}, "21": {"num": 3, "%": 0.008982035928143712}, "23": {"num": 1, "%": 0.0029940119760479044}, "24": {"num": 2, "%": 0.005988023952095809}, "30": {"num": 1, "%": 0.0029940119760479044}}}, "3": {"num": 104, "community_belong": {"2": {"num": 79, "%": 0.7596153846153846}, "6": {"num": 2, "%": 0.019230769230769232}, "9": {"num": 1, "%": 0.009615384615384616}, "11": {"num": 5, "%": 0.04807692307692308}, "15": {"num": 1, "%": 0.009615384615384616}, "18": {"num": 2, "%": 0.019230769230769232}, "21": {"num": 4, "%": 0.038461538461538464}, "23": {"num": 1, "%": 0.009615384615384616}, "24": {"num": 2, "%": 0.019230769230769232}, "26": {"num": 1, "%": 0.009615384615384616}, "27": {"num": 5, "%": 0.04807692307692308}, "28": {"num": 1, "%": 0.009615384615384616}}}, "4": {"num": 81, "community_belong": {"0": {"num": 6, "%": 0.07407407407407407}, "1": {"num": 27, "%": 0.3333333333333333}, "2": {"num": 28, "%": 0.345679012345679}, "4": {"num": 6, "%": 0.07407407407407407}, "6": {"num": 2, "%": 0.024691358024691357}, "7": {"num": 2, "%": 0.024691358024691357}, "8": {"num": 2, "%": 0.024691358024691357}, "9": {"num": 1, "%": 0.012345679012345678}, "11": {"num": 4, "%": 0.04938271604938271}, "16": {"num": 1, "%": 0.012345679012345678}, "22": {"num": 1, "%": 0.012345679012345678}, "23": {"num": 1, "%": 0.012345679012345678}}}, "5": {"num": 55, "community_belong": {"0": {"num": 1, "%": 0.01818181818181818}, "1": {"num": 4, "%": 0.07272727272727272}, "2": {"num": 3, "%": 0.05454545454545454}, "4": {"num": 1, "%": 0.01818181818181818}, "7": {"num": 8, "%": 0.14545454545454545}, "11": {"num": 6, "%": 0.10909090909090909}, "14": {"num": 2, "%": 0.03636363636363636}, "16": {"num": 30, "%": 0.5454545454545454}}}, "6": {"num": 89, "community_belong": {"0": {"num": 2, "%": 0.02247191011235955}, "1": {"num": 51, "%": 0.5730337078651685}, "2": {"num": 3, "%": 0.033707865168539325}, "3": {"num": 3, "%": 0.033707865168539325}, "4": {"num": 13, "%": 0.14606741573033707}, "8": {"num": 6, "%": 0.06741573033707865}, "13": {"num": 2, "%": 0.02247191011235955}, "14": {"num": 2, "%": 0.02247191011235955}, "16": {"num": 1, "%": 0.011235955056179775}, "17": {"num": 6, "%": 0.06741573033707865}}}, "7": {"num": 89, "community_belong": {"1": {"num": 9, "%": 0.10112359550561797}, "2": {"num": 3, "%": 0.033707865168539325}, "3": {"num": 1, "%": 0.011235955056179775}, "4": {"num": 1, "%": 0.011235955056179775}, "6": {"num": 5, "%": 0.056179775280898875}, "8": {"num": 59, "%": 0.6629213483146067}, "11": {"num": 4, "%": 0.0449438202247191}, "13": {"num": 2, "%": 0.02247191011235955}, "14": {"num": 2, "%": 0.02247191011235955}, "16": {"num": 1, "%": 0.011235955056179775}, "22": {"num": 2, "%": 0.02247191011235955}}}, "8": {"num": 441, "community_belong": {"0": {"num": 18, "%": 0.04081632653061224}, "1": {"num": 287, "%": 0.6507936507936508}, "2": {"num": 9, "%": 0.02040816326530612}, "3": {"num": 7, "%": 0.015873015873015872}, "4": {"num": 8, "%": 0.018140589569160998}, "5": {"num": 6, "%": 0.013605442176870748}, "6": {"num": 11, "%": 0.024943310657596373}, "7": {"num": 8, "%": 0.018140589569160998}, "8": {"num": 16, "%": 0.036281179138321996}, "10": {"num": 5, "%": 0.011337868480725623}, "11": {"num": 19, "%": 0.04308390022675737}, "13": {"num": 7, "%": 0.015873015873015872}, "14": {"num": 4, "%": 0.009070294784580499}, "16": {"num": 9, "%": 0.02040816326530612}, "17": {"num": 15, "%": 0.034013605442176874}, "19": {"num": 2, "%": 0.0045351473922902496}, "20": {"num": 1, "%": 0.0022675736961451248}, "21": {"num": 1, "%": 0.0022675736961451248}, "22": {"num": 1, "%": 0.0022675736961451248}, "24": {"num": 1, "%": 0.0022675736961451248}, "28": {"num": 3, "%": 0.006802721088435374}, "29": {"num": 1, "%": 0.0022675736961451248}, "30": {"num": 2, "%": 0.0045351473922902496}}}, "9": {"num": 39, "community_belong": {"4": {"num": 1, "%": 0.02564102564102564}, "6": {"num": 1, "%": 0.02564102564102564}, "22": {"num": 37, "%": 0.9487179487179487}}}, "10": {"num": 70, "community_belong": {"0": {"num": 1, "%": 0.014285714285714285}, "2": {"num": 7, "%": 0.1}, "4": {"num": 52, "%": 0.7428571428571429}, "6": {"num": 9, "%": 0.12857142857142856}, "8": {"num": 1, "%": 0.014285714285714285}}}, "11": {"num": 26, "community_belong": {"0": {"num": 2, "%": 0.07692307692307693}, "11": {"num": 1, "%": 0.038461538461538464}, "14": {"num": 7, "%": 0.2692307692307692}, "24": {"num": 16, "%": 0.6153846153846154}}}, "12": {"num": 11, "community_belong": {"6": {"num": 11, "%": 1.0}}}, "13": {"num": 14, "community_belong": {"2": {"num": 14, "%": 1.0}}}}